address	size	section	extent
0x408830	38	.text	fde
0x408860	115	.text	fde
0x4088e0	2	.text	fde
0x4088f0	487	.text	fde
0x408ae0	71	.text	fde
0x408b30	71	.text	fde
0x408b80	218	.text	fde
0x408c60	177	.text	fde
0x408d20	26	.text	fde
0x408d40	26	.text	fde
0x408d60	185	.text	fde
0x408e20	177	.text	fde
0x408ee0	129	.text	fde
0x408f70	3194	.text	fde
0x409bf0	12	.text	fde
0x409c00	25	.text	fde
0x409c20	18	.text	fde
0x409c40	18	.text	fde
0x409c60	69	.text	fde
0x409cb0	83	.text	fde
0x409d10	1468	.text	fde
0x40a2d0	15	.text	fde
0x40a2e0	26	.text	fde
0x40a300	3	.text	fde
0x40a310	3	.text	fde
0x40a320	16	.text	fde
0x40a330	16	.text	fde
0x40a340	8	.text	fde
0x40a350	8	.text	fde
0x40a360	21	.text	fde
0x40a380	77	.text	fde
0x40a3d0	55	.text	fde
0x40a410	177	.text	fde
0x40a4d0	124	.text	fde
0x40a550	36	.text	fde
0x40a580	98	.text	fde
0x40a5f0	32	.text	fde
0x40a610	12	.text	fde
0x40a620	328	.text	fde
0x40a770	382	.text	fde
0x40a8f0	860	.text	fde
0x40ac50	964	.text	fde
0x40b020	143	.text	fde
0x40b0b0	135	.text	fde
0x40b140	135	.text	fde
0x40b1d0	44	.text	fde
0x40b200	115	.text	fde
0x40b280	557	.text	fde
0x40b4b0	1187	.text	fde
0x40b960	1307	.text	fde
0x40be80	238	.text	fde
0x40bf70	1482	.text	fde
0x40c540	1389	.text	fde
0x40cab0	735	.text	fde
0x40cd90	1907	.text	fde
0x40d510	218	.text	fde
0x40d5f0	378	.text	fde
0x40d770	1954	.text	fde
0x40df20	385	.text	fde
0x40e0b0	12437	.text	fde
0x411150	709	.text	fde
0x411420	882	.text	fde
0x4117a0	206	.text	fde
0x411870	345	.text	fde
0x4119d0	4741	.text	fde
0x412c60	8485	.text	fde
0x414d90	557	.text	fde
0x414fc0	651	.text	fde
0x415250	1483	.text	fde
0x415820	2928	.text	fde
0x416390	651	.text	fde
0x416620	6	.text	fde
0x416630	6	.text	fde
0x416640	9	.text	fde
0x416650	9	.text	fde
0x416660	14	.text	fde
0x416670	5	.text	fde
0x416680	5	.text	fde
0x416690	2	.text	fde
0x4166a0	2	.text	fde
0x4166b0	3	.text	fde
0x4166c0	2	.text	fde
0x4166d0	2	.text	fde
0x4166e0	117	.text	fde
0x416760	179	.text	fde
0x416820	90	.text	fde
0x416880	401	.text	fde
0x416a20	47	.text	fde
0x416a50	47	.text	fde
0x416a80	39	.text	fde
0x416ab0	373	.text	fde
0x416c30	135	.text	fde
0x416cc0	64	.text	fde
0x416d00	13	.text	fde
0x416d10	35	.text	fde
0x416d40	51	.text	fde
0x416d80	43	.text	fde
0x416db0	43	.text	fde
0x416de0	49	.text	fde
0x416e20	83	.text	fde
0x416e80	59	.text	fde
0x416ec0	51	.text	fde
0x416f00	202	.text	fde
0x416fd0	313	.text	fde
0x417110	90	.text	fde
0x417170	94	.text	fde
0x4171d0	94	.text	fde
0x417230	339	.text	fde
0x417390	328	.text	fde
0x4174e0	4815	.text	fde
0x4187b0	590	.text	fde
0x418a00	5781	.text	fde
0x41a0a0	376	.text	fde
0x41a220	1682	.text	fde
0x41a8c0	25	.text	fde
0x41a8e0	12	.text	fde
0x41a8f0	401	.text	fde
0x41aa90	401	.text	fde
0x41ac30	23	.text	fde
0x41ac50	16	.text	fde
0x41ac60	16	.text	fde
0x41ac70	8	.text	fde
0x41ac80	8	.text	fde
0x41ac90	21	.text	fde
0x41acb0	59	.text	fde
0x41acf0	49	.text	fde
0x41ad30	89	.text	fde
0x41ad90	32	.text	fde
0x41adb0	12	.text	fde
0x41adc0	81	.text	fde
0x41ae20	31	.text	fde
0x41ae40	77	.text	fde
0x41ae90	69	.text	fde
0x41aee0	69	.text	fde
0x41af30	113	.text	fde
0x41afb0	113	.text	fde
0x41b030	3	.text	fde
0x41b040	3	.text	fde
0x41b050	5	.text	fde
0x41b060	26	.text	fde
0x41b080	23	.text	fde
0x41b0a0	10	.text	fde
0x41b0b0	5	.text	fde
0x41b0c0	131	.text	fde
0x41b150	59	.text	fde
0x41b190	79	.text	fde
0x41b1e0	313	.text	fde
0x41b320	59	.text	fde
0x41b360	570	.text	fde
0x41b5a0	120	.text	fde
0x41b620	120	.text	fde
0x41b6a0	348	.text	fde
0x41b800	256	.text	fde
0x41b900	232	.text	fde
0x41b9f0	418	.text	fde
0x41bba0	128	.text	fde
0x41bc20	418	.text	fde
0x41bdd0	6	.text	fde
0x41bde0	4	.text	fde
0x41bdf0	2	.text	fde
0x41be00	14	.text	fde
0x41be10	21	.text	fde
0x41be30	5	.text	fde
0x41be40	9	.text	fde
0x41be50	26	.text	fde
0x41be70	5	.text	fde
0x41be80	36	.text	fde
0x41beb0	8	.text	fde
0x41bec0	5	.text	fde
0x41bed0	126	.text	fde
0x41bf50	59	.text	fde
0x41bf90	49	.text	fde
0x41bfd0	27	.text	fde
0x41bff0	89	.text	fde
0x41c050	34	.text	fde
0x41c080	88	.text	fde
0x41c0e0	91	.text	fde
0x41c140	382	.text	fde
0x41c2c0	84	.text	fde
0x41c320	31	.text	fde
0x41c340	33	.text	fde
0x41c370	40	.text	fde
0x41c3a0	27	.text	fde
0x41c3c0	27	.text	fde
0x41c3e0	64	.text	fde
0x41c420	64	.text	fde
0x41c460	125	.text	fde
0x41c4e0	216	.text	fde
0x41c5c0	125	.text	fde
0x41c640	294	.text	fde
0x41c770	208	.text	fde
0x41c840	208	.text	fde
0x41c910	440	.text	fde
0x41cad0	115	.text	fde
0x41cb50	921	.text	fde
0x41cef0	678	.text	fde
0x41d1a0	412	.text	fde
0x41d340	412	.text	fde
0x41d4e0	944	.text	fde
0x41d890	217	.text	fde
0x41d970	9	.text	fde
0x41d980	2	.text	fde
0x41d990	34	.text	fde
0x41d9c0	85	.text	fde
0x41da20	2662	.text	fde
0x41e490	4	.text	fde
0x41e4a0	30	.text	fde
0x41e4c0	86	.text	fde
0x41e520	115	.text	fde
0x41e5a0	23	.text	fde
0x41e5c0	54	.text	fde
0x41e600	147	.text	fde
0x41e6a0	12	.text	fde
0x41e6b0	11	.text	fde
0x41e6c0	87	.text	fde
0x41e720	10	.text	fde
0x41e730	97	.text	fde
0x41e7a0	8	.text	fde
0x41e7b0	2	.text	fde
0x41e7c0	16	.text	fde
0x41e7d0	59	.text	fde
0x41e810	40	.text	fde
0x41e840	73	.text	fde
0x41e890	76	.text	fde
0x41e8e0	240	.text	fde
0x41e9d0	267	.text	fde
0x41eae0	293	.text	fde
0x41ec10	125	.text	fde
0x41ec90	64	.text	fde
0x41ecd0	361	.text	fde
0x41ee40	722	.text	fde
0x41f120	2610	.text	fde
0x41fb60	789	.text	fde
0x41fe80	118	.text	fde
0x41ff00	50	.text	fde
0x41ff40	66	.text	fde
0x41ff90	155	.text	fde
0x420030	318	.text	fde
0x420170	326	.text	fde
0x4202c0	318	.text	fde
0x420400	399	.text	fde
0x420590	179	.text	fde
0x420650	254	.text	fde
0x420750	15365	.text	fde
0x424360	24437	.text	fde
0x42a2e0	66	.text	fde
0x42a330	9	.text	fde
0x42a340	65	.text	fde
0x42a390	401	.text	fde
0x42a530	9	.text	fde
0x42a540	34	.text	fde
0x42a570	6	.text	fde
0x42a580	3	.text	fde
0x42a590	7	.text	fde
0x42a5a0	7	.text	fde
0x42a5b0	118	.text	fde
0x42a630	153	.text	fde
0x42a6d0	13	.text	fde
0x42a6e0	2	.text	fde
0x42a6f0	2	.text	fde
0x42a700	26	.text	fde
0x42a720	3	.text	fde
0x42a730	3	.text	fde
0x42a740	123	.text	fde
0x42a7c0	2	.text	fde
0x42a7d0	2	.text	fde
0x42a7e0	59	.text	fde
0x42a820	25	.text	fde
0x42a840	962	.text	fde
0x42ac10	517	.text	fde
0x42ae20	426	.text	fde
0x42afd0	125	.text	fde
0x42b050	125	.text	fde
0x42b0d0	427	.text	fde
0x42b280	115	.text	fde
0x42b300	107	.text	fde
0x42b370	107	.text	fde
0x42b3e0	202	.text	fde
0x42b4b0	194	.text	fde
0x42b580	194	.text	fde
0x42b650	562	.text	fde
0x42b890	5962	.text	fde
0x42cfe0	562	.text	fde
0x42d220	11205	.text	fde
0x42fdf0	699	.text	fde
0x4300b0	699	.text	fde
0x430370	3	.text	fde
0x430380	2	.text	fde
0x430390	23	.text	fde
0x4303b0	7	.text	fde
0x4303c0	40	.text	fde
0x4303f0	8	.text	fde
0x430400	25	.text	fde
0x430420	35	.text	fde
0x430450	81	.text	fde
0x4304b0	39	.text	fde
0x4304e0	59	.text	fde
0x430520	414	.text	fde
0x4306c0	210	.text	fde
0x4307a0	116	.text	fde
0x430820	160	.text	fde
0x4308c0	156	.text	fde
0x430960	139	.text	fde
0x4309f0	103	.text	fde
0x430a60	117	.text	fde
0x430ae0	293	.text	fde
0x430c10	140	.text	fde
0x430ca0	131	.text	fde
0x430d30	166	.text	fde
0x430de0	186	.text	fde
0x430ea0	121	.text	fde
0x430f20	131	.text	fde
0x430fb0	128	.text	fde
0x431030	370	.text	fde
0x4311b0	283	.text	fde
0x4312d0	410	.text	fde
0x431470	545	.text	fde
0x4316a0	250	.text	fde
0x4317a0	132	.text	fde
0x431830	132	.text	fde
0x4318c0	183	.text	fde
0x431980	202	.text	fde
0x431a50	202	.text	fde
0x431b20	183	.text	fde
0x431be0	191	.text	fde
0x431ca0	169	.text	fde
0x431d50	471	.text	fde
0x431f30	324	.text	fde
0x432080	72	.text	fde
0x4320d0	401	.text	fde
0x432270	4	.text	fde
0x432280	70	.text	fde
0x4322d0	2	.text	fde
0x4322e0	51	.text	fde
0x432320	84	.text	fde
0x432380	91	.text	fde
0x4323e0	236	.text	fde
0x4324d0	220	.text	fde
0x4325b0	3	.text	fde
0x4325c0	40	.text	fde
0x4325f0	135	.text	fde
0x432680	23	.text	fde
0x4326a0	390	.text	fde
0x432830	127	.text	fde
0x4328b0	85	.text	fde
0x432910	333	.text	fde
0x432a60	954	.text	fde
0x432e20	135	.text	fde
0x432eb0	472	.text	fde
0x433090	285	.text	fde
0x4331b0	50	.text	fde
0x4331f0	25	.text	fde
0x433210	12	.text	fde
0x433220	12	.text	fde
0x433230	25	.text	fde
0x433250	12	.text	fde
0x433260	12	.text	fde
0x433270	77	.text	fde
0x4332c0	69	.text	fde
0x433310	69	.text	fde
0x433360	115	.text	fde
0x4333e0	115	.text	fde
0x433460	240	.text	fde
0x433550	240	.text	fde
0x433640	159	.text	fde
0x4336e0	159	.text	fde
0x433780	85	.text	fde
0x4337e0	85	.text	fde
0x433840	398	.text	fde
0x4339d0	125	.text	fde
0x433a50	398	.text	fde
0x433be0	125	.text	fde
0x433c60	125	.text	fde
0x433ce0	455	.text	fde
0x433eb0	3	.text	fde
0x433ec0	3	.text	fde
0x433ed0	2	.text	fde
0x433ee0	2	.text	fde
0x433ef0	2	.text	fde
0x433f00	3	.text	fde
0x433f10	3	.text	fde
0x433f20	2	.text	fde
0x433f30	2	.text	fde
0x433f40	6	.text	fde
0x433f50	185	.text	fde
0x434010	175	.text	fde
0x4340c0	118	.text	fde
0x434140	26	.text	fde
0x434160	8	.text	fde
0x434170	33	.text	fde
0x4341a0	8	.text	fde
0x4341b0	5	.text	fde
0x4341c0	59	.text	fde
0x434200	102	.text	fde
0x434270	81	.text	fde
0x4342d0	31	.text	fde
0x4342f0	136	.text	fde
0x434380	206	.text	fde
0x434450	137	.text	fde
0x4344e0	52	.text	fde
0x434520	1405	.text	fde
0x434aa0	163	.text	fde
0x434b50	155	.text	fde
0x434bf0	155	.text	fde
0x434c90	935	.text	fde
0x435040	935	.text	fde
0x4353f0	9	.text	fde
0x435400	2	.text	fde
0x435410	26	.text	fde
0x435430	3	.text	fde
0x435440	3	.text	fde
0x435450	5	.text	fde
0x435460	4	.text	fde
0x435470	4	.text	fde
0x435480	9	.text	fde
0x435490	59	.text	fde
0x4354d0	26	.text	fde
0x4354f0	42	.text	fde
0x435520	65	.text	fde
0x435570	86	.text	fde
0x4355d0	398	.text	fde
0x435760	140	.text	fde
0x4357f0	95	.text	fde
0x435850	111	.text	fde
0x4358c0	103	.text	fde
0x435930	103	.text	fde
0x4359a0	194	.text	fde
0x435a70	848	.text	fde
0x435dc0	194	.text	fde
0x435e90	9	.text	fde
0x435ea0	3	.text	fde
0x435eb0	2	.text	fde
0x435ec0	97	.text	fde
0x435f30	27	.text	fde
0x435f50	47	.text	fde
0x435f80	34	.text	fde
0x435fb0	4	.text	fde
0x435fc0	10	.text	fde
0x435fd0	16	.text	fde
0x435fe0	2	.text	fde
0x435ff0	5	.text	fde
0x436000	319	.text	fde
0x436140	3	.text	fde
0x436150	3	.text	fde
0x436160	99	.text	fde
0x4361d0	135	.text	fde
0x436260	102	.text	fde
0x4362d0	26	.text	fde
0x4362f0	3	.text	fde
0x436300	3	.text	fde
0x436310	107	.text	fde
0x436380	163	.text	fde
0x436430	59	.text	fde
0x436470	133	.text	fde
0x436500	227	.text	fde
0x4365f0	130	.text	fde
0x436680	144	.text	fde
0x436710	133	.text	fde
0x4367a0	88	.text	fde
0x436800	77	.text	fde
0x436850	69	.text	fde
0x4368a0	69	.text	fde
0x4368f0	125	.text	fde
0x436970	64	.text	fde
0x4369b0	85	.text	fde
0x436a10	77	.text	fde
0x436a60	77	.text	fde
0x436ab0	1484	.text	fde
0x437080	112	.text	fde
0x4370f0	915	.text	fde
0x437490	448	.text	fde
0x437650	124	.text	fde
0x4376d0	116	.text	fde
0x437750	116	.text	fde
0x4377d0	1033	.text	fde
0x437be0	353	.text	fde
0x437d50	2930	.text	fde
0x4388d0	353	.text	fde
0x438a40	1650	.text	fde
0x4390c0	1650	.text	fde
0x439740	615	.text	fde
0x4399b0	203	.text	fde
0x439a80	212	.text	fde
0x439b60	1842	.text	fde
0x43a2a0	212	.text	fde
0x43a380	9	.text	fde
0x43a390	2	.text	fde
0x43a3a0	2	.text	fde
0x43a3b0	2	.text	fde
0x43a3c0	377	.text	fde
0x43a540	209	.text	fde
0x43a620	489	.text	fde
0x43a810	425	.text	fde
0x43a9c0	401	.text	fde
0x43ab60	26	.text	fde
0x43ab80	9	.text	fde
0x43ab90	59	.text	fde
0x43abd0	79	.text	fde
0x43ac20	73	.text	fde
0x43ac70	1184	.text	fde
0x43b110	77	.text	fde
0x43b160	69	.text	fde
0x43b1b0	69	.text	fde
0x43b200	262	.text	fde
0x43b310	262	.text	fde
0x43b420	2	.text	fde
0x43b430	34	.text	fde
0x43b460	2	.text	fde
0x43b470	2	.text	fde
0x43b480	23	.text	fde
0x43b4a0	8	.text	fde
0x43b4b0	12	.text	fde
0x43b4c0	41	.text	fde
0x43b4f0	7	.text	fde
0x43b500	7	.text	fde
0x43b510	9	.text	fde
0x43b520	7	.text	fde
0x43b530	7	.text	fde
0x43b540	9	.text	fde
0x43b550	9	.text	fde
0x43b560	64	.text	fde
0x43b5a0	1527	.text	fde
0x43bba0	464	.text	fde
0x43bd70	112	.text	fde
0x43bde0	104	.text	fde
0x43be50	104	.text	fde
0x43bec0	884	.text	fde
0x43c240	517	.text	fde
0x43c450	2260	.text	fde
0x43cd30	6453	.text	fde
0x43e670	6453	.text	fde
0x43ffb0	2	.text	fde
0x43ffc0	325	.text	fde
0x440110	695	.text	fde
0x4403d0	247	.text	fde
0x4404d0	401	.text	fde
0x440670	26	.text	fde
0x440690	4	.text	fde
0x4406a0	18	.text	fde
0x4406c0	56	.text	fde
0x440700	59	.text	fde
0x440740	88	.text	fde
0x4407a0	69	.text	fde
0x4407f0	879	.text	fde
0x440b60	77	.text	fde
0x440bb0	69	.text	fde
0x440c00	69	.text	fde
0x440c50	295	.text	fde
0x440d80	295	.text	fde
0x440eb0	2	.text	fde
0x440ec0	5	.text	fde
0x440ed0	166	.text	fde
0x440f80	20	.text	fde
0x440fa0	16	.text	fde
0x440fb0	119	.text	fde
0x441030	32	.text	fde
0x441050	15	.text	fde
0x441060	9	.text	fde
0x441070	15	.text	fde
0x441080	4	.text	fde
0x441090	59	.text	fde
0x4410d0	162	.text	fde
0x441180	107	.text	fde
0x4411f0	268	.text	fde
0x441300	186	.text	fde
0x4413c0	199	.text	fde
0x441490	257	.text	fde
0x4415a0	82	.text	fde
0x441600	62	.text	fde
0x441640	92	.text	fde
0x4416a0	118	.text	fde
0x441720	866	.text	fde
0x441a90	644	.text	fde
0x441d20	205	.text	fde
0x441df0	59	.text	fde
0x441e30	1026	.text	fde
0x442240	1026	.text	fde
0x442650	286	.text	fde
0x442770	278	.text	fde
0x442890	278	.text	fde
0x4429b0	9	.text	fde
0x4429c0	6	.text	fde
0x4429d0	26	.text	fde
0x4429f0	5	.text	fde
0x442a00	9	.text	fde
0x442a10	59	.text	fde
0x442a50	160	.text	fde
0x442af0	87	.text	fde
0x442b50	64	.text	fde
0x442b90	165	.text	fde
0x442c40	11	.text	fde
0x442c50	448	.text	fde
0x442e10	77	.text	fde
0x442e60	69	.text	fde
0x442eb0	69	.text	fde
0x442f00	325	.text	fde
0x443050	325	.text	fde
0x4431a0	9	.text	fde
0x4431b0	2	.text	fde
0x4431c0	579	.text	fde
0x443410	579	.text	fde
0x443660	5	.text	fde
0x443670	27	.text	fde
0x443690	5	.text	fde
0x4436a0	12	.text	fde
0x4436b0	9	.text	fde
0x4436c0	7	.text	fde
0x4436d0	9	.text	fde
0x4436e0	7	.text	fde
0x4436f0	18	.text	fde
0x443710	8	.text	fde
0x443720	103	.text	fde
0x443790	44	.text	fde
0x4437c0	77	.text	fde
0x443810	8	.text	fde
0x443820	8	.text	fde
0x443830	8	.text	fde
0x443840	42	.text	fde
0x443870	38	.text	fde
0x4438a0	29	.text	fde
0x4438c0	52	.text	fde
0x443900	17	.text	fde
0x443920	12	.text	fde
0x443930	30	.text	fde
0x443950	11	.text	fde
0x443960	16	.text	fde
0x443970	8	.text	fde
0x443980	8	.text	fde
0x443990	8	.text	fde
0x4439a0	8	.text	fde
0x4439b0	9	.text	fde
0x4439c0	9	.text	fde
0x4439d0	36	.text	fde
0x443a00	8	.text	fde
0x443a10	119	.text	fde
0x443a90	43	.text	fde
0x443ac0	198	.text	fde
0x443b90	111	.text	fde
0x443c00	89	.text	fde
0x443c60	51	.text	fde
0x443ca0	97	.text	fde
0x443d10	65	.text	fde
0x443d60	60	.text	fde
0x443da0	57	.text	fde
0x443de0	63	.text	fde
0x443e20	140	.text	fde
0x443eb0	327	.text	fde
0x444000	60	.text	fde
0x444040	81	.text	fde
0x4440a0	86	.text	fde
0x444100	152	.text	fde
0x4441a0	97	.text	fde
0x444210	192	.text	fde
0x4442d0	97	.text	fde
0x444340	178	.text	fde
0x444400	127	.text	fde
0x444480	91	.text	fde
0x4444e0	74	.text	fde
0x444530	124	.text	fde
0x4445b0	120	.text	fde
0x444630	197	.text	fde
0x444700	239	.text	fde
0x4447f0	245	.text	fde
0x4448f0	70	.text	fde
0x444940	166	.text	fde
0x4449f0	59	.text	fde
0x444a30	1090	.text	fde
0x444e80	263	.text	fde
0x444f90	260	.text	fde
0x4450a0	443	.text	fde
0x445260	276	.text	fde
0x445380	441	.text	fde
0x445540	124	.text	fde
0x4455c0	116	.text	fde
0x445640	241	.text	fde
0x445740	270	.text	fde
0x445850	137	.text	fde
0x4458e0	134	.text	fde
0x445970	65	.text	fde
0x4459c0	349	.text	fde
0x445b20	267	.text	fde
0x445c30	695	.text	fde
0x445ef0	553	.text	fde
0x446120	44	.text	fde
0x446150	41	.text	fde
0x446180	41	.text	fde
0x4461b0	439	.text	fde
0x446370	438	.text	fde
0x446530	547	.text	fde
0x446760	66	.text	fde
0x4467b0	66	.text	fde
0x446800	71	.text	fde
0x446850	71	.text	fde
0x4468a0	71	.text	fde
0x4468f0	71	.text	fde
0x446940	109	.text	fde
0x4469b0	109	.text	fde
0x446a20	109	.text	fde
0x446a90	109	.text	fde
0x446b00	79	.text	fde
0x446b50	94	.text	fde
0x446bb0	310	.text	fde
0x446cf0	379	.text	fde
0x446e70	329	.text	fde
0x446fc0	130	.text	fde
0x447050	225	.text	fde
0x447140	578	.text	fde
0x447390	269	.text	fde
0x4474a0	703	.text	fde
0x447760	703	.text	fde
0x447a20	83	.text	fde
0x447a80	44	.text	fde
0x447ab0	321	.text	fde
0x447c00	254	.text	fde
0x447d00	380	.text	fde
0x447e80	254	.text	fde
0x447f80	380	.text	fde
0x448100	436	.text	fde
0x4482c0	621	.text	fde
0x448530	2146	.text	fde
0x448da0	139	.text	fde
0x448e30	139	.text	fde
0x448ec0	139	.text	fde
0x448f50	139	.text	fde
0x448fe0	159	.text	fde
0x449080	146	.text	fde
0x449120	87	.text	fde
0x449180	290	.text	fde
0x4492b0	167	.text	fde
0x449360	159	.text	fde
0x449400	261	.text	fde
0x449510	1111	.text	fde
0x449970	216	.text	fde
0x449a50	139	.text	fde
0x449ae0	95	.text	fde
0x449b40	683	.text	fde
0x449df0	440	.text	fde
0x449fb0	508	.text	fde
0x44a1b0	1161	.text	fde
0x44a640	716	.text	fde
0x44a910	1681	.text	fde
0x44afb0	2345	.text	fde
0x44b8e0	966	.text	fde
0x44bcb0	575	.text	fde
0x44bef0	543	.text	fde
0x44c110	2330	.text	fde
0x44ca30	133	.text	fde
0x44cac0	1075	.text	fde
0x44cf00	3150	.text	fde
0x44db50	638	.text	fde
0x44ddd0	5330	.text	fde
0x44f2b0	818	.text	fde
0x44f5f0	100	.text	fde
0x44f660	97	.text	fde
0x44f6d0	1942	.text	fde
0x44fe70	1199	.text	fde
0x450320	110	.text	fde
0x450390	202	.text	fde
0x450460	260	.text	fde
0x450570	260	.text	fde
0x450680	260	.text	fde
0x450790	148	.text	fde
0x450830	148	.text	fde
0x4508d0	148	.text	fde
0x450970	97	.text	fde
0x4509e0	97	.text	fde
0x450a50	97	.text	fde
0x450ac0	119	.text	fde
0x450b40	119	.text	fde
0x450bc0	119	.text	fde
0x450c40	69	.text	fde
0x450c90	69	.text	fde
0x450ce0	225	.text	fde
0x450dd0	42	.text	fde
0x450e00	237	.text	fde
0x450ef0	66	.text	fde
0x450f40	69	.text	fde
0x450f90	66	.text	fde
0x450fe0	85	.text	fde
0x451040	401	.text	fde
0x4511e0	401	.text	fde
0x451380	401	.text	fde
0x451520	498	.text	fde
0x451720	221	.text	fde
0x451800	983	.text	fde
0x451be0	211	.text	fde
0x451cc0	839	.text	fde
0x452010	629	.text	fde
0x452290	106	.text	fde
0x452300	629	.text	fde
0x452580	106	.text	fde
0x4525f0	629	.text	fde
0x452870	106	.text	fde
0x4528e0	446	.text	fde
0x452aa0	493	.text	fde
0x452c90	2319	.text	fde
0x4535a0	278	.text	fde
0x4536c0	1564	.text	fde
0x453ce0	92	.text	fde
0x453d40	3	.text	fde
0x453d50	3	.text	fde
0x453d60	6	.text	fde
0x453d70	13	.text	fde
0x453d80	6	.text	fde
0x453d90	86	.text	fde
0x453df0	59	.text	fde
0x453e30	57	.text	fde
0x453e70	57	.text	fde
0x453eb0	6761	.text	fde
0x455920	269	.text	fde
0x455a30	132	.text	fde
0x455ac0	340	.text	fde
0x455c20	306	.text	fde
0x455d60	299	.text	fde
0x455e90	299	.text	fde
0x455fc0	1863	.text	fde
0x456710	1879	.text	fde
0x456e70	1173	.text	fde
0x457310	66	.text	fde
0x457360	2301	.text	fde
0x457c60	946	.text	fde
0x458020	1587	.text	fde
0x458660	558	.text	fde
0x458890	2981	.text	fde
0x459440	8	.text	fde
0x459450	8	.text	fde
0x459460	8	.text	fde
0x459470	8	.text	fde
0x459480	57	.text	fde
0x4594c0	50	.text	fde
0x459500	53	.text	fde
0x459540	53	.text	fde
0x459580	8	.text	fde
0x459590	58	.text	fde
0x4595d0	8	.text	fde
0x4595e0	50	.text	fde
0x459620	39	.text	fde
0x459650	8	.text	fde
0x459660	8	.text	fde
0x459670	12	.text	fde
0x459680	12	.text	fde
0x459690	12	.text	fde
0x4596a0	12	.text	fde
0x4596b0	12	.text	fde
0x4596c0	12	.text	fde
0x4596d0	12	.text	fde
0x4596e0	12	.text	fde
0x4596f0	57	.text	fde
0x459730	57	.text	fde
0x459770	47	.text	fde
0x4597a0	26	.text	fde
0x4597c0	208	.text	fde
0x459890	201	.text	fde
0x459960	401	.text	fde
0x459b00	854	.text	fde
0x459e60	76	.text	fde
0x459eb0	74	.text	fde
0x459f00	76	.text	fde
0x459f50	83	.text	fde
0x459fb0	133	.text	fde
0x45a040	9	.text	fde
0x45a050	27	.text	fde
0x45a070	5	.text	fde
0x45a080	8	.text	fde
0x45a090	5	.text	fde
0x45a0a0	5	.text	fde
0x45a0b0	4	.text	fde
0x45a0c0	4	.text	fde
0x45a0d0	4	.text	fde
0x45a0e0	4	.text	fde
0x45a0f0	6	.text	fde
0x45a100	5	.text	fde
0x45a110	31	.text	fde
0x45a130	8	.text	fde
0x45a140	59	.text	fde
0x45a180	9	.text	fde
0x45a190	9	.text	fde
0x45a1a0	17	.text	fde
0x45a1c0	19	.text	fde
0x45a1e0	118	.text	fde
0x45a260	61	.text	fde
0x45a2a0	656	.text	fde
0x45a530	196	.text	fde
0x45a600	266	.text	fde
0x45a710	266	.text	fde
0x45a820	133	.text	fde
0x45a8b0	138	.text	fde
0x45a940	138	.text	fde
0x45a9d0	623	.text	fde
0x45ac40	626	.text	fde
0x45aec0	626	.text	fde
0x45b140	453	.text	fde
0x45b310	97	.text	fde
0x45b380	920	.text	fde
0x45b720	373	.text	fde
0x45b8a0	373	.text	fde
0x45ba20	198	.text	fde
0x45baf0	198	.text	fde
0x45bbc0	401	.text	fde
0x45bd60	465	.text	fde
0x45bf40	34	.text	fde
0x45bf70	34	.text	fde
0x45bfa0	52	.text	fde
0x45bfe0	27	.text	fde
0x45c000	102	.text	fde
0x45c070	60	.text	fde
0x45c0b0	41	.text	fde
0x45c0e0	27	.text	fde
0x45c100	6	.text	fde
0x45c110	6	.text	fde
0x45c120	6	.text	fde
0x45c130	6	.text	fde
0x45c140	6	.text	fde
0x45c150	6	.text	fde
0x45c160	37	.text	fde
0x45c190	16	.text	fde
0x45c1a0	6	.text	fde
0x45c1b0	6	.text	fde
0x45c1c0	3	.text	fde
0x45c1d0	59	.text	fde
0x45c210	35	.text	fde
0x45c240	28	.text	fde
0x45c260	30	.text	fde
0x45c280	27	.text	fde
0x45c2a0	94	.text	fde
0x45c300	30	.text	fde
0x45c320	180	.text	fde
0x45c3e0	80	.text	fde
0x45c430	190	.text	fde
0x45c4f0	127	.text	fde
0x45c570	81	.text	fde
0x45c5d0	174	.text	fde
0x45c680	107	.text	fde
0x45c6f0	99	.text	fde
0x45c760	99	.text	fde
0x45c7d0	25	.text	fde
0x45c7f0	12	.text	fde
0x45c800	12	.text	fde
0x45c810	25	.text	fde
0x45c830	12	.text	fde
0x45c840	12	.text	fde
0x45c850	25	.text	fde
0x45c870	12	.text	fde
0x45c880	12	.text	fde
0x45c890	25	.text	fde
0x45c8b0	12	.text	fde
0x45c8c0	12	.text	fde
0x45c8d0	294	.text	fde
0x45ca00	1276	.text	fde
0x45cf00	579	.text	fde
0x45d150	460	.text	fde
0x45d320	248	.text	fde
0x45d420	357	.text	fde
0x45d590	341	.text	fde
0x45d6f0	383	.text	fde
0x45d870	145	.text	fde
0x45d910	145	.text	fde
0x45d9b0	18	.text	fde
0x45d9d0	18	.text	fde
0x45d9f0	25	.text	fde
0x45da10	25	.text	fde
0x45da30	18	.text	fde
0x45da50	18	.text	fde
0x45da70	18	.text	fde
0x45da90	18	.text	fde
0x45dab0	210	.text	fde
0x45db90	210	.text	fde
0x45dc70	221	.text	fde
0x45dd50	3319	.text	fde
0x45ea50	233	.text	fde
0x45eb40	362	.text	fde
0x45ecb0	258	.text	fde
0x45edc0	133	.text	fde
0x45ee50	23	.text	fde
0x45ee70	23	.text	fde
0x45ee90	362	.text	fde
0x45f000	3298	.text	fde
0x45fcf0	185	.text	fde
0x45fdb0	3	.text	fde
0x45fdc0	12	.text	fde
0x45fdd0	20	.text	fde
0x45fdf0	4	.text	fde
0x45fe00	4	.text	fde
0x45fe10	5	.text	fde
0x45fe20	53	.text	fde
0x45fe60	5	.text	fde
0x45fe70	99	.text	fde
0x45fee0	238	.text	fde
0x45ffd0	363	.text	fde
0x460140	177	.text	fde
0x460200	28	.text	fde
0x460220	630	.text	fde
0x4604a0	778	.text	fde
0x4607b0	99	.text	fde
0x460820	414	.text	fde
0x4609c0	949	.text	fde
0x460d80	311	.text	fde
0x460ec0	351	.text	fde
0x461020	243	.text	fde
0x461120	749	.text	fde
0x461410	655	.text	fde
0x4616a0	1777	.text	fde
0x461da0	242	.text	fde
0x461ea0	479	.text	fde
0x462080	495	.text	fde
0x462270	495	.text	fde
0x462460	480	.text	fde
0x462640	473	.text	fde
0x462820	473	.text	fde
0x462a00	3007	.text	fde
0x4635c0	3157	.text	fde
0x464220	433	.text	fde
0x4643e0	8	.text	fde
0x4643f0	12	.text	fde
0x464400	401	.text	fde
0x4645a0	401	.text	fde
0x464740	58	.text	fde
0x464780	80	.text	fde
0x4647d0	35	.text	fde
0x464800	9	.text	thunk
0x464810	34	.text	fde
0x464840	149	.text	fde
0x4648e0	200	.text	fde
0x4649b0	9	.text	thunk
0x4649c0	38	.text	fde
0x4649f0	38	.text	fde
0x464a20	7760	.text	fde
0x466870	8	.text	fde
0x466880	9	.text	thunk
0x466890	16	.text	fde
0x4668a0	9	.text	thunk
0x4668b0	20	.text	fde
0x4668d0	12	.text	fde
0x4668e0	53	.text	fde
0x466920	27	.text	fde
0x466940	49	.text	fde
0x466980	187	.text	fde
0x466a40	179	.text	fde
0x466b00	179	.text	fde
0x466bc0	257	.text	fde
0x466cd0	257	.text	fde
0x466de0	2500	.text	fde
0x4677b0	2195	.text	fde
0x468050	3778	.text	fde
0x468f20	182	.text	fde
0x468fe0	246	.text	fde
0x4690e0	49	.text	fde
0x469120	573	.text	fde
0x469360	588	.text	fde
0x4695b0	49	.text	fde
0x4695f0	595	.text	fde
0x469850	248	.text	fde
0x469950	149	.text	fde
0x4699f0	379	.text	fde
0x469b70	142	.text	fde
0x469c00	142	.text	fde
0x469c90	281	.text	fde
0x469db0	281	.text	fde
0x469ed0	27	.text	fde
0x469ef0	122	.text	fde
0x469f70	303	.text	fde
0x46a0a0	221	.text	fde
0x46a180	89	.text	fde
0x46a1e0	556	.text	fde
0x46a410	271	.text	fde
0x46a520	442	.text	fde
0x46a6e0	348	.text	fde
0x46a840	1597	.text	fde
0x46ae80	1597	.text	fde
0x46b4c0	501	.text	fde
0x46b6c0	2323	.text	fde
0x46bfe0	491	.text	fde
0x46c1d0	1079	.text	fde
0x46c610	491	.text	fde
0x46c800	7488	.text	fde
0x46e540	3895	.text	fde
0x46f480	3109	.text	fde
0x4700b0	565	.text	fde
0x4702f0	2243	.text	fde
0x470bc0	1482	.text	fde
0x471190	6501	.text	fde
0x472b00	205	.text	fde
0x472bd0	105	.text	fde
0x472c40	50	.text	fde
0x472c80	81	.text	fde
0x472ce0	1865	.text	fde
0x473430	27	.text	fde
0x473450	49	.text	fde
0x473490	698	.text	fde
0x473750	667	.text	fde
0x4739f0	108	.text	fde
0x473a60	108	.text	fde
0x473ad0	69	.text	fde
0x473b20	69	.text	fde
0x473b70	77	.text	fde
0x473bc0	60	.text	fde
0x473c00	146	.text	fde
0x473ca0	27	.text	fde
0x473cc0	49	.text	fde
0x473d00	206	.text	fde
0x473dd0	198	.text	fde
0x473ea0	198	.text	fde
0x473f70	172	.text	fde
0x474020	172	.text	fde
0x4740d0	6771	.text	fde
0x475b50	341	.text	fde
0x475cb0	749	.text	fde
0x475fa0	27	.text	fde
0x475fc0	457	.text	fde
0x476190	199	.text	fde
0x476260	113	.text	fde
0x4762e0	1557	.text	fde
0x476900	64	.text	fde
0x476940	403	.text	fde
0x476ae0	285	.text	fde
0x476c00	308	.text	fde
0x476d40	2010	.text	fde
0x477520	2335	.text	fde
0x477e40	486	.text	fde
0x478030	285	.text	fde
0x478150	293	.text	fde
0x478280	486	.text	fde
0x478470	401	.text	fde
0x478610	27	.text	fde
0x478630	29	.text	fde
0x478650	63	.text	fde
0x478690	49	.text	fde
0x4786d0	77	.text	fde
0x478720	69	.text	fde
0x478770	69	.text	fde
0x4787c0	119	.text	fde
0x478840	119	.text	fde
0x4788c0	264	.text	fde
0x4789d0	796	.text	fde
0x478cf0	734	.text	fde
0x478fd0	2058	.text	fde
0x4797e0	2087	.text	fde
0x47a010	1172	.text	fde
0x47a4b0	1066	.text	fde
0x47a8e0	27	.text	fde
0x47a900	5	.text	fde
0x47a910	8	.text	fde
0x47a920	49	.text	fde
0x47a960	736	.text	fde
0x47ac40	303	.text	fde
0x47ad70	450	.text	fde
0x47af40	450	.text	fde
0x47b110	269	.text	fde
0x47b220	261	.text	fde
0x47b330	261	.text	fde
0x47b440	3368	.text	fde
0x47c170	2141	.text	fde
0x47c9d0	2669	.text	fde
0x47d440	1930	.text	fde
0x47dbd0	1213	.text	fde
0x47e090	42	.text	fde
0x47e0c0	66	.text	fde
0x47e110	69	.text	fde
0x47e160	505	.text	fde
0x47e360	1038	.text	fde
0x47e770	2088	.text	fde
0x47efa0	932	.text	fde
0x47f350	1210	.text	fde
0x47f810	157	.text	fde
0x47f8b0	552	.text	fde
0x47fae0	1703	.text	fde
0x480190	1404	.text	fde
0x480710	838	.text	fde
0x480a60	27	.text	fde
0x480a80	64	.text	fde
0x480ac0	64	.text	fde
0x480b00	72	.text	fde
0x480b50	112	.text	fde
0x480bc0	113	.text	fde
0x480c40	131	.text	fde
0x480cd0	129	.text	fde
0x480d60	205	.text	fde
0x480e30	49	.text	fde
0x480e70	162	.text	fde
0x480f20	241	.text	fde
0x481020	78	.text	fde
0x481070	114	.text	fde
0x4810f0	106	.text	fde
0x481160	106	.text	fde
0x4811d0	268	.text	fde
0x4812e0	1967	.text	fde
0x481a90	6554	.text	fde
0x483430	6554	.text	fde
0x484dd0	27	.text	fde
0x484df0	228	.text	fde
0x484ee0	152	.text	fde
0x484f80	113	.text	fde
0x485000	59	.text	fde
0x485040	111	.text	fde
0x4850b0	3068	.text	fde
0x485cb0	315	.text	fde
0x485df0	277	.text	fde
0x485f10	629	.text	fde
0x486190	629	.text	fde
0x486410	285	.text	fde
0x486530	277	.text	fde
0x486650	442	.text	fde
0x486810	4410	.text	fde
0x487950	2810	.text	fde
0x488450	2623	.text	fde
0x488e90	476	.text	fde
0x489070	401	.text	fde
0x489210	401	.text	fde
0x4893b0	27	.text	fde
0x4893d0	392	.text	fde
0x489560	371	.text	fde
0x4896e0	610	.text	fde
0x489950	49	.text	fde
0x489990	559	.text	fde
0x489bc0	9	.text	fde
0x489bd0	613	.text	fde
0x489e40	131	.text	fde
0x489ed0	123	.text	fde
0x489f50	123	.text	fde
0x489fd0	199	.text	fde
0x48a0a0	199	.text	fde
0x48a170	674	.text	fde
0x48a420	44	.text	fde
0x48a450	44	.text	fde
0x48a480	8	.text	fde
0x48a490	8	.text	fde
0x48a4a0	8	.text	fde
0x48a4b0	5	.text	fde
0x48a4c0	5	.text	fde
0x48a4d0	81	.text	fde
0x48a530	140	.text	fde
0x48a5c0	77	.text	fde
0x48a610	105	.text	fde
0x48a680	12	.text	fde
0x48a690	1146	.text	fde
0x48ab10	841	.text	fde
0x48ae60	26	.text	fde
0x48ae80	140	.text	fde
0x48af10	93	.text	fde
0x48af70	114	.text	fde
0x48aff0	44	.text	fde
0x48b020	15	.text	fde
0x48b030	32	.text	fde
0x48b050	32	.text	fde
0x48b070	38	.text	fde
0x48b0a0	73	.text	fde
0x48b0f0	11	.text	fde
0x48b100	35	.text	fde
0x48b130	59	.text	fde
0x48b170	209	.text	fde
0x48b250	209	.text	fde
0x48b330	84	.text	fde
0x48b390	89	.text	fde
0x48b3f0	89	.text	fde
0x48b450	562	.text	fde
0x48b690	118	.text	fde
0x48b710	948	.text	fde
0x48bad0	233	.text	fde
0x48bbc0	40	.text	fde
0x48bbf0	19	.text	fde
0x48bc10	19	.text	fde
0x48bc30	305	.text	fde
0x48bd70	700	.text	fde
0x48c030	684	.text	fde
0x48c2e0	698	.text	fde
0x48c5a0	699	.text	fde
0x48c860	50	.text	fde
0x48c8a0	265	.text	fde
0x48c9b0	13	.text	fde
0x48c9c0	13	.text	fde
0x48c9d0	1453	.text	fde
0x48cf80	2533	.text	fde
0x48d970	3106	.text	fde
0x48e5a0	2685	.text	fde
0x48f020	364	.text	fde
0x48f190	239	.text	fde
0x48f280	205	.text	fde
0x48f350	133	.text	fde
0x48f3e0	1785	.text	fde
0x48fae0	5	.text	fde
0x48faf0	49	.text	fde
0x48fb30	18	.text	fde
0x48fb50	412	.text	fde
0x48fcf0	115	.text	fde
0x48fd70	147	.text	fde
0x48fe10	190	.text	fde
0x48fed0	1792	.text	fde
0x4905d0	49	.text	fde
0x490610	3869	.text	fde
0x491530	383	.text	fde
0x4916b0	190	.text	fde
0x491770	383	.text	fde
0x4918f0	190	.text	fde
0x4919b0	401	.text	fde
0x491b50	59	.text	fde
0x491b90	143	.text	fde
0x491c20	212	.text	fde
0x491d00	5	.text	fde
0x491d10	59	.text	fde
0x491d50	145	.text	fde
0x491df0	14	.text	fde
0x491e00	16	.text	fde
0x491e10	16	.text	fde
0x491e20	16	.text	fde
0x491e30	18	.text	fde
0x491e50	67	.text	fde
0x491ea0	16	.text	fde
0x491eb0	18	.text	fde
0x491ed0	17	.text	fde
0x491ef0	14	.text	fde
0x491f00	14	.text	fde
0x491f10	14	.text	fde
0x491f20	14	.text	fde
0x491f30	14	.text	fde
0x491f40	28	.text	fde
0x491f60	84	.text	fde
0x491fc0	236	.text	fde
0x4920b0	53	.text	fde
0x4920f0	13	.text	fde
0x492100	125	.text	fde
0x492180	129	.text	fde
0x492210	129	.text	fde
0x4922a0	114	.text	fde
0x492320	225	.text	fde
0x492410	202	.text	fde
0x4924e0	225	.text	fde
0x4925d0	165	.text	fde
0x492680	165	.text	fde
0x492730	165	.text	fde
0x4927e0	192	.text	fde
0x4928a0	192	.text	fde
0x492960	1812	.text	fde
0x493080	2998	.text	fde
0x493c40	582	.text	fde
0x493e90	1363	.text	fde
0x4943f0	1363	.text	fde
0x494950	34	.text	fde
0x494980	2713	.text	fde
0x495420	2374	.text	fde
0x495d70	59	.text	fde
0x495db0	2	.text	fde
0x495dc0	289	.text	fde
0x495ef0	397	.text	fde
0x496080	858	.text	fde
0x4963e0	395	.text	fde
0x496570	898	.text	fde
0x496900	150	.text	fde
0x4969a0	184	.text	fde
0x496a60	178	.text	fde
0x496b20	178	.text	fde
0x496be0	331	.text	fde
0x496d30	331	.text	fde
0x496e80	38	.text	fde
0x496eb0	38	.text	fde
0x496ee0	34	.text	fde
0x496f10	34	.text	fde
0x496f40	38	.text	fde
0x496f70	247	.text	fde
0x497070	35	.text	fde
0x4970a0	1554	.text	fde
0x4976c0	575	.text	fde
0x497900	243	.text	fde
0x497a00	35	.text	fde
0x497a30	82	.text	fde
0x497a90	320	.text	fde
0x497bd0	34	.text	fde
0x497c00	177	.text	fde
0x497cc0	26	.text	fde
0x497ce0	26	.text	fde
0x497d00	101	.text	fde
0x497d70	704	.text	fde
0x498030	704	.text	fde
0x4982f0	46	.text	fde
0x498320	467	.text	fde
0x498500	475	.text	fde
0x4986e0	467	.text	fde
0x4988c0	678	.text	fde
0x498b70	775	.text	fde
0x498e80	291	.text	fde
0x498fb0	3161	.text	fde
0x499c10	6565	.text	fde
0x49b5c0	6810	.text	fde
0x49d060	1938	.text	fde
0x49d800	324	.text	fde
0x49d950	2049	.text	fde
0x49e160	5013	.text	fde
0x49f500	120	.text	fde
0x49f580	57	.text	fde
0x49f5c0	230	.text	fde
0x49f6b0	38	.text	fde
0x49f6e0	286	.text	fde
0x49f800	2	.text	fde
0x49f810	356	.text	fde
0x49f980	85	.text	fde
0x49f9e0	6	.text	thunk
0x49f9f0	177	.text	fde
0x49fab0	38	.text	fde
0x49fae0	18	.text	fde
0x49fb00	169	.text	fde
0x49fbb0	184	.text	fde
0x49fc70	66	.text	fde
0x49fcc0	178	.text	fde
0x49fd80	80	.text	fde
0x49fdd0	46	.text	fde
0x49fe00	110	.text	fde
0x49fe70	138	.text	fde
0x49ff00	432	.text	fde
0x4a00b0	424	.text	fde
0x4a0260	161	.text	fde
0x4a0310	427	.text	fde
0x4a04c0	303	.text	fde
0x4a05f0	302	.text	fde
0x4a0720	159	.text	fde
0x4a07c0	26	.text	fde
0x4a07e0	43	.text	fde
0x4a0810	6	.text	thunk
0x4a0820	369	.text	fde
0x4a09a0	34	.text	fde
0x4a09d0	129	.text	fde
0x4a0a60	44	.text	fde
0x4a0a90	386	.text	fde
0x4a0c20	135	.text	fde
0x4a0cb0	337	.text	fde
0x4a0e10	319	.text	fde
0x4a0f50	410	.text	fde
0x4a10f0	110	.text	fde
0x4a1160	89	.text	fde
0x4a11c0	293	.text	fde
0x4a12f0	2092	.text	fde
0x4a1b20	2092	.text	fde
0x4a2350	243	.text	fde
0x4a2450	296	.text	fde
0x4a2580	2231	.text	fde
0x4a2e40	2830	.text	fde
0x4a3950	2462	.text	fde
0x4a42f0	725	.text	fde
0x4a45d0	310	.text	fde
0x4a4710	203	.text	fde
0x4a47e0	1567	.text	fde
0x4a4e00	1244	.text	fde
0x4a52e0	1255	.text	fde
0x4a57d0	1244	.text	fde
0x4a5cb0	6047	.text	fde
0x4a7450	1554	.text	fde
0x4a7a70	1603	.text	fde
0x4a80c0	19	.text	fde
0x4a80e0	1499	.text	fde
0x4a86c0	19	.text	fde
0x4a86e0	3906	.text	fde
0x4a9630	14253	.text	fde
0x4acde0	741	.text	fde
0x4ad0d0	896	.text	fde
0x4ad450	1252	.text	fde
0x4ad940	2253	.text	fde
0x4ae210	2466	.text	fde
0x4aebc0	11813	.text	fde
0x4b19f0	1003	.text	fde
0x4b1de0	13487	.text	fde
0x4b5290	1098	.text	fde
0x4b56e0	7474	.text	fde
0x4b7420	2	.text	fde
0x4b7430	6	.text	thunk
0x4b7440	3	.text	fde
0x4b7450	56	.text	fde
0x4b7490	34	.text	fde
0x4b74c0	226	.text	fde
0x4b75b0	6	.text	thunk
0x4b75c0	6	.text	fde
0x4b75d0	309	.text	fde
0x4b7710	38	.text	fde
0x4b7740	6	.text	thunk
0x4b7750	42	.text	fde
0x4b7780	339	.text	fde
0x4b78e0	6	.text	thunk
0x4b78f0	425	.text	fde
0x4b7aa0	34	.text	fde
0x4b7ad0	6	.text	thunk
0x4b7ae0	119	.text	fde
0x4b7b60	1989	.text	fde
0x4b8330	127	.text	fde
0x4b83b0	634	.text	fde
0x4b8630	634	.text	fde
0x4b88b0	1610	.text	fde
0x4b8f00	6	.text	thunk
0x4b8f10	341	.text	fde
0x4b9070	6	.text	thunk
0x4b9080	333	.text	fde
0x4b91d0	333	.text	fde
0x4b9320	6516	.text	fde
0x4baca0	6	.text	thunk
0x4bacb0	3	.text	fde
0x4bacc0	2	.text	fde
0x4bacd0	9	.text	thunk
0x4bace0	2	.text	fde
0x4bacf0	8	.text	fde
0x4bad00	9	.text	thunk
0x4bad10	8	.text	fde
0x4bad20	38	.text	fde
0x4bad50	9	.text	thunk
0x4bad60	34	.text	fde
0x4bad90	9	.text	thunk
0x4bada0	23	.text	fde
0x4badc0	7	.text	fde
0x4badd0	50	.text	fde
0x4bae10	168	.text	fde
0x4baec0	92	.text	fde
0x4baf20	95	.text	fde
0x4baf80	108	.text	fde
0x4baff0	213	.text	fde
0x4bb0d0	306	.text	fde
0x4bb210	612	.text	fde
0x4bb480	56	.text	fde
0x4bb4c0	103	.text	fde
0x4bb530	354	.text	fde
0x4bb6a0	349	.text	fde
0x4bb800	331	.text	fde
0x4bb950	21	.text	fde
0x4bb970	100	.text	fde
0x4bb9e0	100	.text	fde
0x4bba50	482	.text	fde
0x4bbc40	1763	.text	fde
0x4bc330	108	.text	fde
0x4bc3a0	1763	.text	fde
0x4bca90	9	.text	thunk
0x4bcaa0	189	.text	fde
0x4bcb60	9	.text	thunk
0x4bcb70	181	.text	fde
0x4bcc30	181	.text	fde
0x4bccf0	589	.text	fde
0x4bcf40	2	.text	fde
0x4bcf50	7	.text	fde
0x4bcf60	6	.text	fde
0x4bcf70	9	.text	thunk
0x4bcf80	21	.text	fde
0x4bcfa0	9	.text	thunk
0x4bcfb0	44	.text	fde
0x4bcfe0	9	.text	thunk
0x4bcff0	17	.text	fde
0x4bd010	9	.text	thunk
0x4bd020	21	.text	fde
0x4bd040	9	.text	thunk
0x4bd050	21	.text	fde
0x4bd070	9	.text	thunk
0x4bd080	12	.text	fde
0x4bd090	8	.text	fde
0x4bd0a0	12	.text	fde
0x4bd0b0	5	.text	fde
0x4bd0c0	5	.text	fde
0x4bd0d0	5	.text	fde
0x4bd0e0	5	.text	fde
0x4bd0f0	5	.text	fde
0x4bd100	6	.text	fde
0x4bd110	5	.text	fde
0x4bd120	5	.text	fde
0x4bd130	187	.text	fde
0x4bd1f0	8	.text	fde
0x4bd200	8	.text	fde
0x4bd210	2	.text	fde
0x4bd220	11	.text	fde
0x4bd230	12	.text	fde
0x4bd240	62	.text	fde
0x4bd280	28	.text	fde
0x4bd2a0	28	.text	fde
0x4bd2c0	2	.text	fde
0x4bd2d0	38	.text	fde
0x4bd300	37	.text	fde
0x4bd330	45	.text	fde
0x4bd360	95	.text	fde
0x4bd3c0	396	.text	fde
0x4bd550	535	.text	fde
0x4bd770	128	.text	fde
0x4bd7f0	625	.text	fde
0x4bda70	618	.text	fde
0x4bdce0	618	.text	fde
0x4bdf50	663	.text	fde
0x4be1f0	663	.text	fde
0x4be490	1970	.text	fde
0x4bec50	1138	.text	fde
0x4bf0d0	1138	.text	fde
0x4bf550	683	.text	fde
0x4bf800	8	.text	fde
0x4bf810	8	.text	fde
0x4bf820	8	.text	fde
0x4bf830	6	.text	thunk
0x4bf840	16	.text	fde
0x4bf850	3	.text	fde
0x4bf860	6	.text	thunk
0x4bf870	16	.text	fde
0x4bf880	12	.text	fde
0x4bf890	12	.text	fde
0x4bf8a0	12	.text	fde
0x4bf8b0	6	.text	thunk
0x4bf8c0	20	.text	fde
0x4bf8e0	6	.text	thunk
0x4bf8f0	20	.text	fde
0x4bf910	5	.text	fde
0x4bf920	5	.text	fde
0x4bf930	67	.text	fde
0x4bf980	26	.text	fde
0x4bf9a0	69	.text	fde
0x4bf9f0	359	.text	fde
0x4bfb60	354	.text	fde
0x4bfcd0	790	.text	fde
0x4bfff0	1578	.text	fde
0x4c0620	2	.text	fde
0x4c0630	2	.text	fde
0x4c0640	2	.text	fde
0x4c0650	2	.text	fde
0x4c0660	2	.text	fde
0x4c0670	2	.text	fde
0x4c0680	2	.text	fde
0x4c0690	2	.text	fde
0x4c06a0	38	.text	fde
0x4c06d0	34	.text	fde
0x4c0700	73	.text	fde
0x4c0750	34	.text	fde
0x4c0780	41	.text	fde
0x4c07b0	34	.text	fde
0x4c07e0	125	.text	fde
0x4c0860	831	.text	fde
0x4c0ba0	482	.text	fde
0x4c0d90	831	.text	fde
0x4c10d0	125	.text	fde
0x4c1150	8	.text	fde
0x4c1160	12	.text	fde
0x4c1170	4	.text	fde
0x4c1180	4	.text	fde
0x4c1190	5	.text	fde
0x4c11a0	38	.text	fde
0x4c11d0	477	.text	fde
0x4c13b0	164	.text	fde
0x4c1460	174	.text	fde
0x4c1510	63	.text	fde
0x4c1550	63	.text	fde
0x4c1590	898	.text	fde
0x4c1920	1247	.text	fde
0x4c1e00	8	.text	fde
0x4c1e10	44	.text	fde
0x4c1e40	51	.text	fde
0x4c1e80	12	.text	fde
0x4c1e90	2	.text	fde
0x4c1ea0	34	.text	fde
0x4c1ed0	38	.text	fde
0x4c1f00	164	.text	fde
0x4c1fb0	166	.text	fde
0x4c2060	166	.text	fde
0x4c2110	51	.text	fde
0x4c2150	69	.text	fde
0x4c21a0	20	.text	fde
0x4c21c0	8	.text	fde
0x4c21d0	200	.text	fde
0x4c22a0	5	.text	fde
0x4c22b0	8	.text	fde
0x4c22c0	6	.text	thunk
0x4c22d0	2	.text	fde
0x4c22e0	6	.text	thunk
0x4c22f0	3	.text	fde
0x4c2300	588	.text	fde
0x4c2550	7	.text	fde
0x4c2560	7	.text	fde
0x4c2570	8	.text	fde
0x4c2580	8	.text	fde
0x4c2590	190	.text	fde
0x4c2650	42	.text	fde
0x4c2680	12	.text	fde
0x4c2690	38	.text	fde
0x4c26c0	61	.text	fde
0x4c2700	113	.text	fde
0x4c2780	85	.text	fde
0x4c27e0	103	.text	fde
0x4c2850	114	.text	fde
0x4c28d0	180	.text	fde
0x4c2990	114	.text	fde
0x4c2a10	131	.text	fde
0x4c2aa0	148	.text	fde
0x4c2b40	119	.text	fde
0x4c2bc0	96	.text	fde
0x4c2c20	606	.text	fde
0x4c2e80	237	.text	fde
0x4c2f70	142	.text	fde
0x4c3000	716	.text	fde
0x4c32d0	182	.text	fde
0x4c3390	6	.text	thunk
0x4c33a0	133	.text	fde
0x4c3430	321	.text	fde
0x4c3580	200	.text	fde
0x4c3650	221	.text	fde
0x4c3730	175	.text	fde
0x4c37e0	193	.text	fde
0x4c38b0	223	.text	fde
0x4c3990	193	.text	fde
0x4c3a60	191	.text	fde
0x4c3b20	201	.text	fde
0x4c3bf0	143	.text	fde
0x4c3c80	143	.text	fde
0x4c3d10	207	.text	fde
0x4c3de0	227	.text	fde
0x4c3ed0	184	.text	fde
0x4c3f90	173	.text	fde
0x4c4040	207	.text	fde
0x4c4110	259	.text	fde
0x4c4220	94	.text	fde
0x4c4280	71	.text	fde
0x4c42d0	94	.text	fde
0x4c4330	863	.text	fde
0x4c4690	1525	.text	fde
0x4c4c90	1525	.text	fde
0x4c5290	110	.text	fde
0x4c5300	1127	.text	fde
0x4c5770	6	.text	thunk
0x4c5780	1135	.text	fde
0x4c5bf0	6	.text	thunk
0x4c5c00	1127	.text	fde
0x4c6070	630	.text	fde
0x4c62f0	211	.text	fde
0x4c63d0	188	.text	fde
0x4c6490	507	.text	fde
0x4c6690	35	.text	fde
0x4c66c0	89	.text	fde
0x4c6720	143	.text	fde
0x4c67b0	5	.text	fde
0x4c67c0	8	.text	fde
0x4c67d0	8	.text	fde
0x4c67e0	7	.text	fde
0x4c67f0	7	.text	fde
0x4c6800	34	.text	fde
0x4c6830	3	.text	fde
0x4c6840	3	.text	fde
0x4c6850	30	.text	fde
0x4c6870	27	.text	fde
0x4c6890	21	.text	fde
0x4c68b0	18	.text	fde
0x4c68d0	21	.text	fde
0x4c68f0	18	.text	fde
0x4c6910	151	.text	fde
0x4c69b0	8	.text	fde
0x4c69c0	1540	.text	fde
0x4c6fd0	8	.text	fde
0x4c6fe0	208	.text	fde
0x4c70b0	385	.text	fde
0x4c7240	18	.text	fde
0x4c7260	12	.text	fde
0x4c7270	79	.text	fde
0x4c72c0	93	.text	fde
0x4c7320	1877	.text	fde
0x4c7a80	216	.text	fde
0x4c7b60	18	.text	fde
0x4c7b80	505	.text	fde
0x4c7d80	395	.text	fde
0x4c7f10	85	.text	fde
0x4c7f70	527	.text	fde
0x4c8180	188	.text	fde
0x4c8240	447	.text	fde
0x4c8400	194	.text	fde
0x4c84d0	494	.text	fde
0x4c86c0	163	.text	fde
0x4c8770	69	.text	fde
0x4c87c0	368	.text	fde
0x4c8930	123	.text	fde
0x4c89b0	123	.text	fde
0x4c8a30	119	.text	fde
0x4c8ab0	66	.text	fde
0x4c8b00	373	.text	fde
0x4c8c80	401	.text	fde
0x4c8e20	361	.text	fde
0x4c8f90	361	.text	fde
0x4c9100	401	.text	fde
0x4c92a0	98	.text	fde
0x4c9310	100	.text	fde
0x4c9380	685	.text	fde
0x4c9630	770	.text	fde
0x4c9940	263	.text	fde
0x4c9a50	1094	.text	fde
0x4c9ea0	422	.text	fde
0x4ca050	1331	.text	fde
0x4ca590	1548	.text	fde
0x4caba0	5	.text	fde
0x4cabb0	18	.text	fde
0x4cabd0	21	.text	fde
0x4cabf0	18	.text	fde
0x4cac10	21	.text	fde
0x4cac30	18	.text	fde
0x4cac50	21	.text	fde
0x4cac70	14	.text	fde
0x4cac80	14	.text	fde
0x4cac90	65	.text	fde
0x4cace0	5	.text	fde
0x4cacf0	38	.text	fde
0x4cad20	782	.text	fde
0x4cb030	418	.text	fde
0x4cb1e0	418	.text	fde
0x4cb390	70	.text	fde
0x4cb3e0	63	.text	fde
0x4cb420	63	.text	fde
0x4cb460	8	.text	fde
0x4cb470	8	.text	fde
0x4cb480	12	.text	fde
0x4cb490	12	.text	fde
0x4cb4a0	30	.text	fde
0x4cb4c0	30	.text	fde
0x4cb4e0	8	.text	fde
0x4cb4f0	8	.text	fde
0x4cb500	34	.text	fde
0x4cb530	38	.text	fde
0x4cb560	12	.text	fde
0x4cb570	53	.text	fde
0x4cb5b0	53	.text	fde
0x4cb5f0	8	.text	fde
0x4cb600	8	.text	fde
0x4cb610	38	.text	fde
0x4cb640	125	.text	fde
0x4cb6c0	12	.text	fde
0x4cb6d0	8	.text	fde
0x4cb6e0	8	.text	fde
0x4cb6f0	38	.text	fde
0x4cb720	336	.text	fde
0x4cb870	12	.text	fde
0x4cb880	253	.text	fde
0x4cb980	253	.text	fde
0x4cba80	38	.text	fde
0x4cbab0	760	.text	fde
0x4cbdb0	41	.text	fde
0x4cbde0	34	.text	fde
0x4cbe10	34	.text	fde
0x4cbe40	359	.text	fde
0x4cbfb0	359	.text	fde
0x4cc120	43	.text	fde
0x4cc150	43	.text	fde
0x4cc180	8	.text	fde
0x4cc190	8	.text	fde
0x4cc1a0	170	.text	fde
0x4cc250	38	.text	fde
0x4cc280	12	.text	fde
0x4cc290	140	.text	fde
0x4cc320	38	.text	fde
0x4cc350	303	.text	fde
0x4cc480	173	.text	fde
0x4cc530	166	.text	fde
0x4cc5e0	166	.text	fde
0x4cc690	303	.text	fde
0x4cc7c0	401	.text	fde
0x4cc960	305	.text	fde
0x4ccaa0	8	.text	fde
0x4ccab0	27	.text	fde
0x4ccad0	6	.text	fde
0x4ccae0	38	.text	fde
0x4ccb10	122	.text	fde
0x4ccb90	5083	.text	fde
0x4cdf70	373	.text	fde
0x4ce0f0	361	.text	fde
0x4ce260	361	.text	fde
0x4ce3d0	5083	.text	fde
0x4cf7b0	165	.text	fde
0x4cf860	3	.text	fde
0x4cf870	8	.text	fde
0x4cf880	57	.text	fde
0x4cf8c0	309	.text	fde
0x4cfa00	72	.text	fde
0x4cfa50	33	.text	fde
0x4cfa80	94	.text	fde
0x4cfae0	38	.text	fde
0x4cfb10	346	.text	fde
0x4cfc70	227	.text	fde
0x4cfd60	396	.text	fde
0x4cfef0	518	.text	fde
0x4d0100	122	.text	fde
0x4d0180	345	.text	fde
0x4d02e0	345	.text	fde
0x4d0440	2119	.text	fde
0x4d0c90	2119	.text	fde
0x4d14e0	3539	.text	fde
0x4d22c0	2523	.text	fde
0x4d2ca0	661	.text	fde
0x4d2f40	113	.text	fde
0x4d2fc0	237	.text	fde
0x4d30b0	321	.text	fde
0x4d3200	18	.text	fde
0x4d3220	77	.text	fde
0x4d3270	1014	.text	fde
0x4d3670	77	.text	fde
0x4d36c0	155	.text	fde
0x4d3760	170	.text	fde
0x4d3810	414	.text	fde
0x4d39b0	25	.text	fde
0x4d39d0	12	.text	fde
0x4d39e0	217	.text	fde
0x4d3ac0	662	.text	fde
0x4d3d60	549	.text	fde
0x4d3f90	279	.text	fde
0x4d40b0	1799	.text	fde
0x4d47c0	327	.text	fde
0x4d4910	401	.text	fde
0x4d4ab0	1116	.text	fde
0x4d4f10	380	.text	fde
0x4d5090	1230	.text	fde
0x4d5560	497	.text	fde
0x4d5760	641	.text	fde
0x4d59f0	1698	.text	fde
0x4d60a0	105	.text	fde
0x4d6110	8	.text	fde
0x4d6120	8	.text	fde
0x4d6130	6	.text	fde
0x4d6140	38	.text	fde
0x4d6170	122	.text	fde
0x4d61f0	373	.text	fde
0x4d6370	361	.text	fde
0x4d64e0	361	.text	fde
0x4d6650	4087	.text	fde
0x4d7650	4087	.text	fde
0x4d8650	229	.text	fde
0x4d8740	8	.text	fde
0x4d8750	3	.text	fde
0x4d8760	7	.text	fde
0x4d8770	38	.text	fde
0x4d87a0	122	.text	fde
0x4d8820	236	.text	fde
0x4d8910	2344	.text	fde
0x4d9240	2344	.text	fde
0x4d9b70	451	.text	fde
0x4d9d40	444	.text	fde
0x4d9f00	444	.text	fde
0x4da0c0	363	.text	fde
0x4da230	356	.text	fde
0x4da3a0	38	.text	fde
0x4da3d0	1032	.text	fde
0x4da7e0	209	.text	fde
0x4da8c0	61	.text	fde
0x4da900	61	.text	fde
0x4da940	12	.text	fde
0x4da950	25	.text	fde
0x4da970	51	.text	fde
0x4da9b0	51	.text	fde
0x4da9f0	51	.text	fde
0x4daa30	51	.text	fde
0x4daa70	1805	.text	fde
0x4db180	12	.text	fde
0x4db190	12	.text	fde
0x4db1a0	27	.text	fde
0x4db1c0	38	.text	fde
0x4db1f0	41	.text	fde
0x4db220	34	.text	fde
0x4db250	34	.text	fde
0x4db280	861	.text	fde
0x4db5e0	861	.text	fde
0x4db940	8	.text	fde
0x4db950	12	.text	fde
0x4db960	879	.text	fde
0x4dbcd0	38	.text	fde
0x4dbd00	645	.text	fde
0x4dbf90	138	.text	fde
0x4dc020	194	.text	fde
0x4dc0f0	194	.text	fde
0x4dc1c0	85	.text	fde
0x4dc220	93	.text	fde
0x4dc280	85	.text	fde
0x4dc2e0	50	.text	fde
0x4dc320	50	.text	fde
0x4dc360	38	.text	fde
0x4dc390	28	.text	fde
0x4dc3b0	91	.text	fde
0x4dc410	91	.text	fde
0x4dc470	251	.text	fde
0x4dc570	98	.text	fde
0x4dc5e0	8	.text	fde
0x4dc5f0	12	.text	fde
0x4dc600	68	.text	fde
0x4dc650	68	.text	fde
0x4dc6a0	15	.text	fde
0x4dc6b0	27	.text	fde
0x4dc6d0	86	.text	fde
0x4dc730	60	.text	fde
0x4dc770	15	.text	fde
0x4dc780	4	.text	fde
0x4dc790	38	.text	fde
0x4dc7c0	41	.text	fde
0x4dc7f0	34	.text	fde
0x4dc820	34	.text	fde
0x4dc850	191	.text	fde
0x4dc910	8	.text	fde
0x4dc920	325	.text	fde
0x4dca70	488	.text	fde
0x4dcc60	635	.text	fde
0x4dcee0	12	.text	fde
0x4dcef0	949	.text	fde
0x4dd2b0	250	.text	fde
0x4dd3b0	5	.text	fde
0x4dd3c0	2	.text	fde
0x4dd3d0	5	.text	fde
0x4dd3e0	4	.text	fde
0x4dd3f0	4	.text	fde
0x4dd400	12	.text	fde
0x4dd410	8	.text	fde
0x4dd420	4	.text	fde
0x4dd430	4	.text	fde
0x4dd440	4	.text	fde
0x4dd450	4	.text	fde
0x4dd460	250	.text	fde
0x4dd560	4	.text	fde
0x4dd570	38	.text	fde
0x4dd5a0	81	.text	fde
0x4dd600	280	.text	fde
0x4dd720	335	.text	fde
0x4dd870	800	.text	fde
0x4ddb90	517	.text	fde
0x4ddda0	254	.text	fde
0x4ddea0	64	.text	fde
0x4ddee0	347	.text	fde
0x4de040	347	.text	fde
0x4de1a0	66	.text	fde
0x4de1f0	66	.text	fde
0x4de240	70	.text	fde
0x4de290	70	.text	fde
0x4de2e0	311	.text	fde
0x4de420	34	.text	fde
0x4de450	34	.text	fde
0x4de480	758	.text	fde
0x4de780	485	.text	fde
0x4de970	10	.text	fde
0x4de980	41	.text	fde
0x4de9b0	382	.text	fde
0x4deb30	382	.text	fde
0x4decb0	620	.text	fde
0x4def20	23	.text	fde
0x4def40	8	.text	fde
0x4def50	12	.text	fde
0x4def60	26	.text	fde
0x4def80	3	.text	fde
0x4def90	2	.text	fde
0x4defa0	59	.text	fde
0x4defe0	2	.text	fde
0x4deff0	33	.text	fde
0x4df020	3	.text	fde
0x4df030	3	.text	fde
0x4df040	2	.text	fde
0x4df050	8	.text	fde
0x4df060	8	.text	fde
0x4df070	8	.text	fde
0x4df080	8	.text	fde
0x4df090	8	.text	fde
0x4df0a0	133	.text	fde
0x4df130	669	.text	fde
0x4df3d0	2	.text	fde
0x4df3e0	2	.text	fde
0x4df3f0	2	.text	fde
0x4df400	2	.text	fde
0x4df410	2	.text	fde
0x4df420	2	.text	fde
0x4df430	556	.text	fde
0x4df660	513	.text	fde
0x4df870	101	.text	fde
0x4df8e0	21	.text	fde
0x4df900	21	.text	fde
0x4df920	58	.text	fde
0x4df960	59	.text	fde
0x4df9a0	7	.text	fde
0x4df9b0	7	.text	fde
0x4df9c0	2	.text	fde
0x4df9d0	6	.text	fde
0x4df9e0	2	.text	fde
0x4df9f0	2	.text	fde
0x4dfa00	15	.text	fde
0x4dfa10	3	.text	fde
0x4dfa20	33	.text	fde
0x4dfa50	66	.text	fde
0x4dfaa0	6	.text	fde
0x4dfab0	193	.text	fde
0x4dfb80	10	.text	fde
0x4dfb90	337	.text	fde
0x4dfcf0	50	.text	fde
0x4dfd30	255	.text	fde
0x4dfe30	97	.text	fde
0x4dfea0	36	.text	fde
0x4dfed0	3	.text	fde
0x4dfee0	61	.text	fde
0x4dff20	3	.text	fde
0x4dff30	3	.text	fde
0x4dff40	6	.text	thunk
0x4dff50	59	.text	fde
0x4dff90	6	.text	thunk
0x4dffa0	22	.text	fde
0x4dffc0	6	.text	thunk
0x4dffd0	64	.text	fde
0x4e0010	2	.text	fde
0x4e0020	6	.text	thunk
0x4e0030	521	.text	fde
0x4e0240	38	.text	fde
0x4e0270	6	.text	thunk
0x4e0280	17	.text	fde
0x4e02a0	6	.text	thunk
0x4e02b0	28	.text	fde
0x4e02d0	28	.text	fde
0x4e02f0	6	.text	thunk
0x4e0300	378	.text	fde
0x4e0480	6	.text	thunk
0x4e0490	314	.text	fde
0x4e05d0	6	.text	thunk
0x4e05e0	357	.text	fde
0x4e0750	6	.text	thunk
0x4e0760	28	.text	fde
0x4e0780	6	.text	thunk
0x4e0790	28	.text	fde
0x4e07b0	499	.text	fde
0x4e09b0	507	.text	fde
0x4e0bb0	146	.text	fde
0x4e0c50	108	.text	fde
0x4e0cc0	134	.text	fde
0x4e0d50	12	.text	fde
0x4e0d60	565	.text	fde
0x4e0fa0	78	.text	fde
0x4e0ff0	54	.text	fde
0x4e1030	188	.text	fde
0x4e10f0	182	.text	fde
0x4e11b0	5	.text	fde
0x4e11c0	182	.text	fde
0x4e1280	182	.text	fde
0x4e1340	6	.text	thunk
0x4e1350	171	.text	fde
0x4e1400	142	.text	fde
0x4e1490	143	.text	fde
0x4e1520	60	.text	fde
0x4e1560	6	.text	thunk
0x4e1570	380	.text	fde
0x4e16f0	6	.text	thunk
0x4e1700	476	.text	fde
0x4e18e0	6	.text	thunk
0x4e18f0	460	.text	fde
0x4e1ac0	6	.text	thunk
0x4e1ad0	146	.text	fde
0x4e1b70	6	.text	thunk
0x4e1b80	265	.text	fde
0x4e1c90	94	.text	fde
0x4e1cf0	617	.text	fde
0x4e1f60	617	.text	fde
0x4e21d0	1373	.text	fde
0x4e2730	623	.text	fde
0x4e29a0	1373	.text	fde
0x4e2f00	93	.text	fde
0x4e2f60	617	.text	fde
0x4e31d0	617	.text	fde
0x4e3440	617	.text	fde
0x4e36b0	287	.text	fde
0x4e37d0	157	.text	fde
0x4e3870	476	.text	fde
0x4e3a50	665	.text	fde
0x4e3cf0	665	.text	fde
0x4e3f90	803	.text	fde
0x4e42c0	762	.text	fde
0x4e45c0	535	.text	fde
0x4e47e0	222	.text	fde
0x4e48c0	127	.text	fde
0x4e4940	178	.text	fde
0x4e4a00	201	.text	fde
0x4e4ad0	778	.text	fde
0x4e4de0	8	.text	fde
0x4e4df0	2	.text	fde
0x4e4e00	2	.text	fde
0x4e4e10	2	.text	fde
0x4e4e20	2	.text	fde
0x4e4e30	2	.text	fde
0x4e4e40	2	.text	fde
0x4e4e50	2	.text	fde
0x4e4e60	8	.text	fde
0x4e4e70	3	.text	fde
0x4e4e80	3	.text	fde
0x4e4e90	3	.text	fde
0x4e4ea0	3	.text	fde
0x4e4eb0	2	.text	fde
0x4e4ec0	2	.text	fde
0x4e4ed0	12	.text	fde
0x4e4ee0	1240	.text	fde
0x4e53c0	69	.text	fde
0x4e5410	69	.text	fde
0x4e5460	69	.text	fde
0x4e54b0	69	.text	fde
0x4e5500	401	.text	fde
0x4e56a0	217	.text	fde
0x4e5780	947	.text	fde
0x4e5b40	318	.text	fde
0x4e5c80	368	.text	fde
0x4e5df0	368	.text	fde
0x4e5f60	368	.text	fde
0x4e60d0	947	.text	fde
0x4e6490	318	.text	fde
0x4e65d0	1290	.text	fde
0x4e6ae0	422	.text	fde
0x4e6c90	1578	.text	fde
0x4e72c0	685	.text	fde
0x4e7570	685	.text	fde
0x4e7820	422	.text	fde
0x4e79d0	685	.text	fde
0x4e7c80	1331	.text	fde
0x4e81c0	770	.text	fde
0x4e84d0	255	.text	fde
0x4e85d0	770	.text	fde
0x4e88e0	263	.text	fde
0x4e89f0	1436	.text	fde
0x4e8f90	770	.text	fde
0x4e92a0	255	.text	fde
0x4e93a0	1331	.text	fde
0x4e98e0	1354	.text	fde
0x4e9e30	1019	.text	fde
0x4ea230	422	.text	fde
0x4ea3e0	382	.text	fde
0x4ea560	1331	.text	fde
0x4eaaa0	87	.text	fde
0x4eab00	143	.text	fde
0x4eab90	168	.text	fde
0x4eac40	6	.text	fde
0x4eac50	6	.text	fde
0x4eac60	6	.text	fde
0x4eac70	34	.text	fde
0x4eaca0	34	.text	fde
0x4eacd0	26	.text	fde
0x4eacf0	26	.text	fde
0x4ead10	34	.text	fde
0x4ead40	26	.text	fde
0x4ead60	34	.text	fde
0x4ead90	18	.text	fde
0x4eadb0	34	.text	fde
0x4eade0	18	.text	fde
0x4eae00	18	.text	fde
0x4eae20	26	.text	fde
0x4eae40	18	.text	fde
0x4eae60	18	.text	fde
0x4eae80	18	.text	fde
0x4eaea0	34	.text	fde
0x4eaed0	34	.text	fde
0x4eaf00	26	.text	fde
0x4eaf20	34	.text	fde
0x4eaf50	34	.text	fde
0x4eaf80	34	.text	fde
0x4eafb0	34	.text	fde
0x4eafe0	34	.text	fde
0x4eb010	34	.text	fde
0x4eb040	34	.text	fde
0x4eb070	34	.text	fde
0x4eb0a0	50	.text	fde
0x4eb0e0	18	.text	fde
0x4eb100	26	.text	fde
0x4eb120	46	.text	fde
0x4eb150	46	.text	fde
0x4eb180	2	.text	fde
0x4eb190	26	.text	fde
0x4eb1b0	26	.text	fde
0x4eb1d0	26	.text	fde
0x4eb1f0	18	.text	fde
0x4eb210	34	.text	fde
0x4eb240	26	.text	fde
0x4eb260	26	.text	fde
0x4eb280	26	.text	fde
0x4eb2a0	34	.text	fde
0x4eb2d0	34	.text	fde
0x4eb300	8	.text	fde
0x4eb310	9	.text	thunk
0x4eb320	73	.text	fde
0x4eb370	9	.text	thunk
0x4eb380	73	.text	fde
0x4eb3d0	9	.text	thunk
0x4eb3e0	12	.text	fde
0x4eb3f0	9	.text	thunk
0x4eb400	4	.text	fde
0x4eb410	5	.text	fde
0x4eb420	5	.text	fde
0x4eb430	6	.text	fde
0x4eb440	6	.text	thunk
0x4eb450	2	.text	fde
0x4eb460	8	.text	fde
0x4eb470	3	.text	fde
0x4eb480	38	.text	fde
0x4eb4b0	296	.text	fde
0x4eb5e0	65	.text	fde
0x4eb630	145	.text	fde
0x4eb6d0	6	.text	thunk
0x4eb6e0	294	.text	fde
0x4eb810	9	.text	thunk
0x4eb820	25	.text	fde
0x4eb840	24	.text	fde
0x4eb860	173	.text	fde
0x4eb910	244	.text	fde
0x4eba10	508	.text	fde
0x4ebc10	762	.text	fde
0x4ebf10	48	.text	fde
0x4ebf40	408	.text	fde
0x4ec0e0	70	.text	fde
0x4ec130	765	.text	fde
0x4ec430	120	.text	fde
0x4ec4b0	9	.text	thunk
0x4ec4c0	1201	.text	fde
0x4ec980	233	.text	fde
0x4eca70	373	.text	fde
0x4ecbf0	17	.text	fde
0x4ecc10	1227	.text	fde
0x4ed0e0	1035	.text	fde
0x4ed4f0	102	.text	fde
0x4ed560	66	.text	fde
0x4ed5b0	559	.text	fde
0x4ed7e0	350	.text	fde
0x4ed940	345	.text	fde
0x4edaa0	97	.text	fde
0x4edb10	187	.text	fde
0x4edbd0	26	.text	fde
0x4edbf0	9	.text	thunk
0x4edc00	161	.text	fde
0x4edcb0	6	.text	thunk
0x4edcc0	269	.text	fde
0x4eddd0	6	.text	thunk
0x4edde0	206	.text	fde
0x4edeb0	572	.text	fde
0x4ee0f0	1163	.text	fde
0x4ee580	1225	.text	fde
0x4eea50	3428	.text	fde
0x4ef7c0	9	.text	thunk
0x4ef7d0	153	.text	fde
0x4ef870	153	.text	fde
0x4ef910	2747	.text	fde
0x4f03d0	735	.text	fde
0x4f06b0	144	.text	fde
0x4f0740	735	.text	fde
0x4f0a20	2030	.text	fde
0x4f1210	26	.text	fde
0x4f1230	212	.text	fde
0x4f1310	648	.text	fde
0x4f15a0	464	.text	fde
0x4f1770	656	.text	fde
0x4f1a00	464	.text	fde
0x4f1bd0	2712	.text	fde
0x4f2670	8	.text	fde
0x4f2680	2	.text	fde
0x4f2690	6	.text	fde
0x4f26a0	2	.text	fde
0x4f26b0	3	.text	fde
0x4f26c0	8	.text	fde
0x4f26d0	15	.text	fde
0x4f26e0	2	.text	fde
0x4f26f0	8	.text	fde
0x4f2700	6	.text	fde
0x4f2710	6	.text	fde
0x4f2720	6	.text	fde
0x4f2730	6	.text	fde
0x4f2740	8	.text	fde
0x4f2750	8	.text	fde
0x4f2760	8	.text	fde
0x4f2770	8	.text	fde
0x4f2780	8	.text	fde
0x4f2790	8	.text	fde
0x4f27a0	8	.text	fde
0x4f27b0	8	.text	fde
0x4f27c0	8	.text	fde
0x4f27d0	12	.text	fde
0x4f27e0	12	.text	fde
0x4f27f0	12	.text	fde
0x4f2800	12	.text	fde
0x4f2810	12	.text	fde
0x4f2820	12	.text	fde
0x4f2830	12	.text	fde
0x4f2840	12	.text	fde
0x4f2850	12	.text	fde
0x4f2860	12	.text	fde
0x4f2870	12	.text	fde
0x4f2880	12	.text	fde
0x4f2890	28	.text	fde
0x4f28b0	28	.text	fde
0x4f28d0	561	.text	fde
0x4f2b10	92	.text	fde
0x4f2b70	178	.text	fde
0x4f2c30	133	.text	fde
0x4f2cc0	234	.text	fde
0x4f2db0	245	.text	fde
0x4f2eb0	234	.text	fde
0x4f2fa0	316	.text	fde
0x4f30e0	316	.text	fde
0x4f3220	332	.text	fde
0x4f3370	591	.text	fde
0x4f35c0	13	.text	fde
0x4f35d0	5	.text	fde
0x4f35e0	13	.text	fde
0x4f35f0	5	.text	fde
0x4f3600	5	.text	fde
0x4f3610	6	.text	fde
0x4f3620	3	.text	fde
0x4f3630	23	.text	fde
0x4f3650	38	.text	fde
0x4f3680	58	.text	fde
0x4f36c0	318	.text	fde
0x4f3800	318	.text	fde
0x4f3940	91	.text	fde
0x4f39a0	98	.text	fde
0x4f3a10	91	.text	fde
0x4f3a70	8	.text	fde
0x4f3a80	12	.text	fde
0x4f3a90	143	.text	fde
0x4f3b20	105	.text	fde
0x4f3b90	19	.text	fde
0x4f3bb0	45	.text	fde
0x4f3be0	234	.text	fde
0x4f3cd0	2	.text	fde
0x4f3ce0	6	.text	fde
0x4f3cf0	6	.text	fde
0x4f3d00	82	.text	fde
0x4f3d60	3	.text	fde
0x4f3d70	38	.text	fde
0x4f3da0	139	.text	fde
0x4f3e30	406	.text	fde
0x4f3fd0	163	.text	fde
0x4f4080	35	.text	fde
0x4f40b0	71	.text	fde
0x4f4100	163	.text	fde
0x4f41b0	210	.text	fde
0x4f4290	130	.text	fde
0x4f4320	956	.text	fde
0x4f46e0	125	.text	fde
0x4f4760	75	.text	fde
0x4f47b0	388	.text	fde
0x4f4940	388	.text	fde
0x4f4ad0	305	.text	fde
0x4f4c10	297	.text	fde
0x4f4d40	297	.text	fde
0x4f4e70	956	.text	fde
0x4f5230	126	.text	fde
0x4f52b0	4859	.text	fde
0x4f65b0	3230	.text	fde
0x4f7250	3230	.text	fde
0x4f7ef0	2	.text	fde
0x4f7f00	258	.text	fde
0x4f8010	32	.text	fde
0x4f8030	5	.text	fde
0x4f8040	5	.text	fde
0x4f8050	2	.text	fde
0x4f8060	38	.text	fde
0x4f8090	41	.text	fde
0x4f80c0	34	.text	fde
0x4f80f0	34	.text	fde
0x4f8120	106	.text	fde
0x4f8190	85	.text	fde
0x4f81f0	78	.text	fde
0x4f8240	85	.text	fde
0x4f82a0	8	.text	fde
0x4f82b0	12	.text	fde
0x4f82c0	54	.text	fde
0x4f8300	3	.text	fde
0x4f8310	5	.text	fde
0x4f8320	2	.text	fde
0x4f8330	38	.text	fde
0x4f8360	298	.text	fde
0x4f8490	49	.text	fde
0x4f84d0	8	.text	fde
0x4f84e0	163	.text	fde
0x4f8590	63	.text	fde
0x4f85d0	33	.text	fde
0x4f8600	33	.text	fde
0x4f8630	27	.text	fde
0x4f8650	176	.text	fde
0x4f8700	293	.text	fde
0x4f8830	8	.text	fde
0x4f8840	163	.text	fde
0x4f88f0	430	.text	fde
0x4f8aa0	118	.text	fde
0x4f8b20	22	.text	fde
0x4f8b40	459	.text	fde
0x4f8d10	61	.text	fde
0x4f8d50	24	.text	fde
0x4f8d70	24	.text	fde
0x4f8d90	211	.text	fde
0x4f8e70	400	.text	fde
0x4f9000	415	.text	fde
0x4f91a0	349	.text	fde
0x4f9300	422	.text	fde
0x4f94b0	100	.text	fde
0x4f9520	11	.text	fde
0x4f9530	275	.text	fde
0x4f9650	153	.text	fde
0x4f96f0	193	.text	fde
0x4f97c0	363	.text	fde
0x4f9930	363	.text	fde
0x4f9aa0	201	.text	fde
0x4f9b70	193	.text	fde
0x4f9c40	823	.text	fde
0x4f9f80	1095	.text	fde
0x4fa3d0	1081	.text	fde
0x4fa810	8	.text	fde
0x4fa820	8	.text	fde
0x4fa830	8	.text	fde
0x4fa840	9	.text	fde
0x4fa850	8	.text	fde
0x4fa860	8	.text	fde
0x4fa870	12	.text	fde
0x4fa880	12	.text	fde
0x4fa890	12	.text	fde
0x4fa8a0	12	.text	fde
0x4fa8b0	12	.text	fde
0x4fa8c0	93	.text	fde
0x4fa920	86	.text	fde
0x4fa980	617	.text	fde
0x4fabf0	69	.text	fde
0x4fac40	92	.text	fde
0x4faca0	11	.text	fde
0x4facb0	8	.text	fde
0x4facc0	6	.text	thunk
0x4facd0	6	.text	thunk
0x4face0	43	.text	fde
0x4fad10	8	.text	fde
0x4fad20	8	.text	fde
0x4fad30	8	.text	fde
0x4fad40	360	.text	fde
0x4faeb0	239	.text	fde
0x4fafa0	24	.text	fde
0x4fafc0	5	.text	fde
0x4fafd0	38	.text	fde
0x4fb000	503	.text	fde
0x4fb200	117	.text	fde
0x4fb280	410	.text	fde
0x4fb420	6	.text	thunk
0x4fb430	6	.text	thunk
0x4fb440	417	.text	fde
0x4fb5f0	1110	.text	fde
0x4fba50	522	.text	fde
0x4fbc60	658	.text	fde
0x4fbf00	110	.text	fde
0x4fbf70	658	.text	fde
0x4fc210	296	.text	fde
0x4fc340	172	.text	fde
0x4fc3f0	172	.text	fde
0x4fc4a0	240	.text	fde
0x4fc590	177	.text	fde
0x4fc650	189	.text	fde
0x4fc710	178	.text	fde
0x4fc7d0	163	.text	fde
0x4fc880	168	.text	fde
0x4fc930	192	.text	fde
0x4fc9f0	193	.text	fde
0x4fcac0	213	.text	fde
0x4fcba0	109	.text	fde
0x4fcc10	242	.text	fde
0x4fcd10	210	.text	fde
0x4fcdf0	257	.text	fde
0x4fcf00	193	.text	fde
0x4fcfd0	172	.text	fde
0x4fd080	219	.text	fde
0x4fd160	206	.text	fde
0x4fd230	206	.text	fde
0x4fd300	230	.text	fde
0x4fd3f0	178	.text	fde
0x4fd4b0	287	.text	fde
0x4fd5d0	258	.text	fde
0x4fd6e0	195	.text	fde
0x4fd7b0	452	.text	fde
0x4fd980	6	.text	thunk
0x4fd990	178	.text	fde
0x4fda50	2381	.text	fde
0x4fe3a0	377	.text	fde
0x4fe520	6	.text	thunk
0x4fe530	6	.text	thunk
0x4fe540	514	.text	fde
0x4fe750	89	.text	fde
0x4fe7b0	84	.text	fde
0x4fe810	233	.text	fde
0x4fe900	232	.text	fde
0x4fe9f0	31	.text	fde
0x4fea10	60	.text	fde
0x4fea50	70	.text	fde
0x4feaa0	52	.text	fde
0x4feae0	5	.text	fde
0x4feaf0	5	.text	fde
0x4feb00	5	.text	fde
0x4feb10	61	.text	fde
0x4feb50	5	.text	fde
0x4feb60	5	.text	fde
0x4feb70	5	.text	fde
0x4feb80	5	.text	fde
0x4feb90	9	.text	fde
0x4feba0	4	.text	fde
0x4febb0	8	.text	fde
0x4febc0	7	.text	fde
0x4febd0	7	.text	fde
0x4febe0	7	.text	fde
0x4febf0	6	.text	thunk
0x4fec00	100	.text	fde
0x4fec70	87	.text	fde
0x4fecd0	5	.text	fde
0x4fece0	135	.text	fde
0x4fed70	8	.text	fde
0x4fed80	74	.text	fde
0x4fedd0	21	.text	fde
0x4fedf0	639	.text	fde
0x4ff070	267	.text	fde
0x4ff180	235	.text	fde
0x4ff270	35	.text	fde
0x4ff2a0	136	.text	fde
0x4ff330	256	.text	fde
0x4ff430	8	.text	fde
0x4ff440	8	.text	fde
0x4ff450	82	.text	fde
0x4ff4b0	61	.text	fde
0x4ff4f0	18	.text	fde
0x4ff510	12	.text	fde
0x4ff520	382	.text	fde
0x4ff6a0	9	.text	fde
0x4ff6b0	54	.text	fde
0x4ff6f0	71	.text	fde
0x4ff740	113	.text	fde
0x4ff7c0	76	.text	fde
0x4ff810	69	.text	fde
0x4ff860	1917	.text	fde
0x4fffe0	635	.text	fde
0x500260	212	.text	fde
0x500340	198	.text	fde
0x500410	290	.text	fde
0x500540	368	.text	fde
0x5006b0	300	.text	fde
0x5007e0	221	.text	fde
0x5008c0	980	.text	fde
0x500ca0	4473	.text	fde
0x501e20	4523	.text	fde
0x502fd0	685	.text	fde
0x503280	770	.text	fde
0x503590	255	.text	fde
0x503690	1019	.text	fde
0x503a90	422	.text	fde
0x503c40	437	.text	fde
0x503e00	1331	.text	fde
0x504340	119	.text	fde
0x5043c0	139	.text	fde
0x504450	322	.text	fde
0x5045a0	6	.text	thunk
0x5045b0	33	.text	fde
0x5045e0	6	.text	thunk
0x5045f0	20	.text	fde
0x504610	20	.text	fde
0x504630	6	.text	thunk
0x504640	132	.text	fde
0x5046d0	6	.text	thunk
0x5046e0	124	.text	fde
0x504760	1103	.text	fde
0x504bb0	6	.text	thunk
0x504bc0	165	.text	fde
0x504c70	8	.text	fde
0x504c80	45	.text	fde
0x504cb0	45	.text	fde
0x504ce0	38	.text	fde
0x504d10	115	.text	fde
0x504d90	232	.text	fde
0x504e80	514	.text	fde
0x505090	6	.text	thunk
0x5050a0	517	.text	fde
0x5052b0	6	.text	thunk
0x5052c0	514	.text	fde
0x5054d0	4477	.text	fde
0x506650	1894	.text	fde
0x506dc0	2136	.text	fde
0x507620	6	.text	thunk
0x507630	2219	.text	fde
0x507ee0	6	.text	thunk
0x507ef0	343	.text	fde
0x508050	6	.text	thunk
0x508060	338	.text	fde
0x5081c0	86	.text	fde
0x508220	377	.text	fde
0x5083a0	94	.text	fde
0x508400	38	.text	fde
0x508430	651	.text	fde
0x5086c0	627	.text	fde
0x508940	205	.text	fde
0x508a10	36	.text	fde
0x508a40	36	.text	fde
0x508a70	137	.text	fde
0x508b00	219	.text	fde
0x508be0	140	.text	fde
0x508c70	137	.text	fde
0x508d00	144	.text	fde
0x508d90	140	.text	fde
0x508e20	8	.text	fde
0x508e30	2	.text	fde
0x508e40	6	.text	fde
0x508e50	569	.text	fde
0x509090	12	.text	fde
0x5090a0	7	.text	fde
0x5090b0	38	.text	fde
0x5090e0	100	.text	fde
0x509150	433	.text	fde
0x509310	692	.text	fde
0x5095d0	692	.text	fde
0x509890	578	.text	fde
0x509ae0	671	.text	fde
0x509d80	6	.text	thunk
0x509d90	450	.text	fde
0x509f60	6	.text	thunk
0x509f70	441	.text	fde
0x50a130	6	.text	thunk
0x50a140	341	.text	fde
0x50a2a0	6	.text	thunk
0x50a2b0	348	.text	fde
0x50a410	7	.text	fde
0x50a420	117	.text	fde
0x50a4a0	38	.text	fde
0x50a4d0	84	.text	fde
0x50a530	84	.text	fde
0x50a590	20	.text	fde
0x50a5b0	714	.text	fde
0x50a880	714	.text	fde
0x50ab50	594	.text	fde
0x50adb0	6	.text	thunk
0x50adc0	348	.text	fde
0x50af20	6	.text	thunk
0x50af30	341	.text	fde
0x50b090	341	.text	fde
0x50b1f0	6	.text	thunk
0x50b200	341	.text	fde
0x50b360	6	.text	thunk
0x50b370	348	.text	fde
0x50b4d0	53	.text	fde
0x50b510	100	.text	fde
0x50b580	8	.text	fde
0x50b590	147	.text	fde
0x50b630	151	.text	fde
0x50b6d0	197	.text	fde
0x50b7a0	7	.text	fde
0x50b7b0	130	.text	fde
0x50b840	86	.text	fde
0x50b8a0	115	.text	fde
0x50b920	8	.text	fde
0x50b930	8	.text	fde
0x50b940	7	.text	fde
0x50b950	8	.text	fde
0x50b960	38	.text	fde
0x50b990	344	.text	fde
0x50baf0	71	.text	fde
0x50bb40	2294	.text	fde
0x50c440	6	.text	thunk
0x50c450	743	.text	fde
0x50c740	1571	.text	fde
0x50cd70	236	.text	fde
0x50ce60	1804	.text	fde
0x50d570	482	.text	fde
0x50d760	6	.text	thunk
0x50d770	488	.text	fde
0x50d960	6	.text	thunk
0x50d970	482	.text	fde
0x50db60	808	.text	fde
0x50de90	1265	.text	fde
0x50e390	6	.text	thunk
0x50e3a0	343	.text	fde
0x50e500	6	.text	thunk
0x50e510	338	.text	fde
0x50e670	1309	.text	fde
0x50eb90	503	.text	fde
0x50ed90	39	.text	fde
0x50edc0	18	.text	fde
0x50ede0	146	.text	fde
0x50ee80	6	.text	thunk
0x50ee90	454	.text	fde
0x50f060	253	.text	fde
0x50f160	38	.text	fde
0x50f190	6	.text	thunk
0x50f1a0	33	.text	fde
0x50f1d0	6	.text	thunk
0x50f1e0	20	.text	fde
0x50f200	20	.text	fde
0x50f220	107	.text	fde
0x50f290	107	.text	fde
0x50f300	8	.text	fde
0x50f310	6	.text	thunk
0x50f320	27	.text	fde
0x50f340	38	.text	fde
0x50f370	64	.text	fde
0x50f3b0	132	.text	fde
0x50f440	842	.text	fde
0x50f790	842	.text	fde
0x50fae0	1252	.text	fde
0x50ffd0	666	.text	fde
0x510270	6	.text	thunk
0x510280	432	.text	fde
0x510430	6	.text	thunk
0x510440	425	.text	fde
0x5105f0	6	.text	thunk
0x510600	341	.text	fde
0x510760	6	.text	thunk
0x510770	348	.text	fde
0x5108d0	220	.text	fde
0x5109b0	38	.text	fde
0x5109e0	6	.text	thunk
0x5109f0	174	.text	fde
0x510aa0	6	.text	thunk
0x510ab0	248	.text	fde
0x510bb0	6	.text	thunk
0x510bc0	256	.text	fde
0x510cc0	248	.text	fde
0x510dc0	1540	.text	fde
0x5113d0	1540	.text	fde
0x5119e0	58	.text	fde
0x511a20	38	.text	fde
0x511a50	115	.text	fde
0x511ad0	6	.text	thunk
0x511ae0	241	.text	fde
0x511be0	295	.text	fde
0x511d10	676	.text	fde
0x511fc0	355	.text	fde
0x512130	676	.text	fde
0x5123e0	6	.text	thunk
0x5123f0	348	.text	fde
0x512550	6	.text	thunk
0x512560	341	.text	fde
0x5126c0	341	.text	fde
0x512820	6	.text	thunk
0x512830	341	.text	fde
0x512990	6	.text	thunk
0x5129a0	348	.text	fde
0x512b00	233	.text	fde
0x512bf0	8	.text	fde
0x512c00	6	.text	thunk
0x512c10	696	.text	fde
0x512ed0	38	.text	fde
0x512f00	1071	.text	fde
0x513330	1071	.text	fde
0x513760	896	.text	fde
0x513ae0	6	.text	thunk
0x513af0	348	.text	fde
0x513c50	6	.text	thunk
0x513c60	341	.text	fde
0x513dc0	341	.text	fde
0x513f20	6	.text	thunk
0x513f30	348	.text	fde
0x514090	6	.text	thunk
0x5140a0	341	.text	fde
0x514200	6	.text	thunk
0x514210	346	.text	fde
0x514370	19	.text	fde
0x514390	40	.text	fde
0x5143c0	145	.text	fde
0x514460	7	.text	fde
0x514470	7	.text	fde
0x514480	38	.text	fde
0x5144b0	841	.text	fde
0x514800	813	.text	fde
0x514b30	1065	.text	fde
0x514f60	6	.text	thunk
0x514f70	540	.text	fde
0x515190	6	.text	thunk
0x5151a0	533	.text	fde
0x5153c0	533	.text	fde
0x5155e0	401	.text	fde
0x515780	6	.text	thunk
0x515790	348	.text	fde
0x5158f0	6	.text	thunk
0x515900	341	.text	fde
0x515a60	156	.text	fde
0x515b00	193	.text	fde
0x515bd0	142	.text	fde
0x515c60	28	.text	fde
0x515c80	7	.text	fde
0x515c90	8	.text	fde
0x515ca0	7	.text	fde
0x515cb0	161	.text	fde
0x515d60	8	.text	fde
0x515d70	131	.text	fde
0x515e00	6	.text	thunk
0x515e10	1171	.text	fde
0x5162b0	38	.text	fde
0x5162e0	232	.text	fde
0x5163d0	1343	.text	fde
0x516910	703	.text	fde
0x516bd0	6	.text	thunk
0x516be0	491	.text	fde
0x516dd0	6	.text	thunk
0x516de0	484	.text	fde
0x516fd0	3776	.text	fde
0x517e90	1996	.text	fde
0x518660	1996	.text	fde
0x518e30	6	.text	thunk
0x518e40	348	.text	fde
0x518fa0	6	.text	thunk
0x518fb0	341	.text	fde
0x519110	8	.text	fde
0x519120	14	.text	fde
0x519130	8	.text	fde
0x519140	14	.text	fde
0x519150	8	.text	fde
0x519160	16	.text	fde
0x519170	8	.text	fde
0x519180	38	.text	fde
0x5191b0	71	.text	fde
0x519200	710	.text	fde
0x5194d0	177	.text	fde
0x519590	170	.text	fde
0x519640	170	.text	fde
0x5196f0	249	.text	fde
0x5197f0	1029	.text	fde
0x519c00	1029	.text	fde
0x51a010	76	.text	fde
0x51a060	8	.text	fde
0x51a070	12	.text	fde
0x51a080	13	.text	fde
0x51a090	7	.text	fde
0x51a0a0	14	.text	fde
0x51a0b0	8	.text	fde
0x51a0c0	149	.text	fde
0x51a160	121	.text	fde
0x51a1e0	366	.text	fde
0x51a350	8	.text	fde
0x51a360	277	.text	fde
0x51a480	38	.text	fde
0x51a4b0	55	.text	fde
0x51a4f0	1332	.text	fde
0x51aa30	1332	.text	fde
0x51af70	6	.text	thunk
0x51af80	562	.text	fde
0x51b1c0	6	.text	thunk
0x51b1d0	552	.text	fde
0x51b400	770	.text	fde
0x51b710	2145	.text	fde
0x51bf80	1154	.text	fde
0x51c410	235	.text	fde
0x51c500	12	.text	fde
0x51c510	78	.text	fde
0x51c560	2845	.text	fde
0x51d080	6	.text	thunk
0x51d090	338	.text	fde
0x51d1f0	6	.text	thunk
0x51d200	343	.text	fde
0x51d360	7	.text	fde
0x51d370	7	.text	fde
0x51d380	8	.text	fde
0x51d390	7	.text	fde
0x51d3a0	19	.text	fde
0x51d3c0	40	.text	fde
0x51d3f0	452	.text	fde
0x51d5c0	6	.text	thunk
0x51d5d0	193	.text	fde
0x51d6a0	7	.text	fde
0x51d6b0	239	.text	fde
0x51d7a0	7	.text	fde
0x51d7b0	41	.text	fde
0x51d7e0	7	.text	fde
0x51d7f0	19	.text	fde
0x51d810	54	.text	fde
0x51d850	7	.text	fde
0x51d860	2103	.text	fde
0x51e0a0	7	.text	fde
0x51e0b0	8	.text	fde
0x51e0c0	183	.text	fde
0x51e180	11	.text	fde
0x51e190	6	.text	thunk
0x51e1a0	852	.text	fde
0x51e500	38	.text	fde
0x51e530	20	.text	fde
0x51e550	6	.text	thunk
0x51e560	33	.text	fde
0x51e590	6	.text	thunk
0x51e5a0	20	.text	fde
0x51e5c0	88	.text	fde
0x51e620	698	.text	fde
0x51e8e0	363	.text	fde
0x51ea50	457	.text	fde
0x51ec20	177	.text	fde
0x51ece0	266	.text	fde
0x51edf0	6	.text	thunk
0x51ee00	274	.text	fde
0x51ef20	6	.text	thunk
0x51ef30	177	.text	fde
0x51eff0	6	.text	thunk
0x51f000	266	.text	fde
0x51f110	1504	.text	fde
0x51f6f0	1448	.text	fde
0x51fca0	299	.text	fde
0x51fdd0	4899	.text	fde
0x521100	1021	.text	fde
0x521500	1021	.text	fde
0x521900	925	.text	fde
0x521ca0	698	.text	fde
0x521f60	374	.text	fde
0x5220e0	6	.text	thunk
0x5220f0	185	.text	fde
0x5221b0	1177	.text	fde
0x522650	61	.text	fde
0x522690	6	.text	thunk
0x5226a0	33	.text	fde
0x5226d0	6	.text	thunk
0x5226e0	20	.text	fde
0x522700	6	.text	thunk
0x522710	33	.text	fde
0x522740	6	.text	thunk
0x522750	20	.text	fde
0x522770	401	.text	fde
0x522910	401	.text	fde
0x522ab0	6	.text	thunk
0x522ac0	348	.text	fde
0x522c20	6	.text	thunk
0x522c30	341	.text	fde
0x522d90	38	.text	fde
0x522dc0	249	.text	fde
0x522ec0	253	.text	fde
0x522fc0	874	.text	fde
0x523330	874	.text	fde
0x5236a0	491	.text	fde
0x523890	6	.text	thunk
0x5238a0	348	.text	fde
0x523a00	6	.text	thunk
0x523a10	341	.text	fde
0x523b70	341	.text	fde
0x523cd0	6	.text	thunk
0x523ce0	348	.text	fde
0x523e40	6	.text	thunk
0x523e50	341	.text	fde
0x523fb0	6	.text	thunk
0x523fc0	587	.text	fde
0x524210	8	.text	fde
0x524220	8	.text	fde
0x524230	8	.text	fde
0x524240	265	.text	fde
0x524350	39	.text	fde
0x524380	8	.text	fde
0x524390	8	.text	fde
0x5243a0	30	.text	fde
0x5243c0	37	.text	fde
0x5243f0	63	.text	fde
0x524430	18	.text	fde
0x524450	109	.text	fde
0x5244c0	25	.text	fde
0x5244e0	63	.text	fde
0x524520	366	.text	fde
0x524690	261	.text	fde
0x5247a0	325	.text	fde
0x5248f0	39	.text	fde
0x524920	8	.text	fde
0x524930	38	.text	fde
0x524960	6	.text	thunk
0x524970	1974	.text	fde
0x525130	236	.text	fde
0x525220	104	.text	fde
0x525290	6	.text	thunk
0x5252a0	245	.text	fde
0x5253a0	6	.text	thunk
0x5253b0	237	.text	fde
0x5254a0	237	.text	fde
0x525590	442	.text	fde
0x525750	3624	.text	fde
0x526580	3190	.text	fde
0x527200	2724	.text	fde
0x527cb0	1980	.text	fde
0x528470	1980	.text	fde
0x528c30	3786	.text	fde
0x529b00	6	.text	thunk
0x529b10	242	.text	fde
0x529c10	6	.text	thunk
0x529c20	234	.text	fde
0x529d10	234	.text	fde
0x529e00	1675	.text	fde
0x52a490	1675	.text	fde
0x52ab20	69	.text	fde
0x52ab70	6	.text	thunk
0x52ab80	33	.text	fde
0x52abb0	6	.text	thunk
0x52abc0	20	.text	fde
0x52abe0	20	.text	fde
0x52ac00	6	.text	thunk
0x52ac10	33	.text	fde
0x52ac40	1578	.text	fde
0x52b270	6	.text	thunk
0x52b280	341	.text	fde
0x52b3e0	341	.text	fde
0x52b540	43	.text	fde
0x52b570	43	.text	fde
0x52b5a0	38	.text	fde
0x52b5d0	250	.text	fde
0x52b6d0	243	.text	fde
0x52b7d0	243	.text	fde
0x52b8d0	530	.text	fde
0x52baf0	802	.text	fde
0x52be20	374	.text	fde
0x52bfa0	376	.text	fde
0x52c120	6	.text	fde
0x52c130	4	.text	fde
0x52c140	691	.text	fde
0x52c400	23	.text	fde
0x52c420	23	.text	fde
0x52c440	38	.text	fde
0x52c470	5	.text	fde
0x52c480	137	.text	fde
0x52c510	9	.text	fde
0x52c520	45	.text	fde
0x52c550	12	.text	fde
0x52c560	12	.text	fde
0x52c570	25	.text	fde
0x52c590	2	.text	fde
0x52c5a0	8	.text	fde
0x52c5b0	8	.text	fde
0x52c5c0	3	.text	fde
0x52c5d0	3	.text	fde
0x52c5e0	14	.text	fde
0x52c5f0	38	.text	fde
0x52c620	12	.text	fde
0x52c630	5	.text	fde
0x52c640	38	.text	fde
0x52c670	78	.text	fde
0x52c6c0	155	.text	fde
0x52c760	163	.text	fde
0x52c810	75	.text	fde
0x52c860	80	.text	fde
0x52c8b0	159	.text	fde
0x52c950	185	.text	fde
0x52ca10	142	.text	fde
0x52caa0	267	.text	fde
0x52cbb0	260	.text	fde
0x52ccc0	260	.text	fde
0x52cdd0	1214	.text	fde
0x52d290	671	.text	fde
0x52d530	843	.text	fde
0x52d880	1042	.text	fde
0x52dca0	1507	.text	fde
0x52e290	61	.text	fde
0x52e2d0	1507	.text	fde
0x52e8c0	2837	.text	fde
0x52f3e0	147	.text	fde
0x52f480	58	.text	fde
0x52f4c0	948	.text	fde
0x52f880	315	.text	fde
0x52f9c0	1336	.text	fde
0x52ff00	63	.text	fde
0x52ff40	1437	.text	fde
0x5304e0	95	.text	fde
0x530540	1450	.text	fde
0x530af0	1170	.text	fde
0x530f90	8	.text	fde
0x530fa0	8	.text	fde
0x530fb0	5	.text	fde
0x530fc0	12	.text	fde
0x530fd0	12	.text	fde
0x530fe0	67	.text	fde
0x531030	26	.text	fde
0x531050	41	.text	fde
0x531080	34	.text	fde
0x5310b0	34	.text	fde
0x5310e0	81	.text	fde
0x531140	26	.text	fde
0x531160	359	.text	fde
0x5312d0	354	.text	fde
0x531440	790	.text	fde
0x531760	487	.text	fde
0x531950	354	.text	fde
0x531ac0	790	.text	fde
0x531de0	473	.text	fde
0x531fc0	5	.text	fde
0x531fd0	38	.text	fde
0x532000	42	.text	fde
0x532030	34	.text	fde
0x532060	34	.text	fde
0x532090	323	.text	fde
0x5321e0	126	.text	fde
0x532260	323	.text	fde
0x5323b0	3	.text	fde
0x5323c0	3	.text	fde
0x5323d0	4	.text	fde
0x5323e0	5	.text	fde
0x5323f0	38	.text	fde
0x532420	36	.text	fde
0x532450	90	.text	fde
0x5324b0	18	.text	fde
0x5324d0	44	.text	fde
0x532500	35	.text	fde
0x532530	39	.text	fde
0x532560	324	.text	fde
0x5326b0	102	.text	fde
0x532720	95	.text	fde
0x532780	95	.text	fde
0x5327e0	324	.text	fde
0x532930	119	.text	fde
0x5329b0	8	.text	fde
0x5329c0	12	.text	fde
0x5329d0	5	.text	fde
0x5329e0	4	.text	fde
0x5329f0	38	.text	fde
0x532a20	76	.text	fde
0x532a70	257	.text	fde
0x532b80	194	.text	fde
0x532c50	78	.text	fde
0x532ca0	78	.text	fde
0x532cf0	34	.text	fde
0x532d20	34	.text	fde
0x532d50	41	.text	fde
0x532d80	5	.text	fde
0x532d90	38	.text	fde
0x532dc0	36	.text	fde
0x532df0	106	.text	fde
0x532e60	18	.text	fde
0x532e80	39	.text	fde
0x532eb0	348	.text	fde
0x533010	102	.text	fde
0x533080	95	.text	fde
0x5330e0	95	.text	fde
0x533140	348	.text	fde
0x5332a0	135	.text	fde
0x533330	8	.text	fde
0x533340	5	.text	fde
0x533350	12	.text	fde
0x533360	38	.text	fde
0x533390	4	.text	fde
0x5333a0	13	.text	fde
0x5333b0	44	.text	fde
0x5333e0	45	.text	fde
0x533410	19	.text	fde
0x533430	5	.text	fde
0x533440	5	.text	fde
0x533450	5	.text	fde
0x533460	38	.text	fde
0x533490	262	.text	fde
0x5335a0	31	.text	fde
0x5335c0	28	.text	fde
0x5335e0	847	.text	fde
0x533930	219	.text	fde
0x533a10	219	.text	fde
0x533af0	425	.text	fde
0x533ca0	362	.text	fde
0x533e10	184	.text	fde
0x533ed0	177	.text	fde
0x533f90	177	.text	fde
0x534050	3051	.text	fde
0x534c40	350	.text	fde
0x534da0	1801	.text	fde
0x5354b0	200	.text	fde
0x535580	63	.text	fde
0x5355c0	8	.text	fde
0x5355d0	12	.text	fde
0x5355e0	34	.text	fde
0x535610	85	.text	fde
0x535670	2390	.text	fde
0x535fd0	37	.text	fde
0x536000	37	.text	fde
0x536030	63	.text	fde
0x536070	34	.text	fde
0x5360a0	38	.text	fde
0x5360d0	146	.text	fde
0x536170	146	.text	fde
0x536210	212	.text	fde
0x5362f0	423	.text	fde
0x5364a0	105	.text	fde
0x536510	70	.text	fde
0x536560	63	.text	fde
0x5365a0	762	.text	fde
0x5368a0	8	.text	fde
0x5368b0	12	.text	fde
0x5368c0	27	.text	fde
0x5368e0	60	.text	fde
0x536920	61	.text	fde
0x536960	61	.text	fde
0x5369a0	38	.text	fde
0x5369d0	96	.text	fde
0x536a30	96	.text	fde
0x536a90	103	.text	fde
0x536b00	4424	.text	fde
0x537c50	4424	.text	fde
0x538da0	8	.text	fde
0x538db0	12	.text	fde
0x538dc0	34	.text	fde
0x538df0	85	.text	fde
0x538e50	2534	.text	fde
0x539840	27	.text	fde
0x539860	20	.text	fde
0x539880	38	.text	fde
0x5398b0	495	.text	fde
0x539aa0	378	.text	fde
0x539c20	769	.text	fde
0x539f30	885	.text	fde
0x53a2b0	2388	.text	fde
0x53ac10	36	.text	fde
0x53ac40	1594	.text	fde
0x53b280	145	.text	fde
0x53b320	145	.text	fde
0x53b3c0	168	.text	fde
0x53b470	175	.text	fde
0x53b520	168	.text	fde
0x53b5d0	50	.text	fde
0x53b610	821	.text	fde
0x53b950	101	.text	fde
0x53b9c0	1582	.text	fde
0x53bff0	2152	.text	fde
0x53c860	608	.text	fde
0x53cac0	2537	.text	fde
0x53d4b0	1384	.text	fde
0x53da20	1234	.text	fde
0x53df00	2882	.text	fde
0x53ea50	119	.text	fde
0x53ead0	3604	.text	fde
0x53f8f0	67	.text	fde
0x53f940	140	.text	fde
0x53f9d0	57	.text	fde
0x53fa10	5	.text	fde
0x53fa20	2	.text	fde
0x53fa30	38	.text	fde
0x53fa60	289	.text	fde
0x53fb90	397	.text	fde
0x53fd20	160	.text	fde
0x53fdc0	652	.text	fde
0x540050	395	.text	fde
0x5401e0	208	.text	fde
0x5402b0	246	.text	fde
0x5403b0	144	.text	fde
0x540440	5	.text	fde
0x540450	350	.text	fde
0x5405b0	207	.text	fde
0x540680	111	.text	fde
0x5406f0	650	.text	fde
0x540980	650	.text	fde
0x540c10	245	.text	fde
0x540d10	238	.text	fde
0x540e00	238	.text	fde
0x540ef0	1844	.text	fde
0x541630	8	.text	fde
0x541640	12	.text	fde
0x541650	401	.text	fde
0x5417f0	38	.text	fde
0x541820	26	.text	fde
0x541840	55	.text	fde
0x541880	51	.text	fde
0x5418c0	20	.text	fde
0x5418e0	20	.text	fde
0x541900	184	.text	fde
0x5419c0	13	.text	fde
0x5419d0	77	.text	fde
0x541a20	474	.text	fde
0x541c00	52	.text	fde
0x541c40	52	.text	fde
0x541c80	87	.text	fde
0x541ce0	87	.text	fde
0x541d40	161	.text	fde
0x541df0	311	.text	fde
0x541f30	27	.text	fde
0x541f50	73	.text	fde
0x541fa0	38	.text	fde
0x541fd0	137	.text	fde
0x542060	193	.text	fde
0x542130	193	.text	fde
0x542200	187	.text	fde
0x5422c0	28	.text	fde
0x5422e0	185	.text	fde
0x5423a0	476	.text	fde
0x542580	476	.text	fde
0x542760	348	.text	fde
0x5428c0	397	.text	fde
0x542a50	397	.text	fde
0x542be0	949	.text	fde
0x542fa0	1250	.text	fde
0x543490	404	.text	fde
0x543630	546	.text	fde
0x543860	3070	.text	fde
0x544460	322	.text	fde
0x5445b0	1269	.text	fde
0x544ab0	482	.text	fde
0x544ca0	2171	.text	fde
0x545520	8	.text	fde
0x545530	8	.text	fde
0x545540	8	.text	fde
0x545550	3	.text	fde
0x545560	13	.text	fde
0x545570	12	.text	fde
0x545580	5	.text	fde
0x545590	4	.text	fde
0x5455a0	13	.text	fde
0x5455b0	12	.text	fde
0x5455c0	5	.text	fde
0x5455d0	5	.text	fde
0x5455e0	99	.text	fde
0x545650	5	.text	fde
0x545660	5	.text	fde
0x545670	5	.text	fde
0x545680	5	.text	fde
0x545690	27	.text	fde
0x5456b0	5	.text	fde
0x5456c0	5	.text	fde
0x5456d0	12	.text	fde
0x5456e0	8	.text	fde
0x5456f0	8	.text	fde
0x545700	3	.text	fde
0x545710	12	.text	fde
0x545720	879	.text	fde
0x545a90	12	.text	fde
0x545aa0	12	.text	fde
0x545ab0	55	.text	fde
0x545af0	48	.text	fde
0x545b20	50	.text	fde
0x545b60	42	.text	fde
0x545b90	168	.text	fde
0x545c40	161	.text	fde
0x545cf0	168	.text	fde
0x545da0	161	.text	fde
0x545e50	101	.text	fde
0x545ec0	401	.text	fde
0x546060	401	.text	fde
0x546200	85	.text	fde
0x546260	2276	.text	fde
0x546b50	2221	.text	fde
0x547400	2	.text	fde
0x547410	362	.text	fde
0x547580	719	.text	fde
0x547850	7	.text	fde
0x547860	8	.text	fde
0x547870	71	.text	fde
0x5478c0	33	.text	fde
0x5478f0	137	.text	fde
0x547980	142	.text	fde
0x547a10	111	.text	fde
0x547a80	38	.text	fde
0x547ab0	198	.text	fde
0x547b80	223	.text	fde
0x547c60	313	.text	fde
0x547da0	331	.text	fde
0x547ef0	2858	.text	fde
0x548a20	2858	.text	fde
0x549550	637	.text	fde
0x5497d0	645	.text	fde
0x549a60	637	.text	fde
0x549ce0	90	.text	fde
0x549d40	971	.text	fde
0x54a110	591	.text	fde
0x54a360	373	.text	fde
0x54a4e0	361	.text	fde
0x54a650	8	.text	fde
0x54a660	18	.text	fde
0x54a680	8	.text	fde
0x54a690	6	.text	fde
0x54a6a0	8	.text	fde
0x54a6b0	38	.text	fde
0x54a6e0	133	.text	fde
0x54a770	1140	.text	fde
0x54abf0	2514	.text	fde
0x54b5d0	373	.text	fde
0x54b750	361	.text	fde
0x54b8c0	361	.text	fde
0x54ba30	2514	.text	fde
0x54c410	361	.text	fde
0x54c580	373	.text	fde
0x54c700	2	.text	fde
0x54c710	8	.text	fde
0x54c720	38	.text	fde
0x54c750	187	.text	fde
0x54c810	122	.text	fde
0x54c890	2072	.text	fde
0x54d0b0	2072	.text	fde
0x54d8d0	427	.text	fde
0x54da80	421	.text	fde
0x54dc30	421	.text	fde
0x54dde0	373	.text	fde
0x54df60	361	.text	fde
0x54e0d0	9	.text	thunk
0x54e0e0	153	.text	fde
0x54e180	29	.text	fde
0x54e1a0	38	.text	fde
0x54e1d0	2557	.text	fde
0x54ebd0	224	.text	fde
0x54ecb0	1276	.text	fde
0x54f1b0	1296	.text	fde
0x54f6c0	9	.text	thunk
0x54f6d0	133	.text	fde
0x54f760	9	.text	thunk
0x54f770	141	.text	fde
0x54f800	141	.text	fde
0x54f890	1276	.text	fde
0x54fd90	115	.text	fde
0x54fe10	457	.text	fde
0x54ffe0	9	.text	thunk
0x54fff0	321	.text	fde
0x550140	12	.text	fde
0x550150	22	.text	fde
0x550170	38	.text	fde
0x5501a0	9	.text	thunk
0x5501b0	36	.text	fde
0x5501e0	9	.text	thunk
0x5501f0	23	.text	fde
0x550210	23	.text	fde
0x550230	376	.text	fde
0x5503b0	376	.text	fde
0x550530	61	.text	fde
0x550570	4673	.text	fde
0x5517c0	52	.text	fde
0x551800	8	.text	fde
0x551810	8	.text	fde
0x551820	30	.text	fde
0x551840	8	.text	fde
0x551850	8	.text	fde
0x551860	9	.text	thunk
0x551870	3	.text	fde
0x551880	27	.text	fde
0x5518a0	30	.text	fde
0x5518c0	27	.text	fde
0x5518e0	30	.text	fde
0x551900	9	.text	fde
0x551910	9	.text	fde
0x551920	9	.text	fde
0x551930	9	.text	fde
0x551940	50	.text	fde
0x551980	8	.text	fde
0x551990	8	.text	fde
0x5519a0	277	.text	fde
0x551ac0	13	.text	fde
0x551ad0	13	.text	fde
0x551ae0	13	.text	fde
0x551af0	13	.text	fde
0x551b00	38	.text	fde
0x551b30	145	.text	fde
0x551bd0	10667	.text	fde
0x554580	1022	.text	fde
0x554980	2535	.text	fde
0x555370	2535	.text	fde
0x555d60	9	.text	thunk
0x555d70	421	.text	fde
0x555f20	9	.text	thunk
0x555f30	412	.text	fde
0x5560d0	412	.text	fde
0x556270	9	.text	thunk
0x556280	412	.text	fde
0x556420	412	.text	fde
0x5565c0	9	.text	thunk
0x5565d0	421	.text	fde
0x556780	50	.text	fde
0x5567c0	50	.text	fde
0x556800	38	.text	fde
0x556830	89	.text	fde
0x556890	91	.text	fde
0x5568f0	91	.text	fde
0x556950	98	.text	fde
0x5569c0	554	.text	fde
0x556bf0	8	.text	fde
0x556c00	8	.text	fde
0x556c10	91	.text	fde
0x556c70	38	.text	fde
0x556ca0	2098	.text	fde
0x5574e0	373	.text	fde
0x557660	361	.text	fde
0x5577d0	361	.text	fde
0x557940	2098	.text	fde
0x558180	2	.text	fde
0x558190	361	.text	fde
0x558300	373	.text	fde
0x558480	2	.text	fde
0x558490	8	.text	fde
0x5584a0	38	.text	fde
0x5584d0	133	.text	fde
0x558560	2034	.text	fde
0x558d60	2034	.text	fde
0x559560	373	.text	fde
0x5596e0	361	.text	fde
0x559850	38	.text	fde
0x559880	4649	.text	fde
0x55aab0	3968	.text	fde
0x55ba30	101	.text	fde
0x55baa0	8	.text	fde
0x55bab0	8	.text	fde
0x55bac0	38	.text	fde
0x55baf0	361	.text	fde
0x55bc60	133	.text	fde
0x55bcf0	2338	.text	fde
0x55c620	361	.text	fde
0x55c790	373	.text	fde
0x55c910	2338	.text	fde
0x55d240	373	.text	fde
0x55d3c0	361	.text	fde
0x55d530	23	.text	fde
0x55d550	23	.text	fde
0x55d570	8	.text	fde
0x55d580	8	.text	fde
0x55d590	133	.text	fde
0x55d620	310	.text	fde
0x55d760	95	.text	fde
0x55d7c0	133	.text	fde
0x55d850	38	.text	fde
0x55d880	12	.text	fde
0x55d890	543	.text	fde
0x55dab0	1435	.text	fde
0x55e050	1158	.text	fde
0x55e4e0	1540	.text	fde
0x55eaf0	1788	.text	fde
0x55f1f0	8	.text	fde
0x55f200	5	.text	fde
0x55f210	5	.text	fde
0x55f220	5	.text	fde
0x55f230	5	.text	fde
0x55f240	27	.text	fde
0x55f260	5	.text	fde
0x55f270	5	.text	fde
0x55f280	12	.text	fde
0x55f290	8	.text	fde
0x55f2a0	8	.text	fde
0x55f2b0	6	.text	fde
0x55f2c0	12	.text	fde
0x55f2d0	55	.text	fde
0x55f310	48	.text	fde
0x55f340	499	.text	fde
0x55f540	40	.text	fde
0x55f570	71	.text	fde
0x55f5c0	33	.text	fde
0x55f5f0	38	.text	fde
0x55f620	122	.text	fde
0x55f6a0	2615	.text	fde
0x5600e0	2615	.text	fde
0x560b20	453	.text	fde
0x560cf0	446	.text	fde
0x560eb0	446	.text	fde
0x561070	47	.text	fde
0x5610a0	47	.text	fde
0x5610d0	103	.text	fde
0x561140	159	.text	fde
0x5611e0	165	.text	fde
0x561290	165	.text	fde
0x561340	104	.text	fde
0x5613b0	38	.text	fde
0x5613e0	93	.text	fde
0x561440	86	.text	fde
0x5614a0	86	.text	fde
0x561500	168	.text	fde
0x5615b0	88	.text	fde
0x561610	8	.text	fde
0x561620	12	.text	fde
0x561630	401	.text	fde
0x5617d0	8	.text	fde
0x5617e0	71	.text	fde
0x561830	33	.text	fde
0x561860	283	.text	fde
0x561980	283	.text	fde
0x561aa0	38	.text	fde
0x561ad0	122	.text	fde
0x561b50	517	.text	fde
0x561d60	541	.text	fde
0x561f80	533	.text	fde
0x5621a0	3877	.text	fde
0x5630d0	6604	.text	fde
0x564aa0	278	.text	fde
0x564bc0	34	.text	fde
0x564bf0	18	.text	fde
0x564c10	18	.text	fde
0x564c30	34	.text	fde
0x564c60	44	.text	fde
0x564c90	471	.text	fde
0x564e70	61	.text	fde
0x564eb0	749	.text	fde
0x5651a0	676	.text	fde
0x565450	69	.text	fde
0x5654a0	69	.text	fde
0x5654f0	85	.text	fde
0x565550	85	.text	fde
0x5655b0	1721	.text	fde
0x565c70	1721	.text	fde
0x566330	601	.text	fde
0x566590	180	.text	fde
0x566650	326	.text	fde
0x5667a0	141	.text	fde
0x566830	345	.text	fde
0x566990	141	.text	fde
0x566a20	819	.text	fde
0x566d60	819	.text	fde
0x5670a0	105	.text	fde
0x567110	457	.text	fde
0x5672e0	469	.text	fde
0x5674c0	1533	.text	fde
0x567ac0	655	.text	fde
0x567d50	2261	.text	fde
0x568630	655	.text	fde
0x5688c0	2277	.text	fde
0x5691b0	759	.text	fde
0x5694b0	759	.text	fde
0x5697b0	1533	.text	fde
0x569db0	38	.text	fde
0x569de0	871	.text	fde
0x56a150	4702	.text	fde
0x56b3b0	165	.text	fde
0x56b460	3037	.text	fde
0x56c040	357	.text	fde
0x56c1b0	357	.text	fde
0x56c320	938	.text	fde
0x56c6d0	928	.text	fde
0x56ca70	928	.text	fde
0x56ce10	601	.text	fde
0x56d070	876	.text	fde
0x56d3e0	8	.text	fde
0x56d3f0	6	.text	fde
0x56d400	8	.text	fde
0x56d410	18	.text	fde
0x56d430	73	.text	fde
0x56d480	38	.text	fde
0x56d4b0	470	.text	fde
0x56d690	1144	.text	fde
0x56db10	98	.text	fde
0x56db80	91	.text	fde
0x56dbe0	194	.text	fde
0x56dcb0	160	.text	fde
0x56dd50	87	.text	fde
0x56ddb0	93	.text	fde
0x56de10	1768	.text	fde
0x56e500	200	.text	fde
0x56e5d0	2647	.text	fde
0x56f030	2647	.text	fde
0x56fa90	622	.text	fde
0x56fd00	615	.text	fde
0x56ff70	615	.text	fde
0x5701e0	274	.text	fde
0x570300	1106	.text	fde
0x570760	200	.text	fde
0x570830	361	.text	fde
0x5709a0	373	.text	fde
0x570b20	6	.text	fde
0x570b30	8	.text	fde
0x570b40	2	.text	fde
0x570b50	2	.text	fde
0x570b60	2	.text	fde
0x570b70	2	.text	fde
0x570b80	2	.text	fde
0x570b90	2	.text	fde
0x570ba0	2	.text	fde
0x570bb0	2	.text	fde
0x570bc0	2	.text	fde
0x570bd0	2	.text	fde
0x570be0	8	.text	fde
0x570bf0	6	.text	fde
0x570c00	38	.text	fde
0x570c30	118	.text	fde
0x570cb0	139	.text	fde
0x570d40	139	.text	fde
0x570dd0	135	.text	fde
0x570e60	135	.text	fde
0x570ef0	396	.text	fde
0x571080	396	.text	fde
0x571210	2414	.text	fde
0x571b80	6620	.text	fde
0x573560	2340	.text	fde
0x573e90	459	.text	fde
0x574060	519	.text	fde
0x574270	512	.text	fde
0x574470	512	.text	fde
0x574670	8	.text	fde
0x574680	195	.text	fde
0x574750	12	.text	fde
0x574760	65	.text	fde
0x5747b0	65	.text	fde
0x574800	1690	.text	fde
0x574ea0	38	.text	fde
0x574ed0	1174	.text	fde
0x575370	712	.text	fde
0x575640	116	.text	fde
0x5756c0	1868	.text	fde
0x575e10	429	.text	fde
0x575fc0	4930	.text	fde
0x577310	312	.text	fde
0x577450	1824	.text	fde
0x577b70	1292	.text	fde
0x578080	132	.text	fde
0x578110	109	.text	fde
0x578180	109	.text	fde
0x5781f0	2676	.text	fde
0x578c70	8	.text	fde
0x578c80	274	.text	fde
0x578da0	12	.text	fde
0x578db0	247	.text	fde
0x578eb0	980	.text	fde
0x579290	817	.text	fde
0x5795d0	46	.text	fde
0x579600	166	.text	fde
0x5796b0	8	.text	fde
0x5796c0	3	.text	fde
0x5796d0	3	.text	fde
0x5796e0	554	.text	fde
0x579910	38	.text	fde
0x579940	574	.text	fde
0x579b80	1155	.text	fde
0x57a010	4393	.text	fde
0x57b140	2215	.text	fde
0x57b9f0	581	.text	fde
0x57bc40	574	.text	fde
0x57be80	2215	.text	fde
0x57c730	425	.text	fde
0x57c8e0	373	.text	fde
0x57ca60	361	.text	fde
0x57cbd0	98	.text	fde
0x57cc40	98	.text	fde
0x57ccb0	6	.text	fde
0x57ccc0	5	.text	fde
0x57ccd0	57	.text	fde
0x57cd10	149	.text	fde
0x57cdb0	110	.text	fde
0x57ce20	110	.text	fde
0x57ce90	132	.text	fde
0x57cf20	5	.text	fde
0x57cf30	6	.text	fde
0x57cf40	38	.text	fde
0x57cf70	191	.text	fde
0x57d030	184	.text	fde
0x57d0f0	184	.text	fde
0x57d1b0	5947	.text	fde
0x57e8f0	477	.text	fde
0x57ead0	635	.text	fde
0x57ed50	28	.text	fde
0x57ed70	5	.text	fde
0x57ed80	6	.text	fde
0x57ed90	146	.text	fde
0x57ee30	67	.text	fde
0x57ee80	33	.text	fde
0x57eeb0	67	.text	fde
0x57ef00	798	.text	fde
0x57f220	33	.text	fde
0x57f250	60	.text	fde
0x57f290	55	.text	fde
0x57f2d0	502	.text	fde
0x57f4d0	38	.text	fde
0x57f500	224	.text	fde
0x57f5e0	2801	.text	fde
0x5800e0	395	.text	fde
0x580270	384	.text	fde
0x5803f0	949	.text	fde
0x5807b0	653	.text	fde
0x580a40	2765	.text	fde
0x581510	1573	.text	fde
0x581b40	1170	.text	fde
0x581fe0	652	.text	fde
0x582270	645	.text	fde
0x582500	645	.text	fde
0x582790	5775	.text	fde
0x583e20	63	.text	fde
0x583e60	2288	.text	fde
0x584750	559	.text	fde
0x584980	148	.text	fde
0x584a20	805	.text	fde
0x584d50	805	.text	fde
0x585080	1006	.text	fde
0x585470	962	.text	fde
0x585840	8	.text	fde
0x585850	254	.text	fde
0x585950	408	.text	fde
0x585af0	69	.text	fde
0x585b40	12	.text	fde
0x585b50	529	.text	fde
0x585d70	751	.text	fde
0x586060	635	.text	fde
0x5862e0	799	.text	fde
0x586600	66	.text	fde
0x586650	941	.text	fde
0x586a00	242	.text	fde
0x586b00	85	.text	fde
0x586b60	42	.text	fde
0x586b90	267	.text	fde
0x586ca0	409	.text	fde
0x586e40	466	.text	fde
0x587020	544	.text	fde
0x587240	553	.text	fde
0x587470	453	.text	fde
0x587640	453	.text	fde
0x587810	1175	.text	fde
0x587cb0	93	.text	fde
0x587d10	1044	.text	fde
0x588130	1325	.text	fde
0x588660	300	.text	fde
0x588790	84	.text	fde
0x5887f0	893	.text	fde
0x588b70	127	.text	fde
0x588bf0	127	.text	fde
0x588c70	390	.text	fde
0x588e00	533	.text	fde
0x589020	1189	.text	fde
0x5894d0	1431	.text	fde
0x589a70	401	.text	fde
0x589c10	411	.text	fde
0x589db0	150	.text	fde
0x589e50	754	.text	fde
0x58a150	206	.text	fde
0x58a220	251	.text	fde
0x58a320	651	.text	fde
0x58a5b0	206	.text	fde
0x58a680	519	.text	fde
0x58a890	129	.text	fde
0x58a920	775	.text	fde
0x58ac30	808	.text	fde
0x58af60	1728	.text	fde
0x58b620	5	.text	fde
0x58b630	129	.text	fde
0x58b6c0	113	.text	fde
0x58b740	68	.text	fde
0x58b790	50	.text	fde
0x58b7d0	18	.text	fde
0x58b7f0	33	.text	fde
0x58b820	19	.text	fde
0x58b840	5	.text	fde
0x58b850	1343	.text	fde
0x58bd90	38	.text	fde
0x58bdc0	489	.text	fde
0x58bfb0	939	.text	fde
0x58c360	346	.text	fde
0x58c4c0	548	.text	fde
0x58c6f0	614	.text	fde
0x58c960	300	.text	fde
0x58ca90	763	.text	fde
0x58cd90	170	.text	fde
0x58ce40	890	.text	fde
0x58d1c0	506	.text	fde
0x58d3c0	2051	.text	fde
0x58dbd0	2106	.text	fde
0x58e410	1184	.text	fde
0x58e8b0	377	.text	fde
0x58ea30	1801	.text	fde
0x58f140	1101	.text	fde
0x58f590	509	.text	fde
0x58f790	502	.text	fde
0x58f990	502	.text	fde
0x58fb90	1046	.text	fde
0x58ffb0	1762	.text	fde
0x5906a0	3773	.text	fde
0x591560	2018	.text	fde
0x591d50	1338	.text	fde
0x592290	27	.text	fde
0x5922b0	442	.text	fde
0x592470	442	.text	fde
0x592630	184	.text	fde
0x5926f0	242	.text	fde
0x5927f0	365	.text	fde
0x592960	399	.text	fde
0x592af0	673	.text	fde
0x592da0	379	.text	fde
0x592f20	379	.text	fde
0x5930a0	18	.text	fde
0x5930c0	283	.text	fde
0x5931e0	61	.text	fde
0x593220	215	.text	fde
0x593300	331	.text	fde
0x593450	791	.text	fde
0x593770	1065	.text	fde
0x593ba0	833	.text	fde
0x593ef0	491	.text	fde
0x5940e0	34	.text	fde
0x594110	34	.text	fde
0x594140	85	.text	fde
0x5941a0	101	.text	fde
0x594210	300	.text	fde
0x594340	453	.text	fde
0x594510	453	.text	fde
0x5946e0	636	.text	fde
0x594960	374	.text	fde
0x594ae0	437	.text	fde
0x594ca0	437	.text	fde
0x594e60	730	.text	fde
0x595140	893	.text	fde
0x5954c0	309	.text	fde
0x595600	69	.text	fde
0x595650	215	.text	fde
0x595730	361	.text	fde
0x5958a0	773	.text	fde
0x595bb0	2957	.text	fde
0x596740	141	.text	fde
0x5967d0	141	.text	fde
0x596860	931	.text	fde
0x596c10	136	.text	fde
0x596ca0	136	.text	fde
0x596d30	333	.text	fde
0x596e80	1279	.text	fde
0x597380	1553	.text	fde
0x5979a0	333	.text	fde
0x597af0	887	.text	fde
0x597e70	296	.text	fde
0x597fa0	951	.text	fde
0x598360	1153	.text	fde
0x5987f0	827	.text	fde
0x598b30	953	.text	fde
0x598ef0	1559	.text	fde
0x599510	168	.text	fde
0x5995c0	1735	.text	fde
0x599c90	21	.text	fde
0x599cb0	21	.text	fde
0x599cd0	3	.text	fde
0x599ce0	65	.text	fde
0x599d30	38	.text	fde
0x599d60	39	.text	fde
0x599d90	39	.text	fde
0x599dc0	38	.text	fde
0x599df0	38	.text	fde
0x599e20	57	.text	fde
0x599e60	623	.text	fde
0x59a0d0	393	.text	fde
0x59a260	1162	.text	fde
0x59a6f0	55	.text	fde
0x59a730	48	.text	fde
0x59a760	48	.text	fde
0x59a790	28	.text	fde
0x59a7b0	8	.text	fde
0x59a7c0	12	.text	fde
0x59a7d0	23	.text	fde
0x59a7f0	23	.text	fde
0x59a810	8	.text	fde
0x59a820	8	.text	fde
0x59a830	2	.text	fde
0x59a840	6	.text	fde
0x59a850	18	.text	fde
0x59a870	2	.text	fde
0x59a880	2	.text	fde
0x59a890	88	.text	fde
0x59a8f0	38	.text	fde
0x59a920	41	.text	fde
0x59a950	385	.text	fde
0x59aae0	556	.text	fde
0x59ad10	12	.text	fde
0x59ad20	28	.text	fde
0x59ad40	39	.text	fde
0x59ad70	39	.text	fde
0x59ada0	36	.text	fde
0x59add0	38	.text	fde
0x59ae00	57	.text	fde
0x59ae40	48	.text	fde
0x59ae70	48	.text	fde
0x59aea0	55	.text	fde
0x59aee0	1013	.text	fde
0x59b2e0	53	.text	fde
0x59b320	31	.text	fde
0x59b340	31	.text	fde
0x59b360	41	.text	fde
0x59b390	97	.text	fde
0x59b400	38	.text	fde
0x59b430	49	.text	fde
0x59b470	34	.text	fde
0x59b4a0	34	.text	fde
0x59b4d0	922	.text	fde
0x59b870	301	.text	fde
0x59b9a0	950	.text	fde
0x59bd60	41	.text	fde
0x59bd90	28	.text	fde
0x59bdb0	23	.text	fde
0x59bdd0	23	.text	fde
0x59bdf0	8	.text	fde
0x59be00	8	.text	fde
0x59be10	41	.text	fde
0x59be40	38	.text	fde
0x59be70	41	.text	fde
0x59bea0	344	.text	fde
0x59c000	12	.text	fde
0x59c010	954	.text	fde
0x59c3d0	28	.text	fde
0x59c3f0	5	.text	fde
0x59c400	5	.text	fde
0x59c410	55	.text	fde
0x59c450	38	.text	fde
0x59c480	176	.text	fde
0x59c530	358	.text	fde
0x59c6a0	138	.text	fde
0x59c730	220	.text	fde
0x59c810	220	.text	fde
0x59c8f0	741	.text	fde
0x59cbe0	748	.text	fde
0x59ced0	741	.text	fde
0x59d1c0	406	.text	fde
0x59d360	1949	.text	fde
0x59db00	2530	.text	fde
0x59e4f0	1170	.text	fde
0x59e990	8	.text	fde
0x59e9a0	5	.text	fde
0x59e9b0	5	.text	fde
0x59e9c0	273	.text	fde
0x59eae0	12	.text	fde
0x59eaf0	497	.text	fde
0x59ecf0	276	.text	fde
0x59ee10	399	.text	fde
0x59efa0	1037	.text	fde
0x59f3b0	401	.text	fde
0x59f550	8	.text	fde
0x59f560	8	.text	fde
0x59f570	50	.text	fde
0x59f5b0	19	.text	fde
0x59f5d0	38	.text	fde
0x59f600	5	.text	fde
0x59f610	6	.text	fde
0x59f620	45	.text	fde
0x59f650	18	.text	fde
0x59f670	83	.text	fde
0x59f6d0	42	.text	fde
0x59f700	72	.text	fde
0x59f750	5	.text	fde
0x59f760	17	.text	fde
0x59f780	16	.text	fde
0x59f790	33	.text	fde
0x59f7c0	38	.text	fde
0x59f7f0	206	.text	fde
0x59f8c0	735	.text	fde
0x59fba0	1039	.text	fde
0x59ffb0	234	.text	fde
0x5a00a0	810	.text	fde
0x5a03d0	1865	.text	fde
0x5a0b20	12	.text	fde
0x5a0b30	1046	.text	fde
0x5a0f50	1046	.text	fde
0x5a1370	8	.text	fde
0x5a1380	12	.text	fde
0x5a1390	102	.text	fde
0x5a1400	5	.text	fde
0x5a1410	8	.text	fde
0x5a1420	16	.text	fde
0x5a1430	38	.text	fde
0x5a1460	153	.text	fde
0x5a1500	152	.text	fde
0x5a15a0	66	.text	fde
0x5a15f0	392	.text	fde
0x5a1780	392	.text	fde
0x5a1910	495	.text	fde
0x5a1b00	40	.text	fde
0x5a1b30	151	.text	fde
0x5a1bd0	640	.text	fde
0x5a1e50	540	.text	fde
0x5a2070	251	.text	fde
0x5a2170	829	.text	fde
0x5a24b0	822	.text	fde
0x5a27f0	822	.text	fde
0x5a2b30	1374	.text	fde
0x5a3090	52	.text	fde
0x5a30d0	4976	.text	fde
0x5a4440	8	.text	fde
0x5a4450	136	.text	fde
0x5a44e0	766	.text	fde
0x5a47e0	238	.text	fde
0x5a48d0	371	.text	fde
0x5a4a50	650	.text	fde
0x5a4ce0	12	.text	fde
0x5a4cf0	18	.text	fde
0x5a4d10	18	.text	fde
0x5a4d30	500	.text	fde
0x5a4f30	440	.text	fde
0x5a50f0	168	.text	fde
0x5a51a0	909	.text	fde
0x5a5530	66	.text	fde
0x5a5580	69	.text	fde
0x5a55d0	77	.text	fde
0x5a5620	402	.text	fde
0x5a57c0	216	.text	fde
0x5a58a0	267	.text	fde
0x5a59b0	579	.text	fde
0x5a5c00	272	.text	fde
0x5a5d10	240	.text	fde
0x5a5e00	594	.text	fde
0x5a6060	127	.text	fde
0x5a60e0	536	.text	fde
0x5a6300	331	.text	fde
0x5a6450	138	.text	fde
0x5a64e0	895	.text	fde
0x5a6860	401	.text	fde
0x5a6a00	670	.text	fde
0x5a6ca0	816	.text	fde
0x5a6fd0	343	.text	fde
0x5a7130	475	.text	fde
0x5a7310	393	.text	fde
0x5a74a0	797	.text	fde
0x5a77c0	651	.text	fde
0x5a7a50	596	.text	fde
0x5a7cb0	784	.text	fde
0x5a7fc0	1137	.text	fde
0x5a8440	27	.text	fde
0x5a8460	38	.text	fde
0x5a8490	186	.text	fde
0x5a8550	186	.text	fde
0x5a8610	130	.text	fde
0x5a86a0	258	.text	fde
0x5a87b0	6	.text	thunk
0x5a87c0	20	.text	fde
0x5a87e0	20	.text	fde
0x5a8800	6	.text	thunk
0x5a8810	33	.text	fde
0x5a8840	174	.text	fde
0x5a88f0	174	.text	fde
0x5a89a0	104	.text	fde
0x5a8a10	104	.text	fde
0x5a8a80	46	.text	fde
0x5a8ab0	27	.text	fde
0x5a8ad0	6	.text	thunk
0x5a8ae0	19	.text	fde
0x5a8b00	6	.text	thunk
0x5a8b10	9	.text	fde
0x5a8b20	6	.text	thunk
0x5a8b30	5	.text	fde
0x5a8b40	38	.text	fde
0x5a8b70	6	.text	thunk
0x5a8b80	14	.text	fde
0x5a8b90	6	.text	thunk
0x5a8ba0	14	.text	fde
0x5a8bb0	267	.text	fde
0x5a8cc0	23	.text	fde
0x5a8ce0	42	.text	fde
0x5a8d10	267	.text	fde
0x5a8e20	6	.text	thunk
0x5a8e30	754	.text	fde
0x5a9130	6	.text	thunk
0x5a9140	289	.text	fde
0x5a9270	6	.text	thunk
0x5a9280	282	.text	fde
0x5a93a0	282	.text	fde
0x5a94c0	1042	.text	fde
0x5a98e0	155	.text	fde
0x5a9980	278	.text	fde
0x5a9aa0	278	.text	fde
0x5a9bc0	69	.text	fde
0x5a9c10	1574	.text	fde
0x5aa240	27	.text	fde
0x5aa260	38	.text	fde
0x5aa290	252	.text	fde
0x5aa390	252	.text	fde
0x5aa490	230	.text	fde
0x5aa580	230	.text	fde
0x5aa670	78	.text	fde
0x5aa6c0	253	.text	fde
0x5aa7c0	163	.text	fde
0x5aa870	171	.text	fde
0x5aa920	163	.text	fde
0x5aa9d0	5	.text	fde
0x5aa9e0	5	.text	fde
0x5aa9f0	5	.text	fde
0x5aaa00	6	.text	fde
0x5aaa10	6	.text	fde
0x5aaa20	7	.text	fde
0x5aaa30	4	.text	fde
0x5aaa40	38	.text	fde
0x5aaa70	224	.text	fde
0x5aab50	5	.text	fde
0x5aab60	410	.text	fde
0x5aad00	63	.text	fde
0x5aad40	63	.text	fde
0x5aad80	70	.text	fde
0x5aadd0	135	.text	fde
0x5aae60	135	.text	fde
0x5aaef0	38	.text	fde
0x5aaf20	85	.text	fde
0x5aaf80	1668	.text	fde
0x5ab610	25	.text	fde
0x5ab630	12	.text	fde
0x5ab640	38	.text	fde
0x5ab670	85	.text	fde
0x5ab6d0	1688	.text	fde
0x5abd70	25	.text	fde
0x5abd90	12	.text	fde
0x5abda0	38	.text	fde
0x5abdd0	85	.text	fde
0x5abe30	3235	.text	fde
0x5acae0	25	.text	fde
0x5acb00	12	.text	fde
0x5acb10	38	.text	fde
0x5acb40	85	.text	fde
0x5acba0	3092	.text	fde
0x5ad7c0	25	.text	fde
0x5ad7e0	12	.text	fde
0x5ad7f0	38	.text	fde
0x5ad820	85	.text	fde
0x5ad880	2595	.text	fde
0x5ae2b0	25	.text	fde
0x5ae2d0	12	.text	fde
0x5ae2e0	38	.text	fde
0x5ae310	85	.text	fde
0x5ae370	2318	.text	fde
0x5aec80	25	.text	fde
0x5aeca0	12	.text	fde
0x5aecb0	99	.text	fde
0x5aed20	99	.text	fde
0x5aed90	5	.text	fde
0x5aeda0	4727	.text	fde
0x5b0020	38	.text	fde
0x5b0050	59	.text	fde
0x5b0090	119	.text	fde
0x5b0110	128	.text	fde
0x5b0190	104	.text	fde
0x5b0200	126	.text	fde
0x5b0280	119	.text	fde
0x5b0300	8	.text	fde
0x5b0310	12	.text	fde
0x5b0320	38	.text	fde
0x5b0350	85	.text	fde
0x5b03b0	3779	.text	fde
0x5b1280	25	.text	fde
0x5b12a0	12	.text	fde
0x5b12b0	2	.text	fde
0x5b12c0	8	.text	fde
0x5b12d0	8	.text	fde
0x5b12e0	9	.text	fde
0x5b12f0	178	.text	fde
0x5b13b0	65	.text	fde
0x5b1400	56	.text	fde
0x5b1440	53	.text	fde
0x5b1480	7	.text	fde
0x5b1490	7	.text	fde
0x5b14a0	48	.text	fde
0x5b14d0	59	.text	fde
0x5b1510	12	.text	fde
0x5b1520	291	.text	fde
0x5b1650	87	.text	fde
0x5b16b0	39	.text	fde
0x5b16e0	74	.text	fde
0x5b1730	88	.text	fde
0x5b1790	38	.text	fde
0x5b17c0	70	.text	fde
0x5b1810	123	.text	fde
0x5b1890	194	.text	fde
0x5b1960	86	.text	fde
0x5b19c0	125	.text	fde
0x5b1a40	131	.text	fde
0x5b1ad0	417	.text	fde
0x5b1c80	417	.text	fde
0x5b1e30	178	.text	fde
0x5b1ef0	166	.text	fde
0x5b1fa0	166	.text	fde
0x5b2050	940	.text	fde
0x5b2400	239	.text	fde
0x5b24f0	924	.text	fde
0x5b2890	925	.text	fde
0x5b2c30	587	.text	fde
0x5b2e80	504	.text	fde
0x5b3080	512	.text	fde
0x5b3280	519	.text	fde
0x5b3490	273	.text	fde
0x5b35b0	323	.text	fde
0x5b3700	302	.text	fde
0x5b3830	701	.text	fde
0x5b3af0	8	.text	fde
0x5b3b00	2	.text	fde
0x5b3b10	2	.text	fde
0x5b3b20	2	.text	fde
0x5b3b30	2	.text	fde
0x5b3b40	2	.text	fde
0x5b3b50	53	.text	fde
0x5b3b90	26	.text	fde
0x5b3bb0	12	.text	fde
0x5b3bc0	178	.text	fde
0x5b3c80	152	.text	fde
0x5b3d20	325	.text	fde
0x5b3e70	115	.text	fde
0x5b3ef0	67	.text	fde
0x5b3f40	26	.text	fde
0x5b3f60	67	.text	fde
0x5b3fb0	26	.text	fde
0x5b3fd0	255	.text	fde
0x5b40d0	359	.text	fde
0x5b4240	354	.text	fde
0x5b43b0	790	.text	fde
0x5b46d0	359	.text	fde
0x5b4840	354	.text	fde
0x5b49b0	790	.text	fde
0x5b4cd0	53	.text	fde
0x5b4d10	16	.text	fde
0x5b4d20	8	.text	fde
0x5b4d30	11	.text	fde
0x5b4d40	50	.text	fde
0x5b4d80	42	.text	fde
0x5b4db0	6	.text	thunk
0x5b4dc0	901	.text	fde
0x5b5150	7	.text	fde
0x5b5160	6	.text	thunk
0x5b5170	299	.text	fde
0x5b52a0	2	.text	fde
0x5b52b0	38	.text	fde
0x5b52e0	71	.text	fde
0x5b5330	1046	.text	fde
0x5b5750	1238	.text	fde
0x5b5c30	795	.text	fde
0x5b5f50	1322	.text	fde
0x5b6480	1764	.text	fde
0x5b6b70	1238	.text	fde
0x5b7050	2037	.text	fde
0x5b7850	459	.text	fde
0x5b7a20	6	.text	thunk
0x5b7a30	681	.text	fde
0x5b7ce0	452	.text	fde
0x5b7eb0	6	.text	thunk
0x5b7ec0	452	.text	fde
0x5b8090	6	.text	thunk
0x5b80a0	466	.text	fde
0x5b8280	6	.text	thunk
0x5b8290	459	.text	fde
0x5b8460	6	.text	thunk
0x5b8470	348	.text	fde
0x5b85d0	6	.text	thunk
0x5b85e0	341	.text	fde
0x5b8740	6	.text	thunk
0x5b8750	348	.text	fde
0x5b88b0	6	.text	thunk
0x5b88c0	341	.text	fde
0x5b8a20	6	.text	thunk
0x5b8a30	353	.text	fde
0x5b8ba0	8	.text	fde
0x5b8bb0	8	.text	fde
0x5b8bc0	7	.text	fde
0x5b8bd0	8	.text	fde
0x5b8be0	136	.text	fde
0x5b8c70	38	.text	fde
0x5b8ca0	1238	.text	fde
0x5b9180	908	.text	fde
0x5b9510	908	.text	fde
0x5b98a0	1299	.text	fde
0x5b9dc0	666	.text	fde
0x5ba060	6	.text	thunk
0x5ba070	432	.text	fde
0x5ba220	6	.text	thunk
0x5ba230	425	.text	fde
0x5ba3e0	6	.text	thunk
0x5ba3f0	348	.text	fde
0x5ba550	6	.text	thunk
0x5ba560	341	.text	fde
0x5ba6c0	6	.text	thunk
0x5ba6d0	202	.text	fde
0x5ba7a0	38	.text	fde
0x5ba7d0	676	.text	fde
0x5baa80	676	.text	fde
0x5bad30	232	.text	fde
0x5bae20	6	.text	thunk
0x5bae30	348	.text	fde
0x5baf90	6	.text	thunk
0x5bafa0	341	.text	fde
0x5bb100	341	.text	fde
0x5bb260	6	.text	thunk
0x5bb270	341	.text	fde
0x5bb3d0	6	.text	thunk
0x5bb3e0	348	.text	fde
0x5bb540	19	.text	fde
0x5bb560	44	.text	fde
0x5bb590	7	.text	fde
0x5bb5a0	39	.text	fde
0x5bb5d0	38	.text	fde
0x5bb600	93	.text	fde
0x5bb660	176	.text	fde
0x5bb710	546	.text	fde
0x5bb940	6	.text	thunk
0x5bb950	667	.text	fde
0x5bbbf0	1014	.text	fde
0x5bbff0	1048	.text	fde
0x5bc410	1048	.text	fde
0x5bc830	1192	.text	fde
0x5bcce0	730	.text	fde
0x5bcfc0	6	.text	thunk
0x5bcfd0	525	.text	fde
0x5bd1e0	6	.text	thunk
0x5bd1f0	518	.text	fde
0x5bd400	519	.text	fde
0x5bd610	6	.text	thunk
0x5bd620	348	.text	fde
0x5bd780	6	.text	thunk
0x5bd790	341	.text	fde
0x5bd8f0	33	.text	fde
0x5bd920	27	.text	fde
0x5bd940	64	.text	fde
0x5bd980	65	.text	fde
0x5bd9d0	64	.text	fde
0x5bda10	6	.text	thunk
0x5bda20	301	.text	fde
0x5bdb50	153	.text	fde
0x5bdbf0	400	.text	fde
0x5bdd80	611	.text	fde
0x5bdff0	34	.text	fde
0x5be020	39	.text	fde
0x5be050	583	.text	fde
0x5be2a0	7	.text	fde
0x5be2b0	65	.text	fde
0x5be300	72	.text	fde
0x5be350	64	.text	fde
0x5be390	347	.text	fde
0x5be4f0	38	.text	fde
0x5be520	202	.text	fde
0x5be5f0	420	.text	fde
0x5be7a0	854	.text	fde
0x5beb00	854	.text	fde
0x5bee60	1740	.text	fde
0x5bf530	826	.text	fde
0x5bf870	6	.text	thunk
0x5bf880	605	.text	fde
0x5bfae0	6	.text	thunk
0x5bfaf0	598	.text	fde
0x5bfd50	706	.text	fde
0x5c0020	69	.text	fde
0x5c0070	6	.text	thunk
0x5c0080	341	.text	fde
0x5c01e0	6	.text	thunk
0x5c01f0	348	.text	fde
0x5c0350	1882	.text	fde
0x5c0ab0	14	.text	fde
0x5c0ac0	8	.text	fde
0x5c0ad0	7	.text	fde
0x5c0ae0	7	.text	fde
0x5c0af0	8	.text	fde
0x5c0b00	62	.text	fde
0x5c0b40	38	.text	fde
0x5c0b70	71	.text	fde
0x5c0bc0	144	.text	fde
0x5c0c50	71	.text	fde
0x5c0ca0	278	.text	fde
0x5c0dc0	1194	.text	fde
0x5c1270	1370	.text	fde
0x5c17d0	1370	.text	fde
0x5c1d30	722	.text	fde
0x5c2010	6	.text	thunk
0x5c2020	491	.text	fde
0x5c2210	6	.text	thunk
0x5c2220	484	.text	fde
0x5c2410	1164	.text	fde
0x5c28a0	437	.text	fde
0x5c2a60	704	.text	fde
0x5c2d20	7509	.text	fde
0x5c4a80	6	.text	thunk
0x5c4a90	217	.text	fde
0x5c4b70	5623	.text	fde
0x5c6170	214	.text	fde
0x5c6250	6	.text	thunk
0x5c6260	338	.text	fde
0x5c63c0	6	.text	thunk
0x5c63d0	343	.text	fde
0x5c6530	466	.text	fde
0x5c6710	495	.text	fde
0x5c6900	27	.text	fde
0x5c6920	60	.text	fde
0x5c6960	61	.text	fde
0x5c69a0	38	.text	fde
0x5c69d0	1117	.text	fde
0x5c6e30	118	.text	fde
0x5c6eb0	111	.text	fde
0x5c6f20	111	.text	fde
0x5c6f90	2250	.text	fde
0x5c7860	2242	.text	fde
0x5c8130	34	.text	fde
0x5c8160	85	.text	fde
0x5c81c0	2534	.text	fde
0x5c8bb0	30	.text	fde
0x5c8bd0	117	.text	fde
0x5c8c50	125	.text	fde
0x5c8cd0	4	.text	fde
0x5c8ce0	19	.text	fde
0x5c8d00	5	.text	fde
0x5c8d10	38	.text	fde
0x5c8d40	109	.text	fde
0x5c8db0	116	.text	fde
0x5c8e30	109	.text	fde
0x5c8ea0	313	.text	fde
0x5c8fe0	313	.text	fde
0x5c9120	110	.text	fde
0x5c9190	3	.text	fde
0x5c91a0	3	.text	fde
0x5c91b0	413	.text	fde
0x5c9350	413	.text	fde
0x5c94f0	10	.text	fde
0x5c9500	6	.text	fde
0x5c9510	6	.text	thunk
0x5c9520	5	.text	fde
0x5c9530	6	.text	thunk
0x5c9540	8	.text	fde
0x5c9550	6	.text	thunk
0x5c9560	8	.text	fde
0x5c9570	6	.text	thunk
0x5c9580	8	.text	fde
0x5c9590	6	.text	thunk
0x5c95a0	8	.text	fde
0x5c95b0	6	.text	thunk
0x5c95c0	3	.text	fde
0x5c95d0	6	.text	thunk
0x5c95e0	30	.text	fde
0x5c9600	6	.text	thunk
0x5c9610	5	.text	fde
0x5c9620	6	.text	thunk
0x5c9630	5	.text	fde
0x5c9640	6	.text	thunk
0x5c9650	12	.text	fde
0x5c9660	6	.text	thunk
0x5c9670	6	.text	fde
0x5c9680	602	.text	fde
0x5c98e0	62	.text	fde
0x5c9920	290	.text	fde
0x5c9a50	6	.text	thunk
0x5c9a60	11	.text	fde
0x5c9a70	6	.text	thunk
0x5c9a80	6	.text	thunk
0x5c9a90	8	.text	fde
0x5c9aa0	6	.text	thunk
0x5c9ab0	6	.text	thunk
0x5c9ac0	8	.text	fde
0x5c9ad0	6	.text	fde
0x5c9ae0	51	.text	fde
0x5c9b20	19	.text	fde
0x5c9b40	44	.text	fde
0x5c9b70	38	.text	fde
0x5c9ba0	432	.text	fde
0x5c9d50	441	.text	fde
0x5c9f10	6	.text	thunk
0x5c9f20	6	.text	thunk
0x5c9f30	240	.text	fde
0x5ca020	233	.text	fde
0x5ca110	6	.text	thunk
0x5ca120	6	.text	thunk
0x5ca130	233	.text	fde
0x5ca220	4274	.text	fde
0x5cb2e0	8	.text	fde
0x5cb2f0	69	.text	fde
0x5cb340	12	.text	fde
0x5cb350	1634	.text	fde
0x5cb9c0	363	.text	fde
0x5cbb30	363	.text	fde
0x5cbca0	13	.text	fde
0x5cbcb0	193	.text	fde
0x5cbd80	33	.text	fde
0x5cbdb0	68	.text	fde
0x5cbe00	6	.text	thunk
0x5cbe10	6	.text	fde
0x5cbe20	6	.text	thunk
0x5cbe30	5	.text	fde
0x5cbe40	6	.text	thunk
0x5cbe50	5	.text	fde
0x5cbe60	6	.text	thunk
0x5cbe70	5	.text	fde
0x5cbe80	6	.text	thunk
0x5cbe90	8	.text	fde
0x5cbea0	6	.text	thunk
0x5cbeb0	8	.text	fde
0x5cbec0	6	.text	thunk
0x5cbed0	3	.text	fde
0x5cbee0	6	.text	thunk
0x5cbef0	33	.text	fde
0x5cbf20	6	.text	thunk
0x5cbf30	8	.text	fde
0x5cbf40	6	.text	thunk
0x5cbf50	8	.text	fde
0x5cbf60	6	.text	thunk
0x5cbf70	18	.text	fde
0x5cbf90	6	.text	thunk
0x5cbfa0	6	.text	thunk
0x5cbfb0	8	.text	fde
0x5cbfc0	6	.text	thunk
0x5cbfd0	6	.text	thunk
0x5cbfe0	8	.text	fde
0x5cbff0	6	.text	thunk
0x5cc000	8	.text	fde
0x5cc010	6	.text	fde
0x5cc020	38	.text	fde
0x5cc050	376	.text	fde
0x5cc1d0	4355	.text	fde
0x5cd2e0	127	.text	fde
0x5cd360	15	.text	fde
0x5cd370	6	.text	thunk
0x5cd380	6	.text	thunk
0x5cd390	252	.text	fde
0x5cd490	252	.text	fde
0x5cd590	6604	.text	fde
0x5cef60	6	.text	thunk
0x5cef70	6	.text	thunk
0x5cef80	259	.text	fde
0x5cf090	8	.text	fde
0x5cf0a0	12	.text	fde
0x5cf0b0	569	.text	fde
0x5cf2f0	482	.text	fde
0x5cf4e0	98	.text	fde
0x5cf550	1267	.text	fde
0x5cfa50	1914	.text	fde
0x5d01d0	275	.text	fde
0x5d02f0	334	.text	fde
0x5d0440	215	.text	fde
0x5d0520	483	.text	fde
0x5d0710	720	.text	fde
0x5d09e0	5	.text	fde
0x5d09f0	92	.text	fde
0x5d0a50	92	.text	fde
0x5d0ab0	18	.text	fde
0x5d0ad0	38	.text	fde
0x5d0b00	331	.text	fde
0x5d0c50	490	.text	fde
0x5d0e40	132	.text	fde
0x5d0ed0	66	.text	fde
0x5d0f20	241	.text	fde
0x5d1020	249	.text	fde
0x5d1120	251	.text	fde
0x5d1220	249	.text	fde
0x5d1320	562	.text	fde
0x5d1560	284	.text	fde
0x5d1680	245	.text	fde
0x5d1780	130	.text	fde
0x5d1810	3527	.text	fde
0x5d25e0	1549	.text	fde
0x5d2bf0	3645	.text	fde
0x5d3a30	642	.text	fde
0x5d3cc0	290	.text	fde
0x5d3df0	290	.text	fde
0x5d3f20	34	.text	fde
0x5d3f50	85	.text	fde
0x5d3fb0	3434	.text	fde
0x5d4d20	152	.text	fde
0x5d4dc0	152	.text	fde
0x5d4e60	38	.text	fde
0x5d4e90	1821	.text	fde
0x5d55b0	8	.text	fde
0x5d55c0	12	.text	fde
0x5d55d0	41	.text	fde
0x5d5600	34	.text	fde
0x5d5630	62	.text	fde
0x5d5670	62	.text	fde
0x5d56b0	300	.text	fde
0x5d57e0	38	.text	fde
0x5d5810	8	.text	fde
0x5d5820	8	.text	fde
0x5d5830	12	.text	fde
0x5d5840	12	.text	fde
0x5d5850	52	.text	fde
0x5d5890	52	.text	fde
0x5d58d0	242	.text	fde
0x5d59d0	38	.text	fde
0x5d5a00	8	.text	fde
0x5d5a10	12	.text	fde
0x5d5a20	118	.text	fde
0x5d5aa0	118	.text	fde
0x5d5b20	38	.text	fde
0x5d5b50	908	.text	fde
0x5d5ee0	8	.text	fde
0x5d5ef0	12	.text	fde
0x5d5f00	98	.text	fde
0x5d5f70	98	.text	fde
0x5d5fe0	186	.text	fde
0x5d60a0	57	.text	fde
0x5d60e0	6	.text	thunk
0x5d60f0	16	.text	fde
0x5d6100	6	.text	thunk
0x5d6110	5	.text	fde
0x5d6120	38	.text	fde
0x5d6150	6	.text	thunk
0x5d6160	14	.text	fde
0x5d6170	6	.text	thunk
0x5d6180	14	.text	fde
0x5d6190	115	.text	fde
0x5d6210	6	.text	thunk
0x5d6220	122	.text	fde
0x5d62a0	6	.text	thunk
0x5d62b0	115	.text	fde
0x5d6330	5319	.text	fde
0x5d7800	1511	.text	fde
0x5d7df0	1208	.text	fde
0x5d82b0	6	.text	thunk
0x5d82c0	16	.text	fde
0x5d82d0	6	.text	thunk
0x5d82e0	19	.text	fde
0x5d8300	229	.text	fde
0x5d83f0	180	.text	fde
0x5d84b0	169	.text	fde
0x5d8560	146	.text	fde
0x5d8600	119	.text	fde
0x5d8680	179	.text	fde
0x5d8740	164	.text	fde
0x5d87f0	165	.text	fde
0x5d88a0	155	.text	fde
0x5d8940	169	.text	fde
0x5d89f0	179	.text	fde
0x5d8ab0	248	.text	fde
0x5d8bb0	133	.text	fde
0x5d8c40	214	.text	fde
0x5d8d20	101	.text	fde
0x5d8d90	38	.text	fde
0x5d8dc0	219	.text	fde
0x5d8ea0	219	.text	fde
0x5d8f80	8	.text	fde
0x5d8f90	8	.text	fde
0x5d8fa0	77	.text	fde
0x5d8ff0	285	.text	fde
0x5d9110	100	.text	fde
0x5d9180	951	.text	fde
0x5d9540	205	.text	fde
0x5d9610	90	.text	fde
0x5d9670	15	.text	fde
0x5d9680	15	.text	fde
0x5d9690	21	.text	fde
0x5d96b0	15	.text	fde
0x5d96c0	5	.text	fde
0x5d96d0	27	.text	fde
0x5d96f0	38	.text	fde
0x5d9720	1224	.text	fde
0x5d9bf0	420	.text	fde
0x5d9da0	12	.text	fde
0x5d9db0	8	.text	fde
0x5d9dc0	26	.text	fde
0x5d9de0	4	.text	fde
0x5d9df0	12	.text	fde
0x5d9e00	287	.text	fde
0x5d9f20	2	.text	fde
0x5d9f30	2	.text	fde
0x5d9f40	2	.text	fde
0x5d9f50	2	.text	fde
0x5d9f60	2	.text	fde
0x5d9f70	2	.text	fde
0x5d9f80	2	.text	fde
0x5d9f90	15	.text	fde
0x5d9fa0	15	.text	fde
0x5d9fb0	117	.text	fde
0x5da030	15	.text	fde
0x5da040	8	.text	fde
0x5da050	31	.text	fde
0x5da070	38	.text	fde
0x5da0a0	41	.text	fde
0x5da0d0	34	.text	fde
0x5da100	34	.text	fde
0x5da130	455	.text	fde
0x5da300	455	.text	fde
0x5da4d0	4	.text	fde
0x5da4e0	721	.text	fde
0x5da7c0	119	.text	fde
0x5da840	52	.text	fde
0x5da880	224	.text	fde
0x5da960	21	.text	fde
0x5da980	21	.text	fde
0x5da9a0	21	.text	fde
0x5da9c0	21	.text	fde
0x5da9e0	21	.text	fde
0x5daa00	21	.text	fde
0x5daa20	21	.text	fde
0x5daa40	24	.text	fde
0x5daa60	82	.text	fde
0x5daac0	82	.text	fde
0x5dab20	82	.text	fde
0x5dab80	82	.text	fde
0x5dabe0	48	.text	fde
0x5dac10	96	.text	fde
0x5dac70	38	.text	fde
0x5daca0	82	.text	fde
0x5dad00	91	.text	fde
0x5dad60	41	.text	fde
0x5dad90	34	.text	fde
0x5dadc0	34	.text	fde
0x5dadf0	339	.text	fde
0x5daf50	339	.text	fde
0x5db0b0	8	.text	fde
0x5db0c0	20	.text	fde
0x5db0e0	11	.text	fde
0x5db0f0	12	.text	fde
0x5db100	396	.text	fde
0x5db290	38	.text	fde
0x5db2c0	2614	.text	fde
0x5dbd00	5066	.text	fde
0x5dd0d0	57	.text	fde
0x5dd110	18	.text	fde
0x5dd130	11	.text	fde
0x5dd140	17	.text	fde
0x5dd160	17	.text	fde
0x5dd180	53	.text	fde
0x5dd1c0	4	.text	fde
0x5dd1d0	38	.text	fde
0x5dd200	52	.text	fde
0x5dd240	52	.text	fde
0x5dd280	64	.text	fde
0x5dd2c0	64	.text	fde
0x5dd300	8	.text	fde
0x5dd310	8	.text	fde
0x5dd320	52	.text	fde
0x5dd360	189	.text	fde
0x5dd420	6	.text	fde
0x5dd430	6	.text	fde
0x5dd440	6	.text	fde
0x5dd450	6	.text	fde
0x5dd460	6	.text	fde
0x5dd470	6	.text	fde
0x5dd480	15	.text	fde
0x5dd490	179	.text	fde
0x5dd550	179	.text	fde
0x5dd610	254	.text	fde
0x5dd710	254	.text	fde
0x5dd810	32	.text	fde
0x5dd830	32	.text	fde
0x5dd850	170	.text	fde
0x5dd900	109	.text	fde
0x5dd970	24	.text	fde
0x5dd990	21	.text	fde
0x5dd9b0	21	.text	fde
0x5dd9d0	19	.text	fde
0x5dd9f0	19	.text	fde
0x5dda10	19	.text	fde
0x5dda30	52	.text	fde
0x5dda70	38	.text	fde
0x5ddaa0	394	.text	fde
0x5ddc30	12	.text	fde
0x5ddc40	36	.text	fde
0x5ddc70	382	.text	fde
0x5dddf0	20	.text	fde
0x5dde10	185	.text	fde
0x5dded0	20	.text	fde
0x5ddef0	38	.text	fde
0x5ddf20	26	.text	fde
0x5ddf40	26	.text	fde
0x5ddf60	34	.text	fde
0x5ddf90	41	.text	fde
0x5ddfc0	41	.text	fde
0x5ddff0	82	.text	fde
0x5de050	82	.text	fde
0x5de0b0	22	.text	fde
0x5de0d0	22	.text	fde
0x5de0f0	8	.text	fde
0x5de100	8	.text	fde
0x5de110	16	.text	fde
0x5de120	11	.text	fde
0x5de130	6	.text	fde
0x5de140	56	.text	fde
0x5de180	16	.text	fde
0x5de190	16	.text	fde
0x5de1a0	6	.text	fde
0x5de1b0	51	.text	fde
0x5de1f0	23	.text	fde
0x5de210	38	.text	fde
0x5de240	12	.text	fde
0x5de250	90	.text	fde
0x5de2b0	90	.text	fde
0x5de310	18	.text	fde
0x5de330	6	.text	fde
0x5de340	6	.text	fde
0x5de350	6	.text	fde
0x5de360	124	.text	fde
0x5de3e0	55	.text	fde
0x5de420	31	.text	fde
0x5de440	86	.text	fde
0x5de4a0	148	.text	fde
0x5de540	31	.text	fde
0x5de560	86	.text	fde
0x5de5c0	176	.text	fde
0x5de670	2	.text	fde
0x5de680	38	.text	fde
0x5de6b0	417	.text	fde
0x5de860	129	.text	fde
0x5de8f0	162	.text	fde
0x5de9a0	218	.text	fde
0x5dea80	218	.text	fde
0x5deb60	487	.text	fde
0x5ded50	214	.text	fde
0x5dee30	23	.text	fde
0x5dee50	216	.text	fde
0x5def30	315	.text	fde
0x5df070	34	.text	fde
0x5df0a0	6	.text	fde
0x5df0b0	6	.text	fde
0x5df0c0	41	.text	fde
0x5df0f0	38	.text	fde
0x5df120	231	.text	fde
0x5df210	58	.text	fde
0x5df250	4	.text	fde
0x5df260	5	.text	fde
0x5df270	2	.text	fde
0x5df280	38	.text	fde
0x5df2b0	251	.text	fde
0x5df3b0	251	.text	fde
0x5df4b0	95	.text	fde
0x5df510	95	.text	fde
0x5df570	29	.text	fde
0x5df590	16	.text	fde
0x5df5a0	16	.text	fde
0x5df5b0	38	.text	fde
0x5df5e0	9	.text	fde
0x5df5f0	9	.text	fde
0x5df600	16	.text	fde
0x5df610	16	.text	fde
0x5df620	29	.text	fde
0x5df640	18	.text	fde
0x5df660	18	.text	fde
0x5df680	23	.text	fde
0x5df6a0	38	.text	fde
0x5df6d0	74	.text	fde
0x5df720	62	.text	fde
0x5df760	129	.text	fde
0x5df7f0	124	.text	fde
0x5df870	107	.text	fde
0x5df8e0	122	.text	fde
0x5df960	122	.text	fde
0x5df9e0	96	.text	fde
0x5dfa40	96	.text	fde
0x5dfaa0	91	.text	fde
0x5dfb00	91	.text	fde
0x5dfb60	38	.text	fde
0x5dfb90	30	.text	fde
0x5dfbb0	30	.text	fde
0x5dfbd0	38	.text	fde
0x5dfc00	74	.text	fde
0x5dfc50	62	.text	fde
0x5dfc90	127	.text	fde
0x5dfd10	115	.text	fde
0x5dfd90	98	.text	fde
0x5dfe00	24	.text	fde
0x5dfe20	111	.text	fde
0x5dfe90	111	.text	fde
0x5dff00	100	.text	fde
0x5dff70	100	.text	fde
0x5dffe0	91	.text	fde
0x5e0040	91	.text	fde
0x5e00a0	38	.text	fde
0x5e00d0	30	.text	fde
0x5e00f0	30	.text	fde
0x5e0110	96	.text	fde
0x5e0170	31	.text	fde
0x5e0190	1106	.text	fde
0x5e05f0	39	.text	fde
0x5e0620	47	.text	fde
0x5e0650	353	.text	fde
0x5e07c0	38	.text	fde
0x5e07f0	121	.text	fde
0x5e0870	35	.text	fde
0x5e08a0	38	.text	fde
0x5e08d0	4325	.text	fde
0x5e19c0	38	.text	fde
0x5e19f0	18	.text	fde
0x5e1a10	18	.text	fde
0x5e1a30	31	.text	fde
0x5e1a50	11	.text	fde
0x5e1a60	28	.text	fde
0x5e1a80	28	.text	fde
0x5e1aa0	26	.text	fde
0x5e1ac0	26	.text	fde
0x5e1ae0	30	.text	fde
0x5e1b00	30	.text	fde
0x5e1b20	31	.text	fde
0x5e1b40	31	.text	fde
0x5e1b60	27	.text	fde
0x5e1b80	27	.text	fde
0x5e1ba0	32	.text	fde
0x5e1bc0	32	.text	fde
0x5e1be0	8	.text	fde
0x5e1bf0	8	.text	fde
0x5e1c00	4	.text	fde
0x5e1c10	4	.text	fde
0x5e1c20	5	.text	fde
0x5e1c30	5	.text	fde
0x5e1c40	2	.text	fde
0x5e1c50	5	.text	fde
0x5e1c60	16	.text	fde
0x5e1c70	27	.text	fde
0x5e1c90	19	.text	fde
0x5e1cb0	18	.text	fde
0x5e1cd0	3	.text	fde
0x5e1ce0	38	.text	fde
0x5e1d10	12	.text	fde
0x5e1d20	5	.text	fde
0x5e1d30	12	.text	fde
0x5e1d40	109	.text	fde
0x5e1db0	112	.text	fde
0x5e1e20	211	.text	fde
0x5e1f00	4	.text	fde
0x5e1f10	38	.text	fde
0x5e1f40	125	.text	fde
0x5e1fc0	241	.text	fde
0x5e20c0	118	.text	fde
0x5e2140	159	.text	fde
0x5e21e0	396	.text	fde
0x5e2370	396	.text	fde
0x5e2500	396	.text	fde
0x5e2690	241	.text	fde
0x5e2790	965	.text	fde
0x5e2b60	443	.text	fde
0x5e2d20	594	.text	fde
0x5e2f80	315	.text	fde
0x5e30c0	1258	.text	fde
0x5e35b0	79	.text	fde
0x5e3600	38	.text	fde
0x5e3630	181	.text	fde
0x5e36f0	73	.text	fde
0x5e3740	42	.text	fde
0x5e3770	34	.text	fde
0x5e37a0	34	.text	fde
0x5e37d0	178	.text	fde
0x5e3890	72	.text	fde
0x5e38e0	18	.text	fde
0x5e3900	228	.text	fde
0x5e39f0	228	.text	fde
0x5e3ae0	184	.text	fde
0x5e3ba0	176	.text	fde
0x5e3c50	176	.text	fde
0x5e3d00	593	.text	fde
0x5e3f60	401	.text	fde
0x5e4100	5	.text	fde
0x5e4110	143	.text	fde
0x5e41a0	12	.text	fde
0x5e41b0	38	.text	fde
0x5e41e0	186	.text	fde
0x5e42a0	46	.text	fde
0x5e42d0	176	.text	fde
0x5e4380	334	.text	fde
0x5e44d0	439	.text	fde
0x5e4690	201	.text	fde
0x5e4760	208	.text	fde
0x5e4830	208	.text	fde
0x5e4900	334	.text	fde
0x5e4a50	460	.text	fde
0x5e4c20	214	.text	fde
0x5e4d00	266	.text	fde
0x5e4e10	3817	.text	fde
0x5e5d00	458	.text	fde
0x5e5ed0	249	.text	fde
0x5e5fd0	222	.text	fde
0x5e60b0	729	.text	fde
0x5e6390	401	.text	fde
0x5e6530	36	.text	fde
0x5e6560	36	.text	fde
0x5e6590	82	.text	fde
0x5e65f0	5	.text	fde
0x5e6600	143	.text	fde
0x5e6690	12	.text	fde
0x5e66a0	38	.text	fde
0x5e66d0	139	.text	fde
0x5e6760	149	.text	fde
0x5e6800	149	.text	fde
0x5e68a0	130	.text	fde
0x5e6930	42	.text	fde
0x5e6960	324	.text	fde
0x5e6ab0	1247	.text	fde
0x5e6f90	439	.text	fde
0x5e7150	496	.text	fde
0x5e7340	326	.text	fde
0x5e7490	269	.text	fde
0x5e75a0	157	.text	fde
0x5e7640	553	.text	fde
0x5e7870	249	.text	fde
0x5e7970	265	.text	fde
0x5e7a80	266	.text	fde
0x5e7b90	460	.text	fde
0x5e7d60	241	.text	fde
0x5e7e60	466	.text	fde
0x5e8040	729	.text	fde
0x5e8320	249	.text	fde
0x5e8420	249	.text	fde
0x5e8520	230	.text	fde
0x5e8610	590	.text	fde
0x5e8860	214	.text	fde
0x5e8940	1991	.text	fde
0x5e9110	666	.text	fde
0x5e93b0	1273	.text	fde
0x5e98b0	978	.text	fde
0x5e9c90	34	.text	fde
0x5e9cc0	401	.text	fde
0x5e9e60	29	.text	fde
0x5e9e80	49	.text	fde
0x5e9ec0	49	.text	fde
0x5e9f00	5	.text	fde
0x5e9f10	5	.text	fde
0x5e9f20	5	.text	fde
0x5e9f30	78	.text	fde
0x5e9f80	2	.text	fde
0x5e9f90	38	.text	fde
0x5e9fc0	179	.text	fde
0x5ea080	329	.text	fde
0x5ea1d0	57	.text	fde
0x5ea210	116	.text	fde
0x5ea290	116	.text	fde
0x5ea310	981	.text	fde
0x5ea6f0	56	.text	fde
0x5ea730	56	.text	fde
0x5ea770	159	.text	fde
0x5ea810	22	.text	fde
0x5ea830	10	.text	fde
0x5ea840	5	.text	fde
0x5ea850	38	.text	fde
0x5ea880	12	.text	fde
0x5ea890	12	.text	fde
0x5ea8a0	25	.text	fde
0x5ea8c0	38	.text	fde
0x5ea8f0	658	.text	fde
0x5eab90	38	.text	fde
0x5eabc0	227	.text	fde
0x5eacb0	6	.text	thunk
0x5eacc0	341	.text	fde
0x5eae20	6	.text	thunk
0x5eae30	348	.text	fde
0x5eaf90	37	.text	fde
0x5eafc0	37	.text	fde
0x5eaff0	39	.text	fde
0x5eb020	35	.text	fde
0x5eb050	37	.text	fde
0x5eb080	37	.text	fde
0x5eb0b0	29	.text	fde
0x5eb0d0	29	.text	fde
0x5eb0f0	31	.text	fde
0x5eb110	30	.text	fde
0x5eb130	30	.text	fde
0x5eb150	30	.text	fde
0x5eb170	78	.text	fde
0x5eb1c0	94	.text	fde
0x5eb220	38	.text	fde
0x5eb250	277	.text	fde
0x5eb370	927	.text	fde
0x5eb710	886	.text	fde
0x5eba90	1829	.text	fde
0x5ec1c0	40	.text	fde
0x5ec1f0	40	.text	fde
0x5ec220	33	.text	fde
0x5ec250	4	.text	fde
0x5ec260	4	.text	fde
0x5ec270	8	.text	fde
0x5ec280	7	.text	fde
0x5ec290	38	.text	fde
0x5ec2c0	65	.text	fde
0x5ec310	40	.text	fde
0x5ec340	40	.text	fde
0x5ec370	47	.text	fde
0x5ec3a0	6	.text	fde
0x5ec3b0	52	.text	fde
0x5ec3f0	52	.text	fde
0x5ec430	48	.text	fde
0x5ec460	4	.text	fde
0x5ec470	4	.text	fde
0x5ec480	4	.text	fde
0x5ec490	5	.text	fde
0x5ec4a0	38	.text	fde
0x5ec4d0	34	.text	fde
0x5ec500	34	.text	fde
0x5ec530	232	.text	fde
0x5ec620	41	.text	fde
0x5ec650	6	.text	fde
0x5ec660	3	.text	fde
0x5ec670	40	.text	fde
0x5ec6a0	34	.text	fde
0x5ec6d0	38	.text	fde
0x5ec700	58	.text	fde
0x5ec740	229	.text	fde
0x5ec830	221	.text	fde
0x5ec910	221	.text	fde
0x5ec9f0	391	.text	fde
0x5ecb80	391	.text	fde
0x5ecd10	712	.text	fde
0x5ecfe0	319	.text	fde
0x5ed120	954	.text	fde
0x5ed4e0	695	.text	fde
0x5ed7a0	1682	.text	fde
0x5ede40	230	.text	fde
0x5edf30	585	.text	fde
0x5ee180	32	.text	fde
0x5ee1a0	32	.text	fde
0x5ee1c0	8	.text	fde
0x5ee1d0	8	.text	fde
0x5ee1e0	4	.text	fde
0x5ee1f0	30	.text	fde
0x5ee210	29	.text	fde
0x5ee230	31	.text	fde
0x5ee250	36	.text	fde
0x5ee280	12	.text	fde
0x5ee290	4	.text	fde
0x5ee2a0	42	.text	fde
0x5ee2d0	5	.text	fde
0x5ee2e0	38	.text	fde
0x5ee310	26	.text	fde
0x5ee330	26	.text	fde
0x5ee350	238	.text	fde
0x5ee440	11	.text	fde
0x5ee450	29	.text	fde
0x5ee470	29	.text	fde
0x5ee490	61	.text	fde
0x5ee4d0	30	.text	fde
0x5ee4f0	28	.text	fde
0x5ee510	62	.text	fde
0x5ee550	62	.text	fde
0x5ee590	362	.text	fde
0x5ee700	351	.text	fde
0x5ee860	67	.text	fde
0x5ee8b0	34	.text	fde
0x5ee8e0	12	.text	fde
0x5ee8f0	288	.text	fde
0x5eea10	420	.text	fde
0x5eebc0	38	.text	fde
0x5eebf0	268	.text	fde
0x5eed00	2	.text	fde
0x5eed10	137	.text	fde
