address	size	symbol	evidence
0x408830	38	_GLOBAL__I_main	manual:main-static-initializer
0x408860	115	main	manual:program-entry-runs-harvest-main-loop
0x4088e0	2	_ZN7harvest16CHarvestFullMain10updateMainEf	mac-vtable:_ZTVN7harvest16CHarvestFullMainE:5
0x4088f0	487	_ZN7harvest21CHarvestSuperReceiver7OnEventERKN2ox5event6SEventE	mac-vtable:_ZTVN7harvest21CHarvestSuperReceiverE:2
0x408ae0	71	_ZN7harvest21CHarvestSuperReceiverC1EPN2ox9IOxDeviceE	native-calls:main-init-constructs-super-receiver
0x408b30	71	_ZN7harvest21CHarvestSuperReceiverC2EPN2ox9IOxDeviceE	manual:super-receiver-constructor-variants
0x408b80	218	_ZN7harvest16CHarvestFullMain12stateFactoryEi	mac-vtable:_ZTVN7harvest16CHarvestFullMainE:8
0x408c60	177	_ZN7harvest16CHarvestFullMainD2Ev	manual:main-destructor-variants
0x408d20	26	_ZN7harvest16CHarvestFullMainC1Ev	native-calls:main-constructs-game
0x408d40	26	_ZN7harvest16CHarvestFullMainC2Ev	manual:main-constructor-variants
0x408d60	185	_ZN7harvest16CHarvestFullMainD0Ev	mac-vtable:_ZTVN7harvest16CHarvestFullMainE:3
0x408e20	177	_ZN7harvest16CHarvestFullMainD1Ev	mac-vtable:_ZTVN7harvest16CHarvestFullMainE:2
0x408ee0	129	_GLOBAL__I__ZN7harvest10g_gameModeE	manual:main-globals-static-initializer
0x408f70	3194	_ZN7harvest16CHarvestFullMain4initEv	mac-vtable:_ZTVN7harvest16CHarvestFullMainE:6
0x409bf0	12	_ZN7harvest21CHarvestSuperReceiverD1Ev	mac-vtable:_ZTVN7harvest21CHarvestSuperReceiverE:3
0x409c00	25	_ZN7harvest21CHarvestSuperReceiverD0Ev	mac-vtable:_ZTVN7harvest21CHarvestSuperReceiverE:4
0x409c20	18	_ZN2ox4core7CStringIcED1Ev	reloc:ox/net/CHTTPConnectionHandler.cpp:_ZN2ox3net22CHTTPConnectionHandlerD1Ev
0x409c40	18	_ZN2ox4core7CStringIwED1Ev	reloc:ox/net/CHTTPConnectionHandler.cpp:_ZN2ox3net22CHTTPConnectionHandler10joinThreadEPv
0x409c60	69	_ZN2ox6TArrayINS_4core7CStringIwEEED1Ev	native-calls:harvest-main-init-language-names
0x409cb0	83	_ZN2ox6TArrayIN7harvest8settings13SLanguageFileEED1Ev	native-calls:harvest-main-init-languages
0x409d10	1468	_ZNSt6vectorIN2ox4core7CStringIwEESaIS3_EE13_M_insert_auxEN9__gnu_cxx17__normal_iteratorIPS3_S5_EERKS3_	native-calls:harvest-main-init-language-names-push
0x40a2d0	15	_ZN7harvest6entity12getAlienNameEi	manual:Mac-symbol+amd64-alien-instructions
0x40a2e0	26	_ZN7harvest6entity12CAlienEntity20getDeathParticleNameEi	manual:Mac-symbol+amd64-alien-death-particle-switch
0x40a300	3	_ZN7harvest6entity12CAlienEntity7onSparkEPNS0_12CSparkEntityE	mac-vtable:_ZTVN7harvest6entity12CAlienEntityE:26
0x40a310	3	_ZN7harvest6entity12CAlienEntity10wantsSparkEv	mac-vtable:_ZTVN7harvest6entity12CAlienEntityE:27
0x40a320	16	_ZN7harvest6entity13CAlienLuaInfoC2EP9lua_State	manual:Mac-symbol+amd64-alien-save-and-Lua-instructions
0x40a330	16	_ZN7harvest6entity13CAlienLuaInfoC1EP9lua_State	manual:Mac-symbol+amd64-alien-save-and-Lua-instructions
0x40a340	8	_ZN7harvest6entity13CAlienLuaInfoD2Ev	manual:Mac-symbol+amd64-alien-save-and-Lua-instructions
0x40a350	8	_ZN7harvest6entity13CAlienLuaInfoD1Ev	mac-vtable:_ZTVN7harvest6entity13CAlienLuaInfoE:2
0x40a360	21	_ZN7harvest6entity13CAlienLuaInfo6removeEP9lua_State	manual:Mac-symbol+amd64-alien-save-and-Lua-instructions
0x40a380	77	_ZN7harvest6entity13CAlienLuaInfo17setTargetBuildingEP9lua_State	manual:Mac-symbol+amd64-alien-instructions
0x40a3d0	55	_ZN7harvest6entity13CAlienLuaInfo16getDeathParticleEP9lua_State	manual:Mac-symbol+amd64-alien-instructions
0x40a410	177	_ZN7harvest6entity13CAlienLuaInfo11setPositionEP9lua_State	match:HarvestFull/harvest/entity/CAlienEntity.cpp
0x40a4d0	124	_ZN7harvest6entity13CAlienLuaInfo10applyForceEP9lua_State	match:HarvestFull/harvest/entity/CAlienEntity.cpp
0x40a550	36	_ZN7harvest6entity13CAlienLuaInfo12getAlienTypeEP9lua_State	match:HarvestFull/harvest/entity/CAlienEntity.cpp
0x40a580	98	_ZN7harvest6entity13CAlienLuaInfo11getPositionEP9lua_State	match:HarvestFull/harvest/entity/CAlienEntity.cpp
0x40a5f0	32	_ZN7harvest6entity13CAlienLuaInfo5getIdEP9lua_State	match:HarvestFull/harvest/entity/CAlienEntity.cpp
0x40a610	12	_ZN7harvest6entity13CAlienLuaInfoD0Ev	mac-vtable:_ZTVN7harvest6entity13CAlienLuaInfoE:3
0x40a620	328	_ZN7harvest6entity12CAlienEntity15writeEntityDataEPN2ox2io10IWriteFileE	mac-vtable:_ZTVN7harvest6entity12CAlienEntityE:15
0x40a770	382	_ZN7harvest6entity12CAlienEntity21placeBuildingParticleEPN2ox6entity9COxEntityE	manual:Mac-symbol+amd64-alien-instructions
0x40a8f0	860	_ZN7harvest6entity12CAlienEntity18updateTinyMovementEfRN2ox4core9CVector3dIfEERNS3_9CVector2dIfEE	manual:Mac-symbol+amd64-alien-type-switch-and-instructions
0x40ac50	964	_ZN7harvest6entity12CAlienEntity12updateSpriteEf	mac-vtable:_ZTVN7harvest6entity12CAlienEntityE:17
0x40b020	143	_ZN7harvest6entity12CAlienEntityD0Ev	mac-vtable:_ZTVN7harvest6entity12CAlienEntityE:3
0x40b0b0	135	_ZN7harvest6entity12CAlienEntityD1Ev	mac-vtable:_ZTVN7harvest6entity12CAlienEntityE:2
0x40b140	135	_ZN7harvest6entity12CAlienEntityD2Ev	manual:Mac-symbol+amd64-alien-save-and-Lua-instructions
0x40b200	115	_ZN7harvest6entity12CAlienEntity19updateMilkyMovementEfRN2ox4core9CVector3dIfEERNS3_9CVector2dIfEE	manual:Mac-symbol+amd64-alien-type-switch-and-instructions
0x40b280	557	_ZN7harvest6entity12CAlienEntity20updateLookerMovementEfRN2ox4core9CVector3dIfEERNS3_9CVector2dIfEE	manual:Mac-symbol+amd64-alien-instructions
0x40b4b0	1187	_ZN7harvest6entity12CAlienEntity21updateMagnetoMovementEfRN2ox4core9CVector3dIfEERNS3_9CVector2dIfEE	manual:Mac-symbol+amd64-alien-calls-and-instructions
0x40b960	1307	_ZN7harvest6entity12CAlienEntity10dealDamageERfRKN2ox4core11CPosition2dIfEEfi	manual:Mac-call-order-and-amd64-perimeter-bomb-call
0x40be80	238	_ZN7harvest6entity13CAlienLuaInfo10dealDamageEP9lua_State	match:HarvestFull/harvest/entity/CAlienEntity.cpp
0x40bf70	1482	_ZN7harvest6entity12CAlienEntity20locateTargetBuildingEv	manual:Mac-symbol+amd64-alien-calls-and-instructions
0x40c540	1389	_ZN7harvest6entity12CAlienEntity19updateMinerMovementEfRN2ox4core9CVector3dIfEERNS3_9CVector2dIfEE	manual:Mac-symbol+amd64-alien-calls-and-instructions
0x40cab0	735	_ZN7harvest6entity12CAlienEntity21updateStealerMovementEfRN2ox4core9CVector3dIfEERNS3_9CVector2dIfEE	manual:Mac-symbol+amd64-alien-calls-and-instructions
0x40cd90	1907	_ZN7harvest6entity12CAlienEntity6renderERKN2ox4core11CPosition2dIfEERKNS3_5CRectIiEE	mac-vtable:_ZTVN7harvest6entity12CAlienEntityE:19
0x40d5f0	378	_ZN7harvest6entity12setAlienNameEiPKw	manual:Mac-symbol+amd64-alien-instructions
0x40d770	1954	_ZN7harvest6entity12CAlienEntity18updateMegaMovementEfRN2ox4core9CVector3dIfEERNS3_9CVector2dIfEE	manual:Mac-symbol+amd64-alien-calls-and-instructions
0x40df20	385	_ZN7harvest6entity12CAlienEntity26replaceWithSummonerSpritesEv	manual:Mac-symbol+amd64-alien-type-switch-and-instructions
0x40e0b0	12437	_ZN7harvest6entity12CAlienEntity25replaceWithMagnetoSpritesEv	manual:Mac-symbol+amd64-alien-type-switch-and-instructions
0x411150	709	_ZN7harvest6entity12CAlienEntity23replaceWithMinerSpritesEv	manual:Mac-symbol+amd64-alien-type-switch-and-instructions
0x411420	882	_ZN7harvest6entity12CAlienEntity22replaceWithMegaSpritesEv	manual:Mac-symbol+amd64-alien-type-switch-and-instructions
0x4117a0	206	_ZN7harvest6entity12CAlienEntity25replaceWithStealerSpritesEv	manual:Mac-symbol+amd64-alien-type-switch-and-instructions
0x411870	345	_ZN7harvest6entity12CAlienEntity23replaceWithJammerSpriteEv	manual:Mac-symbol+amd64-alien-type-switch-and-instructions
0x4119d0	4741	_ZN7harvest6entity12CAlienEntity22replaceWithTinySpritesEv	manual:Mac-symbol+amd64-alien-type-switch-and-instructions
0x412c60	8485	_ZN7harvest6entity12CAlienEntity24replaceWithLookerSpritesEv	manual:Mac-symbol+amd64-alien-type-switch-and-instructions
0x414d90	557	_ZN7harvest6entity12CAlienEntity14readEntityDataEPN2ox2io9IReadFileEi	mac-vtable:_ZTVN7harvest6entity12CAlienEntityE:16
0x414fc0	651	_ZN7harvest6entity12CAlienEntityC1Effi	reloc:HarvestFull/harvest/game/CThreatLevel.cpp:_ZN7harvest4game17CThreatLevelLogic10spawnAlienERKN2ox4core5CRectIfEEi
0x415250	1483	_ZN7harvest6entity12CAlienEntity22updateSummonerMovementEfRN2ox4core9CVector3dIfEERNS3_9CVector2dIfEE	manual:Mac-symbol+amd64-alien-type-switch-and-instructions
0x415820	2928	_ZN7harvest6entity12CAlienEntity11updateLogicEf	mac-vtable:_ZTVN7harvest6entity12CAlienEntityE:18
0x416390	651	_ZN7harvest6entity12CAlienEntityC2Effi	manual:Mac-symbol+amd64-alien-instructions
0x416620	6	_ZNK7harvest6entity7CEntity14getRenderLayerEv	mac-vtable:_ZTVN7harvest6entity12CAlienEntityE:14
0x416630	6	_ZN7harvest6entity7CEntity16acceptsSparkFromEi	mac-vtable:_ZTVN7harvest6entity12CAlienEntityE:28
0x416640	9	_ZN7harvest6entity7CEntity14getSparkHeightEv	mac-vtable:_ZTVN7harvest6entity12CAlienEntityE:29
0x416650	9	_ZNK7harvest6entity7CEntity16getCollisionSizeEv	mac-vtable:_ZTVN7harvest6entity12CAlienEntityE:33
0x416660	14	_ZNK7harvest6entity7CEntity12getSellValueEv	mac-vtable:_ZTVN7harvest6entity12CAlienEntityE:34
0x416670	5	_ZN7harvest6entity7CEntity10killEntityEv	mac-vtable:_ZTVN7harvest6entity12CAlienEntityE:7
0x416680	5	_ZN7harvest6entity7CEntity8isKilledEv	mac-vtable:_ZTVN7harvest6entity12CAlienEntityE:8
0x416690	2	_ZN7harvest6entity7CEntity22handleRightClickActionERKN2ox4core11CPosition2dIfEE	mac-vtable:_ZTVN7harvest6entity12CAlienEntityE:35
0x4166a0	2	_ZN7harvest6entity7CEntity26handleDoubleClickSelectionEv	mac-vtable:_ZTVN7harvest6entity12CAlienEntityE:36
0x4166b0	3	_ZN7harvest6entity7CEntity30handleSelectionDraggedToEntityEPS1_	mac-vtable:_ZTVN7harvest6entity12CAlienEntityE:37
0x4166c0	2	_ZN7harvest6entity7CEntity31handleSelectionDraggedToNothingEv	mac-vtable:_ZTVN7harvest6entity12CAlienEntityE:38
0x4166d0	2	_ZN7harvest6entity12CAlienEntity17renderGroundLayerERKN2ox4core11CPosition2dIfEERKNS3_5CRectIiEE	mac-vtable:_ZTVN7harvest6entity12CAlienEntityE:22
0x4166e0	117	_ZN2ox4core7CStringIwE10reallocateEi	manual:comdat-called-by-wide-append
0x416760	179	_ZN2ox4core7CStringIcEC1IcEEPKT_	reloc:ox/net/CHTTPConnectionHandler.cpp:T.214
0x416820	90	_ZN2ox4core9CVector2dIfE9normalizeEv	manual:amd64-alien-normalization-helper-instructions
0x416880	401	_ZNSt6vectorIPN2ox6entity9COxEntityESaIS3_EE13_M_insert_auxEN9__gnu_cxx17__normal_iteratorIPS3_S5_EERKS3_	reloc:HarvestFull/harvest/entity/CHarvestEntity.cpp:_ZN7harvest6entity7CEntity18updateSparkTargetsERN2ox6TArrayIPNS2_6entity9COxEntityEEE
0x416a20	47	_ZN7harvest6entity15CBuildableItemsC2Ev	manual:object-order-C2-before-C1
0x416a50	47	_ZN7harvest6entity15CBuildableItemsC1Ev	native-calls:play-state-new-CBuildableItems
0x416a80	39	_ZN7harvest6entity15CBuildableItems19setItemButtonLayoutEiPN2ox3gui10IGUILayoutE	manual:Mac-source-order-and-ButtonLayout-store
0x416ab0	373	_ZN7harvest6entity15CBuildableItems19renderButtonLayoutsERKN2ox4core11CPosition2dIiEEiNS3_5CRectIiEE	manual:Mac-source-order-and-button-sprite-draws
0x416c30	135	_ZN7harvest6entity15CBuildableItems27changeConstructionSelectionEib	manual:Mac-source-order-and-wrapping-search
0x416cc0	64	_ZN7harvest6entity15CBuildableItems21getIndexForEntityTypeEi	reloc:HarvestFull/harvest/entity/CBuildingEntity.cpp:_ZN7harvest6entity15CBuildingEntity15getBuildingTypeEv
0x416d00	13	_ZN7harvest6entity15CBuildableItems15getNumBuildingsEv	manual:Mac-source-order-and-vector-size
0x416d10	35	_ZN7harvest6entity15CBuildableItems15getBuildingInfoEi	reloc:HarvestFull/harvest/entity/CConstructionEntity.cpp:_ZN7harvest6entity19CConstructionEntity13setEntityInfoEv
0x416d40	51	_ZN7harvest6entity15CBuildableItems16getPreviewSpriteEi	manual:Mac-source-order-and-preview-sprite-load
0x416d80	43	_ZN7harvest6entity15CBuildableItems11getEntityIdEi	reloc:HarvestFull/harvest/entity/CBuildingEntity.cpp:_ZN7harvest6entity15CBuildingEntity15getBuildingTypeEv
0x416db0	43	_ZN7harvest6entity15CBuildableItems13getEntityTypeEi	manual:CLuaManager-findBuildings-call-after-getIndexForEntityId
0x416de0	49	_ZN7harvest6entity15CBuildableItems15getEntityRadiusEi	manual:Mac-source-order-and-collision-size-load
0x416e20	83	_ZN7harvest6entity15CBuildableItems19isPointWithinButtonEiN2ox4core11CPosition2dIiEE	manual:Mac-source-order-and-button-rect-test
0x416e80	59	_GLOBAL__I__ZN7harvest6entity17gp_buildableItemsE	manual:CBuildableItems-static-initializer
0x416ec0	51	_ZN7harvest6entity15CBuildableItems20getEntityMineralCostEi	manual:Mac-source-order-and-mineral-cost-getValue
0x416f00	202	_ZN7harvest6entity15CBuildableItems28getEntityIdForEntityInstanceEPNS0_7CEntityE	manual:Mac-symbol+amd64-alien-instructions-and-data
0x416fd0	313	_ZN7harvest6entity15CBuildableItems8eraseAllEv	native-calls:CBuildableItems-destructors
0x417110	90	_ZN7harvest6entity15CBuildableItemsD0Ev	mac-vtable:_ZTVN7harvest6entity15CBuildableItemsE:3
0x417170	94	_ZN7harvest6entity15CBuildableItemsD1Ev	mac-vtable:_ZTVN7harvest6entity15CBuildableItemsE:2
0x4171d0	94	_ZN7harvest6entity15CBuildableItemsD2Ev	manual:CBuildableItems-destructor-variants
0x417230	339	_ZN7harvest6entity15CBuildableItems25getBuildingInfoByEntityIdEPKc	reloc:HarvestFull/harvest/game/CLuaManager.cpp:_ZN7harvest4game26harvest_setBuildingEnabledEP9lua_State
0x417390	328	_ZN7harvest6entity15CBuildableItems19getIndexForEntityIdEPKc	reloc:HarvestFull/harvest/entity/CConstructionEntity.cpp:_ZN7harvest6entity19CConstructionEntity13setEntityInfoEv
0x4174e0	4815	_ZN7harvest6entity15CBuildableItems11addBuildingEPN2ox5video12IVideoDriverEPKcS7_biS7_S7_PKwS9_iifS7_S7_	native-calls:loadStandardBuildings-and-addSpecialUpgrade
0x4187b0	590	_ZN7harvest6entity15CBuildableItems17addSpecialUpgradeEPKcS3_S3_iifS3_	reloc:HarvestFull/harvest/game/CLuaManager.cpp:_ZN7harvest4game21harvest_defineUpgradeEP9lua_State
0x418a00	5781	_ZN7harvest6entity15CBuildableItems24loadCreativeBuildingListEPN2ox2io11IFileSystemEPNS2_5video12IVideoDriverEPKcPNS3_9IFileListESC_	native-calls:loadCreativeBuildings
0x41a0a0	376	_ZN7harvest6entity15CBuildableItems21loadCreativeBuildingsEPN2ox9IOxDeviceE	manual:Mac-source-order-and-sandbox-file-lists
0x41a220	1682	_ZN7harvest6entity15CBuildableItems21loadStandardBuildingsEPN2ox5video12IVideoDriverE	manual:Mac-source-order-and-standard-building-strings
0x41a8c0	25	_ZN2ox4game17CTextLocalizationD0Ev	mac-vtable:_ZTVN2ox4game17CTextLocalizationE:3
0x41a8e0	12	_ZN2ox4game17CTextLocalizationD1Ev	mac-vtable:_ZTVN2ox4game17CTextLocalizationE:2
0x41a8f0	401	_ZNSt6vectorIPN7harvest6entity17SBuildingInfoItemESaIS3_EE13_M_insert_auxEN9__gnu_cxx17__normal_iteratorIPS3_S5_EERKS3_	native-calls:addBuilding-push_back
0x41aa90	401	_ZNSt6vectorIPN2ox4game17CTextLocalizationESaIS3_EE13_M_insert_auxEN9__gnu_cxx17__normal_iteratorIPS3_S5_EERKS3_	native-calls:loadCreativeBuildingList-push_back
0x41ac30	23	_ZN7harvest6entity15CBuildingEntity20getDeathParticleNameEi	match:HarvestFull/harvest/entity/CBuildingEntity.cpp
0x41ac50	16	_ZN7harvest6entity16CBuildingLuaInfoC2EP9lua_State	match:HarvestFull/harvest/entity/CBuildingEntity.cpp
0x41ac60	16	_ZN7harvest6entity16CBuildingLuaInfoC1EP9lua_State	match:HarvestFull/harvest/entity/CBuildingEntity.cpp
0x41ac70	8	_ZN7harvest6entity16CBuildingLuaInfoD2Ev	match:HarvestFull/harvest/entity/CBuildingEntity.cpp
0x41ac80	8	_ZN7harvest6entity16CBuildingLuaInfoD1Ev	mac-vtable:_ZTVN7harvest6entity16CBuildingLuaInfoE:2
0x41ac90	21	_ZN7harvest6entity16CBuildingLuaInfo6removeEP9lua_State	match:HarvestFull/harvest/entity/CBuildingEntity.cpp
0x41acf0	49	_ZN7harvest6entity16CBuildingLuaInfo16getDeathParticleEP9lua_State	match:HarvestFull/harvest/entity/CBuildingEntity.cpp
0x41ad30	89	_ZN7harvest6entity16CBuildingLuaInfo11getPositionEP9lua_State	match:HarvestFull/harvest/entity/CBuildingEntity.cpp
0x41ad90	32	_ZN7harvest6entity16CBuildingLuaInfo5getIdEP9lua_State	match:HarvestFull/harvest/entity/CBuildingEntity.cpp
0x41adb0	12	_ZN7harvest6entity16CBuildingLuaInfoD0Ev	mac-vtable:_ZTVN7harvest6entity16CBuildingLuaInfoE:3
0x41adc0	81	_ZN7harvest6entity15CBuildingEntity15getBuildingTypeEv	match:HarvestFull/harvest/entity/CBuildingEntity.cpp
0x41ae20	31	_ZN7harvest6entity16CBuildingLuaInfo15getBuildingTypeEP9lua_State	match:HarvestFull/harvest/entity/CBuildingEntity.cpp
0x41ae40	77	_ZN7harvest6entity15CBuildingEntityD0Ev	mac-vtable:_ZTVN7harvest6entity15CBuildingEntityE:3
0x41ae90	69	_ZN7harvest6entity15CBuildingEntityD1Ev	mac-vtable:_ZTVN7harvest6entity15CBuildingEntityE:2
0x41aee0	69	_ZN7harvest6entity15CBuildingEntityD2Ev	match:HarvestFull/harvest/entity/CBuildingEntity.cpp
0x41af30	113	_ZN7harvest6entity15CBuildingEntityC1Eiiff	match:HarvestFull/harvest/entity/CBuildingEntity.cpp
0x41afb0	113	_ZN7harvest6entity15CBuildingEntityC2Eiiff	match:HarvestFull/harvest/entity/CBuildingEntity.cpp
0x41b030	3	_ZN7harvest6entity7CEntity7onSparkEPNS0_12CSparkEntityE	mac-vtable:_ZTVN7harvest6entity15CBuildingEntityE:26
0x41b040	3	_ZN7harvest6entity7CEntity10wantsSparkEv	mac-vtable:_ZTVN7harvest6entity15CBuildingEntityE:27
0x41b050	5	_ZN7harvest6entity19CConstructionEntity13getBuildingIdEv	match:HarvestFull/harvest/entity/CConstructionEntity.cpp
0x41b060	26	_ZN7harvest6entity19CConstructionEntity12updateSpriteEf	mac-vtable:_ZTVN7harvest6entity19CConstructionEntityE:17
0x41b080	23	_ZN7harvest6entity19CConstructionEntity7onSparkEPNS0_12CSparkEntityE	mac-vtable:_ZTVN7harvest6entity19CConstructionEntityE:26
0x41b0a0	10	_ZN7harvest6entity19CConstructionEntity10wantsSparkEv	mac-vtable:_ZTVN7harvest6entity19CConstructionEntityE:27
0x41b0b0	5	_ZN7harvest6entity19CConstructionEntity23getCurrentDisplaySpriteEv	mac-vtable:_ZTVN7harvest6entity19CConstructionEntityE:25
0x41b0c0	131	_ZN7harvest6entity19CConstructionEntity6renderERKN2ox4core11CPosition2dIfEERKNS3_5CRectIiEE	mac-vtable:_ZTVN7harvest6entity19CConstructionEntityE:19
0x41b190	79	_ZN7harvest6entity19CConstructionEntity15writeEntityDataEPN2ox2io10IWriteFileE	mac-vtable:_ZTVN7harvest6entity19CConstructionEntityE:15
0x41b1e0	313	_ZN7harvest6entity19CConstructionEntity26handleDoubleClickSelectionEv	mac-vtable:_ZTVN7harvest6entity19CConstructionEntityE:36
0x41b320	59	_ZN7harvest6entity19CConstructionEntity13getInfoStringEv	mac-vtable:_ZTVN7harvest6entity19CConstructionEntityE:30
0x41b360	570	_ZN7harvest6entity19CConstructionEntity11updateLogicEf	mac-vtable:_ZTVN7harvest6entity19CConstructionEntityE:18
0x41b5a0	120	_ZN7harvest6entity19CConstructionEntityD1Ev	mac-vtable:_ZTVN7harvest6entity19CConstructionEntityE:2
0x41b620	120	_ZN7harvest6entity19CConstructionEntityD2Ev	match:HarvestFull/harvest/entity/CConstructionEntity.cpp
0x41b6a0	348	_ZN7harvest6entity19CConstructionEntity9setSpriteEPKcS3_	match:HarvestFull/harvest/entity/CConstructionEntity.cpp
0x41b800	256	_ZN7harvest6entity19CConstructionEntity13setEntityInfoEv	match:HarvestFull/harvest/entity/CConstructionEntity.cpp
0x41b900	232	_ZN7harvest6entity19CConstructionEntity14readEntityDataEPN2ox2io9IReadFileEi	mac-vtable:_ZTVN7harvest6entity19CConstructionEntityE:16
0x41b9f0	418	_ZN7harvest6entity19CConstructionEntityC2EffPKc	match:HarvestFull/harvest/entity/CConstructionEntity.cpp
0x41bba0	128	_ZN7harvest6entity19CConstructionEntityD0Ev	mac-vtable:_ZTVN7harvest6entity19CConstructionEntityE:3
0x41bc20	418	_ZN7harvest6entity19CConstructionEntityC1EffPKc	reloc:HarvestFull/harvest/entity/CHarvestEntity.cpp:_ZN7harvest6entity7CEntity14readNextEntityEPN2ox2io9IReadFileEi
0x41bdd0	6	_ZNK7harvest6entity19CConstructionEntity16getCollisionSizeEv	mac-vtable:_ZTVN7harvest6entity19CConstructionEntityE:33
0x41bde0	4	_ZNK7harvest6entity19CConstructionEntity12getSellValueEv	mac-vtable:_ZTVN7harvest6entity19CConstructionEntityE:34
0x41bdf0	2	_ZN7harvest6entity19CConstructionEntity17renderGroundLayerERKN2ox4core11CPosition2dIfEERKNS3_5CRectIiEE	mac-vtable:_ZTVN7harvest6entity19CConstructionEntityE:22
0x41be00	14	_ZN7harvest6entity17CCreativeLuaState16clearEnergyLevelEP9lua_State	manual:Mac-name+amd64-creative-Lua-controls-layout-and-callsites
0x41be10	21	_ZN7harvest6entity17CCreativeLuaState6removeEP9lua_State	manual:Mac-name+amd64-creative-Lua-controls-layout-and-callsites
0x41be30	5	_ZNK7harvest6entity15CCreativeEntity15getBuildingNameEv	manual:Mac-name+amd64-creative-Lua-controls-layout-and-callsites
0x41be40	9	_ZNK7harvest6entity15CCreativeEntity16getCollisionSizeEv	mac-vtable:_ZTVN7harvest6entity15CCreativeEntityE:33
0x41be50	26	_ZN7harvest6entity15CCreativeEntity12updateSpriteEf	mac-vtable:_ZTVN7harvest6entity15CCreativeEntityE:17
0x41be70	5	_ZN7harvest6entity15CCreativeEntity13getBuildingIdEv	reloc:HarvestFull/harvest/entity/CBuildingEntity.cpp:_ZN7harvest6entity15CBuildingEntity15getBuildingTypeEv
0x41be80	36	_ZN7harvest6entity15CCreativeEntity7onSparkEPNS0_12CSparkEntityE	mac-vtable:_ZTVN7harvest6entity15CCreativeEntityE:26
0x41beb0	8	_ZN7harvest6entity15CCreativeEntity10wantsSparkEv	mac-vtable:_ZTVN7harvest6entity15CCreativeEntityE:27
0x41bec0	5	_ZN7harvest6entity15CCreativeEntity23getCurrentDisplaySpriteEv	mac-vtable:_ZTVN7harvest6entity15CCreativeEntityE:25
0x41bed0	126	_ZN7harvest6entity15CCreativeEntity6renderERKN2ox4core11CPosition2dIfEERKNS3_5CRectIiEE	mac-vtable:_ZTVN7harvest6entity15CCreativeEntityE:19
0x41bf90	49	_ZN7harvest6entity15CCreativeEntity11updateLogicEf	mac-vtable:_ZTVN7harvest6entity15CCreativeEntityE:18
0x41bfd0	27	_ZN7harvest6entity17CCreativeLuaState16getDeathParticleEP9lua_State	manual:Mac-name+amd64-creative-Lua-controls-layout-and-callsites
0x41bff0	89	_ZN7harvest6entity17CCreativeLuaState11getPositionEP9lua_State	manual:Mac-name+amd64-creative-Lua-controls-layout-and-callsites
0x41c050	34	_ZN7harvest6entity17CCreativeLuaState14getEnergyLevelEP9lua_State	manual:Mac-name+amd64-creative-Lua-controls-layout-and-callsites
0x41c080	88	_ZN7harvest6entity17CCreativeLuaState14setEnergyLevelEP9lua_State	manual:Mac-name+amd64-creative-Lua-controls-layout-and-callsites
0x41c0e0	91	_ZN7harvest6entity17CCreativeLuaState11setProgressEP9lua_State	manual:Mac-name+amd64-creative-Lua-controls-layout-and-callsites
0x41c140	382	_ZN7harvest6entity17CCreativeLuaState15setRenderColorFEP9lua_State	manual:Mac-name+amd64-creative-Lua-controls-layout-and-callsites
0x41c2c0	84	_ZN7harvest6entity17CCreativeLuaState14setWantsEnergyEP9lua_State	manual:Mac-name+amd64-creative-Lua-controls-layout-and-callsites
0x41c320	31	_ZN7harvest6entity17CCreativeLuaState5getIdEP9lua_State	manual:Mac-name+amd64-creative-Lua-controls-layout-and-callsites
0x41c340	33	_ZN7harvest6entity17CCreativeLuaState11getPrivatesEP9lua_State	manual:Mac-name+amd64-creative-Lua-controls-layout-and-callsites
0x41c370	40	_ZN7harvest6entity17CCreativeLuaStateD0Ev	mac-vtable:_ZTVN7harvest6entity17CCreativeLuaStateE:3
0x41c3a0	27	_ZN7harvest6entity17CCreativeLuaStateD1Ev	mac-vtable:_ZTVN7harvest6entity17CCreativeLuaStateE:2
0x41c3c0	27	_ZN7harvest6entity17CCreativeLuaStateD2Ev	manual:Mac-name+amd64-creative-Lua-controls-layout-and-callsites
0x41c3e0	64	_ZN7harvest6entity17CCreativeLuaStateC1EP9lua_State	manual:Mac-name+amd64-creative-Lua-controls-layout-and-callsites
0x41c420	64	_ZN7harvest6entity17CCreativeLuaStateC2EP9lua_State	manual:Mac-name+amd64-creative-Lua-controls-layout-and-callsites
0x41c460	125	_ZN7harvest6entity15CCreativeEntity13getInfoStringEv	mac-vtable:_ZTVN7harvest6entity15CCreativeEntityE:30
0x41c4e0	216	_ZN7harvest6entity15CCreativeEntityD0Ev	mac-vtable:_ZTVN7harvest6entity15CCreativeEntityE:3
0x41c5c0	125	_ZN7harvest6entity15CCreativeEntity17getMiniStatStringEv	mac-vtable:_ZTVN7harvest6entity15CCreativeEntityE:31
0x41c640	294	_ZN7harvest6entity15CCreativeEntity10loadSpriteEv	manual:Mac-name+amd64-creative-Lua-controls-layout-and-callsites
0x41c770	208	_ZN7harvest6entity15CCreativeEntityD1Ev	mac-vtable:_ZTVN7harvest6entity15CCreativeEntityE:2
0x41c840	208	_ZN7harvest6entity15CCreativeEntityD2Ev	manual:Mac-name+amd64-creative-Lua-controls-layout-and-callsites
0x41c910	440	_ZN7harvest6entity17CCreativeLuaState16writeLuaPrivatesEPN2ox2io10IWriteFileE	manual:Mac-name+amd64-creative-Lua-controls-layout-and-callsites
0x41cad0	115	_ZN7harvest6entity15CCreativeEntity15writeEntityDataEPN2ox2io10IWriteFileE	mac-vtable:_ZTVN7harvest6entity15CCreativeEntityE:15
0x41cb50	921	_ZN7harvest6entity17CCreativeLuaState9setSpriteEP9lua_State	manual:Mac-name+amd64-creative-Lua-controls-layout-and-callsites
0x41cef0	678	_ZN7harvest6entity15CCreativeEntity16loadBuildingDataEPKc	manual:Mac-name+amd64-creative-Lua-controls-layout-and-callsites
0x41d1a0	412	_ZN7harvest6entity15CCreativeEntityC1EffPKc	reloc:HarvestFull/harvest/entity/CHarvestEntity.cpp:_ZN7harvest6entity7CEntity14readNextEntityEPN2ox2io9IReadFileEi
0x41d340	412	_ZN7harvest6entity15CCreativeEntityC2EffPKc	manual:Mac-name+amd64-creative-Lua-controls-layout-and-callsites
0x41d4e0	944	_ZN7harvest6entity17CCreativeLuaState15readLuaPrivatesEPN2ox2io9IReadFileEi	manual:Mac-name+amd64-creative-Lua-controls-layout-and-callsites
0x41d890	217	_ZN7harvest6entity15CCreativeEntity14readEntityDataEPN2ox2io9IReadFileEi	mac-vtable:_ZTVN7harvest6entity15CCreativeEntityE:16
0x41d970	9	_ZNK7harvest6entity15CCreativeEntity12getSellValueEv	mac-vtable:_ZTVN7harvest6entity15CCreativeEntityE:34
0x41d980	2	_ZN7harvest6entity15CCreativeEntity17renderGroundLayerERKN2ox4core11CPosition2dIfEERKNS3_5CRectIiEE	mac-vtable:_ZTVN7harvest6entity15CCreativeEntityE:22
0x41d990	34	_ZN7harvest4game12SLuaFilePairD1Ev	manual:Mac-type+amd64-Lua-pair-layout-and-vector-callsites
0x41d9c0	85	_ZN2ox6TArrayIN7harvest4game12SLuaFilePairEED1Ev	reloc:HarvestFull/harvest/entity/CCreativeEntity.cpp:_ZN7harvest6entity17CCreativeLuaState16writeLuaPrivatesEPN2ox2io10IWriteFileE
0x41da20	2662	_ZNSt6vectorIN7harvest4game12SLuaFilePairESaIS2_EE13_M_insert_auxEN9__gnu_cxx17__normal_iteratorIPS2_S4_EERKS2_	manual:Mac-type+amd64-Lua-pair-layout-and-vector-callsites
0x41e4c0	86	_ZN7harvest6entity19CDefenseTowerEntity12updateSpriteEf	mac-vtable:_ZTVN7harvest6entity19CDefenseTowerEntityE:17
0x41e520	115	_ZN7harvest6entity19CDefenseTowerEntity15addToRenderListERKN2ox4core5CRectIfEE	mac-vtable:_ZTVN7harvest6entity19CDefenseTowerEntityE:6
0x41e5a0	23	_ZN7harvest6entity19CDefenseTowerEntity18getBackTargetCountEb	match:HarvestFull/harvest/entity/CDefenseTowerEntity.cpp
0x41e5c0	54	_ZN7harvest6entity19CDefenseTowerEntity18isForwardingToThisEPS1_	mac-symbol+linux-chain:0x18caa
0x41e600	147	_ZN7harvest6entity19CDefenseTowerEntity13getTotalRangeEv	match:HarvestFull/harvest/entity/CDefenseTowerEntity.cpp
0x41e6a0	12	_ZN7harvest6entity19CDefenseTowerEntity8isLinkedEv	match:HarvestFull/harvest/entity/CDefenseTowerEntity.cpp
0x41e6b0	11	_ZN7harvest6entity19CDefenseTowerEntity10isLinkedToEPS1_	match:HarvestFull/harvest/entity/CDefenseTowerEntity.cpp
0x41e6c0	87	_ZN7harvest6entity19CDefenseTowerEntity12makeEndLaserEPS1_	match:HarvestFull/harvest/entity/CDefenseTowerEntity.cpp
0x41e720	10	_ZN7harvest6entity19CDefenseTowerEntity17getNumBackTargetsEv	match:HarvestFull/harvest/entity/CDefenseTowerEntity.cpp
0x41e730	97	_ZN7harvest6entity19CDefenseTowerEntity14getTotalDamageEb	match:HarvestFull/harvest/entity/CDefenseTowerEntity.cpp
0x41e7a0	8	_ZN7harvest6entity19CDefenseTowerEntity23isForwardTargetShootingEv	match:HarvestFull/harvest/entity/CDefenseTowerEntity.cpp
0x41e7b0	2	_ZN7harvest6entity19CDefenseTowerEntity17renderGroundLayerERKN2ox4core11CPosition2dIfEERKNS3_5CRectIiEE	mac-vtable:_ZTVN7harvest6entity19CDefenseTowerEntityE:22
0x41e7c0	16	_ZN7harvest6entity19CDefenseTowerEntity23getCurrentDisplaySpriteEv	mac-vtable:_ZTVN7harvest6entity19CDefenseTowerEntityE:25
0x41e810	40	_ZN7harvest6entity19CDefenseTowerEntity10wantsSparkEv	mac-vtable:_ZTVN7harvest6entity19CDefenseTowerEntityE:27
0x41e840	73	_ZN7harvest6entity19CDefenseTowerEntity7onSparkEPNS0_12CSparkEntityE	mac-vtable:_ZTVN7harvest6entity19CDefenseTowerEntityE:26
0x41e890	76	_ZN7harvest6entity19CDefenseTowerEntity27updateForwardTargetShootingEv	match:HarvestFull/harvest/entity/CDefenseTowerEntity.cpp
0x41e8e0	240	_ZN7harvest6entity19CDefenseTowerEntity21updateBackTargetCountEv	match:HarvestFull/harvest/entity/CDefenseTowerEntity.cpp
0x41e9d0	267	_ZN7harvest6entity19CDefenseTowerEntity15writeEntityDataEPN2ox2io10IWriteFileE	mac-vtable:_ZTVN7harvest6entity19CDefenseTowerEntityE:15
0x41eae0	293	_ZN7harvest6entity19CDefenseTowerEntity6renderERKN2ox4core11CPosition2dIfEERKNS3_5CRectIiEE	mac-vtable:_ZTVN7harvest6entity19CDefenseTowerEntityE:19
0x41ec10	125	_ZN7harvest6entity19CDefenseTowerEntity17getOperatorStringEv	mac-vtable:_ZTVN7harvest6entity19CDefenseTowerEntityE:32
0x41ec90	64	_ZN7harvest6entity19CDefenseTowerEntity17getMiniStatStringEv	mac-vtable:_ZTVN7harvest6entity19CDefenseTowerEntityE:31
0x41ecd0	361	_ZN7harvest6entity19CDefenseTowerEntity16updateTowerLinksEv	mac-symbol+linux-calls:0x182fa
0x41ee40	722	_ZN7harvest6entity19CDefenseTowerEntity19rotateTowardsTargetEf	match:HarvestFull/harvest/entity/CDefenseTowerEntity.cpp
0x41f120	2610	_ZN7harvest6entity19CDefenseTowerEntity11updateLogicEf	mac-vtable:_ZTVN7harvest6entity19CDefenseTowerEntityE:18
0x41fb60	789	_ZN7harvest6entity19CDefenseTowerEntity13getInfoStringEv	mac-vtable:_ZTVN7harvest6entity19CDefenseTowerEntityE:30
0x41fe80	118	_ZN7harvest6entity19CDefenseTowerEntity22notifyRemoveBackTargetEPS1_	match:HarvestFull/harvest/entity/CDefenseTowerEntity.cpp
0x41ff00	50	_ZN7harvest6entity19CDefenseTowerEntity31handleSelectionDraggedToNothingEv	mac-vtable:_ZTVN7harvest6entity19CDefenseTowerEntityE:38
0x41ff40	66	_ZN7harvest6entity19CDefenseTowerEntity26handleDoubleClickSelectionEv	mac-vtable:_ZTVN7harvest6entity19CDefenseTowerEntityE:36
0x41ff90	155	_ZN7harvest6entity19CDefenseTowerEntity22handleRightClickActionERKN2ox4core11CPosition2dIfEE	mac-vtable:_ZTVN7harvest6entity19CDefenseTowerEntityE:35
0x420030	318	_ZN7harvest6entity19CDefenseTowerEntityD1Ev	mac-vtable:_ZTVN7harvest6entity19CDefenseTowerEntityE:2
0x420170	326	_ZN7harvest6entity19CDefenseTowerEntityD0Ev	mac-vtable:_ZTVN7harvest6entity19CDefenseTowerEntityE:3
0x4202c0	318	_ZN7harvest6entity19CDefenseTowerEntityD2Ev	match:HarvestFull/harvest/entity/CDefenseTowerEntity.cpp
0x420400	399	_ZN7harvest6entity19CDefenseTowerEntity14readEntityDataEPN2ox2io9IReadFileEi	mac-vtable:_ZTVN7harvest6entity19CDefenseTowerEntityE:16
0x420590	179	_ZN7harvest6entity19CDefenseTowerEntity19notifyNewBackTargetEPS1_	match:HarvestFull/harvest/entity/CDefenseTowerEntity.cpp
0x420650	254	_ZN7harvest6entity19CDefenseTowerEntity30handleSelectionDraggedToEntityEPNS0_7CEntityE	mac-vtable:_ZTVN7harvest6entity19CDefenseTowerEntityE:37
0x420750	15365	_ZN7harvest6entity19CDefenseTowerEntityC1Eff	reloc:HarvestFull/harvest/entity/CHarvestEntity.cpp:_ZN7harvest6entity7CEntity14readNextEntityEPN2ox2io9IReadFileEi
0x424360	24437	_ZN7harvest6entity19CDefenseTowerEntityC2Eff	mac-symbol+linux-base-constructor:0x12ff4
0x42a2e0	66	_ZN7harvest6entity11SEnergyBeamD1Ev	mac-vtable:_ZTVN7harvest6entity11SEnergyBeamE:2
0x42a330	9	_ZNK7harvest6entity19CDefenseTowerEntity16getCollisionSizeEv	mac-vtable:_ZTVN7harvest6entity19CDefenseTowerEntityE:33
0x42a340	65	_ZN7harvest6entity11SEnergyBeamD0Ev	mac-vtable:_ZTVN7harvest6entity11SEnergyBeamE:3
0x42a390	401	_ZNSt6vectorIPN2ox6entity16SEntityReferenceESaIS3_EE13_M_insert_auxEN9__gnu_cxx17__normal_iteratorIPS3_S5_EERKS3_	reloc:HarvestFull/harvest/entity/CDefenseTowerEntity.cpp:_ZN7harvest6entity19CDefenseTowerEntity14readEntityDataEPN2ox2io9IReadFileEi
0x42a530	9	_ZNK7harvest6entity15CDropshipEntity16getCollisionSizeEv	mac-vtable:_ZTVN7harvest6entity15CDropshipEntityE:33
0x42a540	34	_ZN7harvest6entity15CDropshipEntity12updateSpriteEf	mac-vtable:_ZTVN7harvest6entity15CDropshipEntityE:17
0x42a570	6	_ZN7harvest6entity15CDropshipEntity7onSparkEPNS0_12CSparkEntityE	mac-vtable:_ZTVN7harvest6entity15CDropshipEntityE:26
0x42a580	3	_ZN7harvest6entity15CDropshipEntity10wantsSparkEv	mac-vtable:_ZTVN7harvest6entity15CDropshipEntityE:27
0x42a590	7	_ZN7harvest6entity15CDropshipEntity16setDropshipStateEi	manual:Mac-symbol+amd64-dropship-instructions-and-callsites
0x42a5a0	7	_ZN7harvest6entity15CDropshipEntity16getDropshipStateEv	manual:Mac-symbol+amd64-dropship-instructions-and-callsites
0x42a5b0	118	_ZN7harvest6entity15CDropshipEntity6renderERKN2ox4core11CPosition2dIfEERKNS3_5CRectIiEE	mac-vtable:_ZTVN7harvest6entity15CDropshipEntityE:19
0x42a630	153	_ZN7harvest6entity15CDropshipEntity17renderGroundLayerERKN2ox4core11CPosition2dIfEERKNS3_5CRectIiEE	mac-vtable:_ZTVN7harvest6entity15CDropshipEntityE:22
0x42a6d0	13	_ZN7harvest6entity15CDropshipEntity23getCurrentDisplaySpriteEv	mac-vtable:_ZTVN7harvest6entity15CDropshipEntityE:25
0x42a6e0	2	_ZN7harvest6entity15CDropshipEntity15writeEntityDataEPN2ox2io10IWriteFileE	mac-vtable:_ZTVN7harvest6entity15CDropshipEntityE:15
0x42a6f0	2	_ZN7harvest6entity15CDropshipEntity14readEntityDataEPN2ox2io9IReadFileEi	mac-vtable:_ZTVN7harvest6entity15CDropshipEntityE:16
0x42a700	26	_ZN7harvest6entity21CDropshipBulletEntity12updateSpriteEf	mac-vtable:_ZTVN7harvest6entity21CDropshipBulletEntityE:17
0x42a720	3	_ZN7harvest6entity21CDropshipBulletEntity7onSparkEPNS0_12CSparkEntityE	mac-vtable:_ZTVN7harvest6entity21CDropshipBulletEntityE:26
0x42a730	3	_ZN7harvest6entity21CDropshipBulletEntity10wantsSparkEv	mac-vtable:_ZTVN7harvest6entity21CDropshipBulletEntityE:27
0x42a740	123	_ZN7harvest6entity21CDropshipBulletEntity15addToRenderListERKN2ox4core5CRectIfEE	mac-vtable:_ZTVN7harvest6entity21CDropshipBulletEntityE:6
0x42a7c0	2	_ZN7harvest6entity21CDropshipBulletEntity15writeEntityDataEPN2ox2io10IWriteFileE	mac-vtable:_ZTVN7harvest6entity21CDropshipBulletEntityE:15
0x42a7d0	2	_ZN7harvest6entity21CDropshipBulletEntity14readEntityDataEPN2ox2io9IReadFileEi	mac-vtable:_ZTVN7harvest6entity21CDropshipBulletEntityE:16
0x42a820	25	_ZN7harvest6entity21CDropshipBulletEntity6renderERKN2ox4core11CPosition2dIfEERKNS3_5CRectIiEE	mac-vtable:_ZTVN7harvest6entity21CDropshipBulletEntityE:19
0x42a840	962	_ZN7harvest6entity21CDropshipBulletEntity11updateLogicEf	mac-vtable:_ZTVN7harvest6entity21CDropshipBulletEntityE:18
0x42ac10	517	_ZN7harvest6entity15CDropshipEntity20locateNewAlienTargetEv	manual:Mac-symbol+amd64-dropship-instructions-and-callsites
0x42ae20	426	_ZN7harvest6entity15CDropshipEntity17turnTowardsTargetEf	manual:Mac-symbol+amd64-dropship-instructions-and-callsites
0x42afd0	125	_ZN7harvest6entity15CDropshipEntity17getMiniStatStringEv	mac-vtable:_ZTVN7harvest6entity15CDropshipEntityE:31
0x42b050	125	_ZN7harvest6entity15CDropshipEntity13getInfoStringEv	mac-vtable:_ZTVN7harvest6entity15CDropshipEntityE:30
0x42b0d0	427	_ZN7harvest6entity15CDropshipEntity26locateNewAlienBulletTargetEv	manual:Mac-symbol+amd64-dropship-instructions-and-callsites
0x42b280	115	_ZN7harvest6entity21CDropshipBulletEntityD0Ev	mac-vtable:_ZTVN7harvest6entity21CDropshipBulletEntityE:3
0x42b300	107	_ZN7harvest6entity21CDropshipBulletEntityD1Ev	mac-vtable:_ZTVN7harvest6entity21CDropshipBulletEntityE:2
0x42b370	107	_ZN7harvest6entity21CDropshipBulletEntityD2Ev	manual:Mac-symbol+amd64-dropship-instructions-and-callsites
0x42b3e0	202	_ZN7harvest6entity15CDropshipEntityD0Ev	mac-vtable:_ZTVN7harvest6entity15CDropshipEntityE:3
0x42b4b0	194	_ZN7harvest6entity15CDropshipEntityD1Ev	mac-vtable:_ZTVN7harvest6entity15CDropshipEntityE:2
0x42b580	194	_ZN7harvest6entity15CDropshipEntityD2Ev	manual:Mac-symbol+amd64-dropship-instructions-and-callsites
0x42b650	562	_ZN7harvest6entity21CDropshipBulletEntityC1EfRKN2ox4core9CVector3dIfEES7_	manual:Mac-symbol+amd64-dropship-instructions-and-callsites
0x42b890	5962	_ZN7harvest6entity15CDropshipEntity11updateLogicEf	mac-vtable:_ZTVN7harvest6entity15CDropshipEntityE:18
0x42cfe0	562	_ZN7harvest6entity21CDropshipBulletEntityC2EfRKN2ox4core9CVector3dIfEES7_	manual:Mac-symbol+amd64-dropship-instructions-and-callsites
0x42d220	11205	_ZN7harvest6entity15CDropshipEntity10loadSpriteEb	manual:Mac-symbol+amd64-dropship-instructions-and-callsites
0x42fdf0	699	_ZN7harvest6entity15CDropshipEntityC1Effb	manual:Mac-symbol+amd64-dropship-instructions-and-callsites
0x4300b0	699	_ZN7harvest6entity15CDropshipEntityC2Effb	manual:Mac-symbol+amd64-dropship-instructions-and-callsites
0x430370	3	_ZNK7harvest6entity15CDropshipEntity12getSellValueEv	mac-vtable:_ZTVN7harvest6entity15CDropshipEntityE:34
0x430380	2	_ZN7harvest6entity21CDropshipBulletEntity17renderGroundLayerERKN2ox4core11CPosition2dIfEERKNS3_5CRectIiEE	mac-vtable:_ZTVN7harvest6entity21CDropshipBulletEntityE:22
0x430390	23	_ZNK7harvest6entity14CEntityManager22hasBuildingListChangedEv	reloc:HarvestFull/harvest/entity/CHarvestEntity.cpp:_ZN7harvest6entity7CEntity18updateSparkTargetsERN2ox6TArrayIPNS2_6entity9COxEntityEEE
0x4303b0	7	_ZNK7harvest6entity14CEntityManager15getNumBuildingsEv	mac-symbol:entity-manager:verified-native-layout-and-calls
0x4303c0	40	_ZNK7harvest6entity14CEntityManager12getNumAliensEv	mac-symbol:entity-manager:verified-native-layout-and-calls
0x4303f0	8	_ZNK7harvest6entity14CEntityManager23getBuildingsBoundingBoxEv	mac-symbol:entity-manager:verified-native-layout-and-calls
0x430400	25	_ZN7harvest6entity14CEntityManager28getRangeSearchResultDistanceEv	mac-symbol:entity-manager:verified-native-layout-and-calls
0x430420	35	_ZN7harvest6entity14CEntityManager24updateClickableReferenceEiPNS0_7CEntityE	mac-symbol:entity-manager:verified-native-layout-and-calls
0x430450	81	_ZN7harvest6entity14CEntityManager21calculateGridPositionERKN2ox4core9CVector3dIfEE	reloc:HarvestFull/harvest/entity/CSparkEntity.cpp:_ZN7harvest6entity12CSparkEntity11updateLogicEf
0x4304b0	39	_ZN7harvest6entity14CEntityManager28calculateGridCoordinateClampEf	reloc:HarvestFull/harvest/entity/CHarvestEntity.cpp:_ZN7harvest6entity7CEntity18updateSparkTargetsERN2ox6TArrayIPNS2_6entity9COxEntityEEE
0x4304e0	59	_GLOBAL__I__ZN7harvest6entity16gp_entityManagerE	native-calls:entity-manager-construction-and-render-list
0x430520	414	_ZN7harvest6entity14CEntityManager6updateEfRKN2ox4core5CRectIfEE	mac-symbol:entity-manager:verified-native-layout-and-calls
0x4306c0	210	_ZN7harvest6entity23CFindRangeLineBuildings10testEntityEPN2ox6entity9COxEntityE	mac-vtable:_ZTVN7harvest6entity23CFindRangeLineBuildingsE:2
0x4307a0	116	_ZN7harvest6entity20CFindBuildingInRange10testEntityEPN2ox6entity9COxEntityE	mac-vtable:_ZTVN7harvest6entity20CFindBuildingInRangeE:2
0x430820	160	_ZN7harvest6entity26CFindShootableAlienInRange10testEntityEPN2ox6entity9COxEntityE	mac-vtable:_ZTVN7harvest6entity26CFindShootableAlienInRangeE:2
0x4308c0	156	_ZN7harvest6entity24CFindRandomEntityInRange10testEntityEPN2ox6entity9COxEntityE	mac-vtable:_ZTVN7harvest6entity24CFindRandomEntityInRangeE:2
0x430960	139	_ZN7harvest6entity22CFindClickableBuilding10testEntityEPN2ox6entity9COxEntityES5_	mac-vtable:_ZTVN7harvest6entity22CFindClickableBuildingE:2
0x4309f0	103	_ZN7harvest6entity14CEntityManager18locateEntityInGridEiii	reloc:HarvestFull/harvest/entity/CSparkEntity.cpp:_ZN7harvest6entity12CSparkEntity11updateLogicEf
0x430a60	117	_ZN7harvest6entity14CEntityManager16removeGridEntityEPNS0_7CEntityERKN2ox4core9CVector3dIfEEi	reloc:HarvestFull/harvest/entity/CHarvestEntity.cpp:_ZN7harvest6entity7CEntity13notifyRemovedEv
0x430ae0	293	_ZN7harvest6entity14CEntityManager16updateGridEntityEPNS0_7CEntityERKN2ox4core9CVector3dIfEEi	manual:Mac-symbol+amd64-alien-calls-and-instructions
0x430c10	140	_ZN7harvest6entity14CEntityManager24getAllRangeLineBuildingsERN2ox6TArrayIPNS2_6entity9COxEntityEEERKNS2_4core11CPosition2dIfEEi	mac-symbol:entity-manager:verified-native-layout-and-calls
0x430ca0	131	_ZN7harvest6entity14CEntityManager19findBuildingInRangeERKN2ox4core11CPosition2dIfEEf	manual:Mac-symbol+amd64-alien-type-switch-and-instructions
0x430d30	166	_ZN7harvest6entity14CEntityManager20findAnyEntityInRangeERKN2ox4core11CPosition2dIfEEfii	mac-symbol:entity-manager:verified-native-layout-and-calls
0x430de0	186	_ZN7harvest6entity14CEntityManager21getAllEntitiesInRangeERN2ox6TArrayIPNS2_6entity9COxEntityEEERKNS2_4core11CPosition2dIfEEfii	mac-symbol:entity-manager:verified-native-layout-and-calls
0x430ea0	121	_ZN7harvest6entity14CEntityManager19findClickableEntityERKN2ox4core11CPosition2dIfEE	reloc:HarvestFull/harvest/entity/CSparkMoverEntity.cpp:_ZN7harvest6entity17CSparkMoverEntity22handleRightClickActionERKN2ox4core11CPosition2dIfEE
0x430f20	131	_ZN7harvest6entity14CEntityManager8addAlienEiff	mac-symbol:entity-manager:verified-native-layout-and-calls
0x430fb0	128	_ZN7harvest6entity14CEntityManager11addMineralsEiff	mac-symbol:entity-manager:verified-native-layout-and-calls
0x431030	370	_ZN7harvest6entity14CEntityManager11addBuildingEiff	mac-symbol:entity-manager:verified-native-layout-and-calls
0x4311b0	283	_ZN7harvest6entity14CEntityManager22findRandomAlienInRangeERKN2ox4core11CPosition2dIfEEff	mac-symbol:entity-manager:verified-native-layout-and-calls
0x4312d0	410	_ZN7harvest6entity14CEntityManager16renderEnergyBeamEPNS0_11SEnergyBeamERKN2ox4core11CPosition2dIfEERKNS5_5CRectIiEE	reloc:HarvestFull/harvest/entity/CSparkMoverEntity.cpp:_ZN7harvest6entity17CSparkMoverEntity17renderGroundLayerERKN2ox4core11CPosition2dIfEERKNS3_5CRectIiEE
0x431470	545	_ZN7harvest6entity14CEntityManager21isBuildingPlacementOkERN2ox4core11CPosition2dIfEEf	mac-symbol:entity-manager:verified-native-layout-and-calls
0x4316a0	250	_ZN7harvest6entity14CEntityManager14renderEntitiesERKN2ox4core11CPosition2dIfEERKNS3_5CRectIiEE	mac-symbol:entity-manager:verified-native-layout-and-calls
0x4317a0	132	_ZN7harvest6entity14CEntityManager13writeEntitiesEPN2ox2io10IWriteFileE	mac-symbol:entity-manager:verified-native-layout-and-calls
0x431830	132	_ZN7harvest6entity14CEntityManager12readEntitiesEPN2ox2io9IReadFileEi	mac-symbol:entity-manager:verified-native-layout-and-calls
0x4318c0	183	_ZN7harvest6entity14CEntityManagerD1Ev	mac-vtable:_ZTVN7harvest6entity14CEntityManagerE:2
0x431980	202	_ZN7harvest6entity14CEntityManagerC1Ev	mac-symbol:entity-manager:verified-native-layout-and-calls
0x431a50	202	_ZN7harvest6entity14CEntityManagerC2Ev	mac-symbol:entity-manager:verified-native-layout-and-calls
0x431b20	183	_ZN7harvest6entity14CEntityManagerD2Ev	mac-symbol:entity-manager:verified-native-layout-and-calls
0x431be0	191	_ZN7harvest6entity14CEntityManagerD0Ev	mac-vtable:_ZTVN7harvest6entity14CEntityManagerE:3
0x431ca0	169	_ZN7harvest6entity14CEntityManager13addGridEntityEPNS0_7CEntityEi	reloc:HarvestFull/harvest/entity/CHarvestEntity.cpp:_ZN7harvest6entity7CEntityC1Eiiff
0x431d50	471	_ZN7harvest6entity14CEntityManager26findAllGridEntitiesInRangeERN2ox6TArrayIPNS2_6entity9COxEntityEEEiPNS0_24CFindRandomEntityInRangeE	mac-symbol:entity-manager:verified-native-layout-and-calls
0x431f30	324	_ZN7harvest6entity14CEntityManager23findRandomEntityInRangeERKN2ox4core11CPosition2dIfEEfii	reloc:HarvestFull/harvest/entity/CMinerEntity.cpp:_ZN7harvest6entity20CMineralGatherEntity18locateFreeMineralsEv
0x432080	72	_ZN7harvest6entity14CEntityManager24insertTopLevelEnergyBeamEPNS0_11SEnergyBeamE	reloc:HarvestFull/harvest/entity/CMinerEntity.cpp:_ZN7harvest6entity20CMineralGatherEntity6renderERKN2ox4core11CPosition2dIfEERKNS3_5CRectIiEE
0x4320d0	401	_ZNSt6vectorIPN7harvest6entity11SEnergyBeamESaIS3_EE13_M_insert_auxEN9__gnu_cxx17__normal_iteratorIPS3_S5_EERKS3_	reloc:HarvestFull/harvest/entity/CMissileTurretEntity.cpp:_ZN7harvest6entity19CTempestBlastEntity11createBeamsERKN2ox4core9CVector3dIfEES7_i
0x432270	4	_ZN7harvest6entity7CEntity13getEntityTypeEv	mac-vtable:_ZTVN7harvest6entity12CAlienEntityE:4
0x432280	70	_ZN7harvest6entity7CEntity6updateEf	mac-vtable:_ZTVN7harvest6entity12CAlienEntityE:5
0x4322d0	2	_ZN7harvest6entity7CEntity12updateSpriteEf	mac-vtable:_ZTVN7harvest6entity15CBuildingEntityE:17
0x4322e0	51	_ZN7harvest6entity7CEntity15addToRenderListERKN2ox4core5CRectIfEE	mac-vtable:_ZTVN7harvest6entity12CAlienEntityE:6
0x432320	84	_ZN7harvest6entity7CEntity12renderSpriteERKN2ox4core11CPosition2dIfEERKNS3_5CRectIiEEPNS2_5video21ISpriteAnimationStateE	mac-vtable:_ZTVN7harvest6entity12CAlienEntityE:20
0x432380	91	_ZN7harvest6entity7CEntity17renderSpriteFixedERKN2ox4core11CPosition2dIfEERKNS3_5CRectIiEEPNS2_5video21ISpriteAnimationStateE	mac-vtable:_ZTVN7harvest6entity12CAlienEntityE:21
0x4323e0	236	_ZN7harvest6entity7CEntity16renderEnergyLineERKN2ox4core11CPosition2dIfEERKNS3_5CRectIiEES7_b	mac-vtable:_ZTVN7harvest6entity12CAlienEntityE:23
0x4324d0	220	_ZN7harvest6entity7CEntity18renderSelfProgressERKN2ox4core11CPosition2dIfEERKNS3_5CRectIiEEfNS2_5video6SColorE	mac-vtable:_ZTVN7harvest6entity12CAlienEntityE:24
0x4325b0	3	_ZN7harvest6entity7CEntity23getCurrentDisplaySpriteEv	mac-vtable:_ZTVN7harvest6entity12CAlienEntityE:25
0x4325c0	40	_ZNK7harvest6entity15CParticleEntity14getRenderLayerEv	mac-vtable:_ZTVN7harvest6entity15CParticleEntityE:14
0x4325f0	135	_ZN7harvest6entity15CParticleEntity6renderERKN2ox4core11CPosition2dIfEERKNS3_5CRectIiEE	mac-vtable:_ZTVN7harvest6entity15CParticleEntityE:19
0x432680	23	_ZN7harvest6entity20CSpecialEffectEntity11updateLogicEf	mac-vtable:_ZTVN7harvest6entity20CSpecialEffectEntityE:18
0x4326a0	390	_ZN7harvest6entity20CSpecialEffectEntity6renderERKN2ox4core11CPosition2dIfEERKNS3_5CRectIiEE	mac-vtable:_ZTVN7harvest6entity20CSpecialEffectEntityE:19
0x432830	127	_ZN7harvest6entity20CSpecialEffectEntity17renderGroundLayerERKN2ox4core11CPosition2dIfEERKNS3_5CRectIiEE	mac-vtable:_ZTVN7harvest6entity20CSpecialEffectEntityE:22
0x432910	333	_ZN7harvest6entity15CParticleEntity11updateLogicEf	mac-vtable:_ZTVN7harvest6entity15CParticleEntityE:18
0x432a60	954	_ZN7harvest6entity7CEntity14readNextEntityEPN2ox2io9IReadFileEi	match:HarvestFull/harvest/entity/CHarvestEntity.cpp
0x432e20	135	_ZN7harvest6entity7CEntity11writeEntityEPN2ox2io10IWriteFileE	match:HarvestFull/harvest/entity/CHarvestEntity.cpp
0x433090	285	_ZN7harvest6entity7CEntity15findSparkTargetEiRi	match:HarvestFull/harvest/entity/CHarvestEntity.cpp
0x4331b0	50	_ZN7harvest6entity7CEntity13notifyRemovedEv	mac-vtable:_ZTVN7harvest6entity12CAlienEntityE:9
0x4331f0	25	_ZN7harvest6entity7CEntityD0Ev	mac-vtable:_ZTVN7harvest6entity7CEntityE:3
0x433210	12	_ZN7harvest6entity7CEntityD1Ev	mac-vtable:_ZTVN7harvest6entity7CEntityE:2
0x433220	12	_ZN7harvest6entity7CEntityD2Ev	match:HarvestFull/harvest/entity/CHarvestEntity.cpp
0x433230	25	_ZN7harvest6entity20CSpecialEffectEntityD0Ev	mac-vtable:_ZTVN7harvest6entity20CSpecialEffectEntityE:3
0x433250	12	_ZN7harvest6entity20CSpecialEffectEntityD1Ev	mac-vtable:_ZTVN7harvest6entity20CSpecialEffectEntityE:2
0x433260	12	_ZN7harvest6entity20CSpecialEffectEntityD2Ev	match:HarvestFull/harvest/entity/CHarvestEntity.cpp
0x433270	77	_ZN7harvest6entity15CParticleEntityD0Ev	mac-vtable:_ZTVN7harvest6entity15CParticleEntityE:3
0x4332c0	69	_ZN7harvest6entity15CParticleEntityD1Ev	mac-vtable:_ZTVN7harvest6entity15CParticleEntityE:2
0x433310	69	_ZN7harvest6entity15CParticleEntityD2Ev	match:HarvestFull/harvest/entity/CHarvestEntity.cpp
0x433360	115	_ZN7harvest6entity7CEntityC1Eiiff	match:HarvestFull/harvest/entity/CHarvestEntity.cpp
0x4333e0	115	_ZN7harvest6entity7CEntityC2Eiiff	match:HarvestFull/harvest/entity/CHarvestEntity.cpp
0x433460	240	_ZN7harvest6entity20CSpecialEffectEntityC1ERKN2ox4core11CPosition2dIfEES7_S7_S7_fPNS2_5video21ISpriteAnimationStateENS8_6SColorE	match:HarvestFull/harvest/entity/CHarvestEntity.cpp
0x433550	240	_ZN7harvest6entity20CSpecialEffectEntityC2ERKN2ox4core11CPosition2dIfEES7_S7_S7_fPNS2_5video21ISpriteAnimationStateENS8_6SColorE	match:HarvestFull/harvest/entity/CHarvestEntity.cpp
0x433640	159	_ZN7harvest6entity20CSpecialEffectEntityC1EfffPN2ox5video21ISpriteAnimationStateEffNS3_6SColorE	match:HarvestFull/harvest/entity/CHarvestEntity.cpp
0x4336e0	159	_ZN7harvest6entity20CSpecialEffectEntityC2EfffPN2ox5video21ISpriteAnimationStateEffNS3_6SColorE	match:HarvestFull/harvest/entity/CHarvestEntity.cpp
0x433780	85	_ZN7harvest6entity15CParticleEntityC1EPN2ox5video14IParticleStateERKNS2_4core9CVector3dIfEE	match:HarvestFull/harvest/entity/CHarvestEntity.cpp
0x4337e0	85	_ZN7harvest6entity15CParticleEntityC2EPN2ox5video14IParticleStateERKNS2_4core9CVector3dIfEE	match:HarvestFull/harvest/entity/CHarvestEntity.cpp
0x433840	398	_ZN7harvest6entity15CParticleEntityC2EfffPN2ox4core9CVector3dIfEEPKc	match:HarvestFull/harvest/entity/CHarvestEntity.cpp
0x4339d0	125	_ZN7harvest6entity7CEntity17getOperatorStringEv	mac-vtable:_ZTVN7harvest6entity12CAlienEntityE:32
0x433a50	398	_ZN7harvest6entity15CParticleEntityC1EfffPN2ox4core9CVector3dIfEEPKc	match:HarvestFull/harvest/entity/CHarvestEntity.cpp
0x433be0	125	_ZN7harvest6entity7CEntity13getInfoStringEv	mac-vtable:_ZTVN7harvest6entity12CAlienEntityE:30
0x433c60	125	_ZN7harvest6entity7CEntity17getMiniStatStringEv	mac-vtable:_ZTVN7harvest6entity12CAlienEntityE:31
0x433ce0	455	_ZN7harvest6entity7CEntity18updateSparkTargetsERN2ox6TArrayIPNS2_6entity9COxEntityEEE	match:HarvestFull/harvest/entity/CHarvestEntity.cpp
0x433eb0	3	_ZN7harvest6entity15CParticleEntity7onSparkEPNS0_12CSparkEntityE	mac-vtable:_ZTVN7harvest6entity15CParticleEntityE:26
0x433ec0	3	_ZN7harvest6entity15CParticleEntity10wantsSparkEv	mac-vtable:_ZTVN7harvest6entity15CParticleEntityE:27
0x433ed0	2	_ZN7harvest6entity15CParticleEntity17renderGroundLayerERKN2ox4core11CPosition2dIfEERKNS3_5CRectIiEE	mac-vtable:_ZTVN7harvest6entity15CParticleEntityE:22
0x433ee0	2	_ZN7harvest6entity15CParticleEntity15writeEntityDataEPN2ox2io10IWriteFileE	mac-vtable:_ZTVN7harvest6entity15CParticleEntityE:15
0x433ef0	2	_ZN7harvest6entity15CParticleEntity14readEntityDataEPN2ox2io9IReadFileEi	mac-vtable:_ZTVN7harvest6entity15CParticleEntityE:16
0x433f00	3	_ZN7harvest6entity20CSpecialEffectEntity7onSparkEPNS0_12CSparkEntityE	mac-vtable:_ZTVN7harvest6entity20CSpecialEffectEntityE:26
0x433f10	3	_ZN7harvest6entity20CSpecialEffectEntity10wantsSparkEv	mac-vtable:_ZTVN7harvest6entity20CSpecialEffectEntityE:27
0x433f20	2	_ZN7harvest6entity20CSpecialEffectEntity15writeEntityDataEPN2ox2io10IWriteFileE	mac-vtable:_ZTVN7harvest6entity20CSpecialEffectEntityE:15
0x433f30	2	_ZN7harvest6entity20CSpecialEffectEntity14readEntityDataEPN2ox2io9IReadFileEi	mac-vtable:_ZTVN7harvest6entity20CSpecialEffectEntityE:16
0x433f40	6	_ZN7harvest6entity20CSpecialEffectEntity15addToRenderListERKN2ox4core5CRectIfEE	mac-vtable:_ZTVN7harvest6entity20CSpecialEffectEntityE:6
0x433f50	185	_ZN7harvest6entity17CSparkListBuilder10testEntityEPN2ox6entity9COxEntityE	mac-vtable:_ZTVN7harvest6entity17CSparkListBuilderE:2
0x434010	175	_ZN7harvest6entity17CFindSparkFunctor10testEntityEPN2ox6entity9COxEntityE	mac-vtable:_ZTVN7harvest6entity17CFindSparkFunctorE:2
0x4340c0	118	_ZN7harvest6entity20CMineralGatherEntity12updateSpriteEf	mac-vtable:_ZTVN7harvest6entity20CMineralGatherEntityE:17
0x434140	26	_ZN7harvest6entity20CMineralGatherEntity7onSparkEPNS0_12CSparkEntityE	mac-vtable:_ZTVN7harvest6entity20CMineralGatherEntityE:26
0x434160	8	_ZN7harvest6entity20CMineralGatherEntity10wantsSparkEv	mac-vtable:_ZTVN7harvest6entity20CMineralGatherEntityE:27
0x434170	33	_ZN7harvest6entity20CMineralGatherEntity15isAbleToHarvestEv	match:HarvestFull/harvest/entity/CMinerEntity.cpp
0x4341a0	8	_ZN7harvest6entity20CMineralGatherEntity15hasMoreMineralsEv	match:HarvestFull/harvest/entity/CMinerEntity.cpp
0x4341b0	5	_ZN7harvest6entity20CMineralGatherEntity23getCurrentDisplaySpriteEv	mac-vtable:_ZTVN7harvest6entity20CMineralGatherEntityE:25
0x434200	102	_ZN7harvest6entity20CMineralGatherEntity14readEntityDataEPN2ox2io9IReadFileEi	mac-vtable:_ZTVN7harvest6entity20CMineralGatherEntityE:16
0x434270	81	_ZN7harvest6entity20CMineralGatherEntity15writeEntityDataEPN2ox2io10IWriteFileE	mac-vtable:_ZTVN7harvest6entity20CMineralGatherEntityE:15
0x4342d0	31	_ZN7harvest6entity20CMineralGatherEntity17getMiniStatStringEv	mac-vtable:_ZTVN7harvest6entity20CMineralGatherEntityE:31
0x4342f0	136	_ZN7harvest6entity20CMineralGatherEntity13getInfoStringEv	mac-vtable:_ZTVN7harvest6entity20CMineralGatherEntityE:30
0x434380	206	_ZN7harvest6entity20CMineralGatherEntity6renderERKN2ox4core11CPosition2dIfEERKNS3_5CRectIiEE	mac-vtable:_ZTVN7harvest6entity20CMineralGatherEntityE:19
0x434450	137	_ZN7harvest6entity20CMineralGatherEntity18locateFreeMineralsEv	match:HarvestFull/harvest/entity/CMinerEntity.cpp
0x4344e0	52	_ZN7harvest6entity20CMineralGatherEntity22notifyMineralsAppearedEv	match:HarvestFull/harvest/entity/CMinerEntity.cpp
0x434520	1405	_ZN7harvest6entity20CMineralGatherEntity11updateLogicEf	mac-vtable:_ZTVN7harvest6entity20CMineralGatherEntityE:18
0x434aa0	163	_ZN7harvest6entity20CMineralGatherEntityD0Ev	mac-vtable:_ZTVN7harvest6entity20CMineralGatherEntityE:3
0x434b50	155	_ZN7harvest6entity20CMineralGatherEntityD1Ev	mac-vtable:_ZTVN7harvest6entity20CMineralGatherEntityE:2
0x434bf0	155	_ZN7harvest6entity20CMineralGatherEntityD2Ev	match:HarvestFull/harvest/entity/CMinerEntity.cpp
0x434c90	935	_ZN7harvest6entity20CMineralGatherEntityC1Eff	reloc:HarvestFull/harvest/entity/CHarvestEntity.cpp:_ZN7harvest6entity7CEntity14readNextEntityEPN2ox2io9IReadFileEi
0x4353f0	9	_ZNK7harvest6entity20CMineralGatherEntity16getCollisionSizeEv	mac-vtable:_ZTVN7harvest6entity20CMineralGatherEntityE:33
0x435400	2	_ZN7harvest6entity20CMineralGatherEntity17renderGroundLayerERKN2ox4core11CPosition2dIfEERKNS3_5CRectIiEE	mac-vtable:_ZTVN7harvest6entity20CMineralGatherEntityE:22
0x435410	26	_ZN7harvest6entity15CMineralsEntity12updateSpriteEf	mac-vtable:_ZTVN7harvest6entity15CMineralsEntityE:17
0x435430	3	_ZN7harvest6entity15CMineralsEntity7onSparkEPNS0_12CSparkEntityE	mac-vtable:_ZTVN7harvest6entity15CMineralsEntityE:26
0x435440	3	_ZN7harvest6entity15CMineralsEntity10wantsSparkEv	mac-vtable:_ZTVN7harvest6entity15CMineralsEntityE:27
0x435450	5	_ZN7harvest6entity15CMineralsEntity23getCurrentDisplaySpriteEv	mac-vtable:_ZTVN7harvest6entity15CMineralsEntityE:25
0x435460	4	_ZN7harvest6entity15CMineralsEntity12setHogStatusEi	match:HarvestFull/harvest/entity/CMineralsEntity.cpp
0x435470	4	_ZN7harvest6entity15CMineralsEntity11getHoggerIdEv	match:HarvestFull/harvest/entity/CMineralsEntity.cpp
0x435480	9	_ZN7harvest6entity15CMineralsEntity6renderERKN2ox4core11CPosition2dIfEERKNS3_5CRectIiEE	mac-vtable:_ZTVN7harvest6entity15CMineralsEntityE:19
0x4354d0	26	_ZN7harvest6entity15CMineralsEntity11updateLogicEf	mac-vtable:_ZTVN7harvest6entity15CMineralsEntityE:18
0x4354f0	42	_ZN7harvest6entity15CMineralsEntity13getInfoStringEv	mac-vtable:_ZTVN7harvest6entity15CMineralsEntityE:30
0x435520	65	_ZN7harvest6entity15CMineralsEntity15writeEntityDataEPN2ox2io10IWriteFileE	mac-vtable:_ZTVN7harvest6entity15CMineralsEntityE:15
0x435570	86	_ZN7harvest6entity15CMineralsEntity14withdrawAmountEi	match:HarvestFull/harvest/entity/CMineralsEntity.cpp
0x4355d0	398	_ZN7harvest6entity15CMineralsEntity9setSpriteEv	match:HarvestFull/harvest/entity/CMineralsEntity.cpp
0x435760	140	_ZN7harvest6entity15CMineralsEntity14readEntityDataEPN2ox2io9IReadFileEi	mac-vtable:_ZTVN7harvest6entity15CMineralsEntityE:16
0x4357f0	95	_ZN7harvest6entity15CMineralsEntity20setRemainingMineralsEi	match:HarvestFull/harvest/entity/CMineralsEntity.cpp
0x435850	111	_ZN7harvest6entity15CMineralsEntityD0Ev	mac-vtable:_ZTVN7harvest6entity15CMineralsEntityE:3
0x4358c0	103	_ZN7harvest6entity15CMineralsEntityD1Ev	mac-vtable:_ZTVN7harvest6entity15CMineralsEntityE:2
0x435930	103	_ZN7harvest6entity15CMineralsEntityD2Ev	match:HarvestFull/harvest/entity/CMineralsEntity.cpp
0x4359a0	194	_ZN7harvest6entity15CMineralsEntityC1Effi	reloc:HarvestFull/harvest/entity/CHarvestEntity.cpp:_ZN7harvest6entity7CEntity14readNextEntityEPN2ox2io9IReadFileEi
0x435a70	848	_ZN7harvest6entity15CMineralsEntity20fillAreaWithMineralsERKN2ox4core5CRectIfEEiPNS_4game6CWorldE	match:HarvestFull/harvest/entity/CMineralsEntity.cpp
0x435dc0	194	_ZN7harvest6entity15CMineralsEntityC2Effi	match:HarvestFull/harvest/entity/CMineralsEntity.cpp
0x435e90	9	_ZNK7harvest6entity15CMineralsEntity16getCollisionSizeEv	mac-vtable:_ZTVN7harvest6entity15CMineralsEntityE:33
0x435ea0	3	_ZNK7harvest6entity15CMineralsEntity14getRenderLayerEv	mac-vtable:_ZTVN7harvest6entity15CMineralsEntityE:14
0x435eb0	2	_ZN7harvest6entity15CMineralsEntity17renderGroundLayerERKN2ox4core11CPosition2dIfEERKNS3_5CRectIiEE	mac-vtable:_ZTVN7harvest6entity15CMineralsEntityE:22
0x435ec0	97	_ZN7harvest6entity20CMissileTurretEntity12updateSpriteEf	mac-vtable:_ZTVN7harvest6entity20CMissileTurretEntityE:17
0x435f30	27	_ZN7harvest6entity20CMissileTurretEntity17getRequiredSparksEv	match:HarvestFull/harvest/entity/CMissileTurretEntity.cpp
0x435f50	47	_ZN7harvest6entity20CMissileTurretEntity7onSparkEPNS0_12CSparkEntityE	mac-vtable:_ZTVN7harvest6entity20CMissileTurretEntityE:26
0x435f80	34	_ZN7harvest6entity20CMissileTurretEntity10wantsSparkEv	mac-vtable:_ZTVN7harvest6entity20CMissileTurretEntityE:27
0x435fc0	10	_ZN7harvest6entity20CMissileTurretEntity23getCurrentDisplaySpriteEv	mac-vtable:_ZTVN7harvest6entity20CMissileTurretEntityE:25
0x435fd0	16	_ZN7harvest6entity14CMissileEntity8setSpeedEfff	match:HarvestFull/harvest/entity/CMissileTurretEntity.cpp
0x435fe0	2	_ZN7harvest6entity14CMissileEntity12updateSpriteEf	mac-vtable:_ZTVN7harvest6entity14CMissileEntityE:17
0x435ff0	5	_ZN7harvest6entity14CMissileEntity18disableRetargetingEv	manual:Mac-symbol+amd64-dropship-call-and-retargeting-byte-store
0x436000	319	_ZN7harvest6entity14CMissileEntity11updateSpeedERKN2ox4core9CVector3dIfEEfffff	mac-symbol+linux-calls:missile-gameplay
0x436140	3	_ZN7harvest6entity14CMissileEntity7onSparkEPNS0_12CSparkEntityE	mac-vtable:_ZTVN7harvest6entity14CMissileEntityE:26
0x436150	3	_ZN7harvest6entity14CMissileEntity10wantsSparkEv	mac-vtable:_ZTVN7harvest6entity14CMissileEntityE:27
0x436160	99	_ZN7harvest6entity14CMissileEntity15addToRenderListERKN2ox4core5CRectIfEE	mac-vtable:_ZTVN7harvest6entity14CMissileEntityE:6
0x4361d0	135	_ZN7harvest6entity14CMissileEntity6renderERKN2ox4core11CPosition2dIfEERKNS3_5CRectIiEE	mac-vtable:_ZTVN7harvest6entity14CMissileEntityE:19
0x436260	102	_ZN7harvest6entity19CTempestBlastEntity11deleteBeamsEv	match:HarvestFull/harvest/entity/CMissileTurretEntity.cpp
0x4362d0	26	_ZN7harvest6entity19CTempestBlastEntity12updateSpriteEf	mac-vtable:_ZTVN7harvest6entity19CTempestBlastEntityE:17
0x4362f0	3	_ZN7harvest6entity19CTempestBlastEntity7onSparkEPNS0_12CSparkEntityE	mac-vtable:_ZTVN7harvest6entity19CTempestBlastEntityE:26
0x436300	3	_ZN7harvest6entity19CTempestBlastEntity10wantsSparkEv	mac-vtable:_ZTVN7harvest6entity19CTempestBlastEntityE:27
0x436310	107	_ZN7harvest6entity19CTempestBlastEntity15addToRenderListERKN2ox4core5CRectIfEE	mac-vtable:_ZTVN7harvest6entity19CTempestBlastEntityE:6
0x436380	163	_ZN7harvest6entity20CMissileTurretEntity6renderERKN2ox4core11CPosition2dIfEERKNS3_5CRectIiEE	mac-vtable:_ZTVN7harvest6entity20CMissileTurretEntityE:19
0x436470	133	_ZN7harvest6entity19CTempestBlastEntity14readEntityDataEPN2ox2io9IReadFileEi	mac-vtable:_ZTVN7harvest6entity19CTempestBlastEntityE:16
0x436500	227	_ZN7harvest6entity20CMissileTurretEntity14readEntityDataEPN2ox2io9IReadFileEi	mac-vtable:_ZTVN7harvest6entity20CMissileTurretEntityE:16
0x4365f0	130	_ZN7harvest6entity19CTempestBlastEntity15writeEntityDataEPN2ox2io10IWriteFileE	mac-vtable:_ZTVN7harvest6entity19CTempestBlastEntityE:15
0x436680	144	_ZN7harvest6entity14CMissileEntity15writeEntityDataEPN2ox2io10IWriteFileE	mac-vtable:_ZTVN7harvest6entity14CMissileEntityE:15
0x436710	133	_ZN7harvest6entity20CMissileTurretEntity15writeEntityDataEPN2ox2io10IWriteFileE	mac-vtable:_ZTVN7harvest6entity20CMissileTurretEntityE:15
0x4367a0	88	_ZN7harvest6entity19CTempestBlastEntity6renderERKN2ox4core11CPosition2dIfEERKNS3_5CRectIiEE	mac-vtable:_ZTVN7harvest6entity19CTempestBlastEntityE:19
0x436800	77	_ZN7harvest6entity14CMissileEntityD0Ev	mac-vtable:_ZTVN7harvest6entity14CMissileEntityE:3
0x436850	69	_ZN7harvest6entity14CMissileEntityD1Ev	mac-vtable:_ZTVN7harvest6entity14CMissileEntityE:2
0x4368a0	69	_ZN7harvest6entity14CMissileEntityD2Ev	match:HarvestFull/harvest/entity/CMissileTurretEntity.cpp
0x4368f0	125	_ZN7harvest6entity20CMissileTurretEntity17getOperatorStringEv	mac-vtable:_ZTVN7harvest6entity20CMissileTurretEntityE:32
0x436970	64	_ZN7harvest6entity20CMissileTurretEntity17getMiniStatStringEv	mac-vtable:_ZTVN7harvest6entity20CMissileTurretEntityE:31
0x4369b0	85	_ZN7harvest6entity20CMissileTurretEntityD0Ev	mac-vtable:_ZTVN7harvest6entity20CMissileTurretEntityE:3
0x436a10	77	_ZN7harvest6entity20CMissileTurretEntityD1Ev	mac-vtable:_ZTVN7harvest6entity20CMissileTurretEntityE:2
0x436a60	77	_ZN7harvest6entity20CMissileTurretEntityD2Ev	match:HarvestFull/harvest/entity/CMissileTurretEntity.cpp
0x436ab0	1484	_ZN7harvest6entity20CMissileTurretEntity17findPriorityAlienERKN2ox4core9CVector3dIfEEiffPS5_	mac-symbol+linux-updateLogic-call:0x23b6c
0x437080	112	_ZN7harvest6entity20CMissileTurretEntity17findPriorityAlienEv	match:HarvestFull/harvest/entity/CMissileTurretEntity.cpp
0x4370f0	915	_ZN7harvest6entity19CTempestBlastEntity11createBeamsERKN2ox4core9CVector3dIfEES7_i	match:HarvestFull/harvest/entity/CMissileTurretEntity.cpp
0x437490	448	_ZN7harvest6entity19CTempestBlastEntity11updateLogicEf	mac-vtable:_ZTVN7harvest6entity19CTempestBlastEntityE:18
0x437650	124	_ZN7harvest6entity19CTempestBlastEntityD0Ev	mac-vtable:_ZTVN7harvest6entity19CTempestBlastEntityE:3
0x4376d0	116	_ZN7harvest6entity19CTempestBlastEntityD1Ev	mac-vtable:_ZTVN7harvest6entity19CTempestBlastEntityE:2
0x437750	116	_ZN7harvest6entity19CTempestBlastEntityD2Ev	match:HarvestFull/harvest/entity/CMissileTurretEntity.cpp
0x4377d0	1033	_ZN7harvest6entity20CMissileTurretEntity13getInfoStringEv	mac-vtable:_ZTVN7harvest6entity20CMissileTurretEntityE:30
0x437be0	353	_ZN7harvest6entity19CTempestBlastEntityC1ERKN2ox4core9CVector3dIfEES7_ii	reloc:HarvestFull/harvest/entity/CHarvestEntity.cpp:_ZN7harvest6entity7CEntity14readNextEntityEPN2ox2io9IReadFileEi
0x437d50	2930	_ZN7harvest6entity14CMissileEntity11updateLogicEf	mac-vtable:_ZTVN7harvest6entity14CMissileEntityE:18
0x4388d0	353	_ZN7harvest6entity19CTempestBlastEntityC2ERKN2ox4core9CVector3dIfEES7_ii	match:HarvestFull/harvest/entity/CMissileTurretEntity.cpp
0x438a40	1650	_ZN7harvest6entity20CMissileTurretEntityC1Eiff	reloc:HarvestFull/harvest/entity/CHarvestEntity.cpp:_ZN7harvest6entity7CEntity14readNextEntityEPN2ox2io9IReadFileEi
0x4390c0	1650	_ZN7harvest6entity20CMissileTurretEntityC2Eiff	mac-symbol+linux-calls:missile-gameplay
0x439740	615	_ZN7harvest6entity14CMissileEntity21initializeMissileTypeEv	mac-symbol+linux-calls:missile-gameplay
0x4399b0	203	_ZN7harvest6entity14CMissileEntity14readEntityDataEPN2ox2io9IReadFileEi	mac-vtable:_ZTVN7harvest6entity14CMissileEntityE:16
0x439a80	212	_ZN7harvest6entity14CMissileEntityC1EffRKN2ox4core11CPosition2dIfEEiii	reloc:HarvestFull/harvest/entity/CHarvestEntity.cpp:_ZN7harvest6entity7CEntity14readNextEntityEPN2ox2io9IReadFileEi
0x439b60	1842	_ZN7harvest6entity20CMissileTurretEntity11updateLogicEf	mac-vtable:_ZTVN7harvest6entity20CMissileTurretEntityE:18
0x43a2a0	212	_ZN7harvest6entity14CMissileEntityC2EffRKN2ox4core11CPosition2dIfEEiii	mac-symbol+linux-calls:missile-gameplay
0x43a380	9	_ZNK7harvest6entity20CMissileTurretEntity16getCollisionSizeEv	mac-vtable:_ZTVN7harvest6entity20CMissileTurretEntityE:33
0x43a390	2	_ZN7harvest6entity20CMissileTurretEntity17renderGroundLayerERKN2ox4core11CPosition2dIfEERKNS3_5CRectIiEE	mac-vtable:_ZTVN7harvest6entity20CMissileTurretEntityE:22
0x43a3a0	2	_ZN7harvest6entity14CMissileEntity17renderGroundLayerERKN2ox4core11CPosition2dIfEERKNS3_5CRectIiEE	mac-vtable:_ZTVN7harvest6entity14CMissileEntityE:22
0x43a3b0	2	_ZN7harvest6entity19CTempestBlastEntity17renderGroundLayerERKN2ox4core11CPosition2dIfEERKNS3_5CRectIiEE	mac-vtable:_ZTVN7harvest6entity19CTempestBlastEntityE:22
0x43a3c0	377	_ZSt13__adjust_heapIN9__gnu_cxx17__normal_iteratorIPN7harvest6entity18SAlienDistancePairESt6vectorIS4_SaIS4_EEEElS4_NS3_20SAlienDistanceSorterEEvT_T0_SC_T1_T2_	mac-symbol+linux-calls:missile-blast-sorting
0x43a540	209	_ZSt16__insertion_sortIN9__gnu_cxx17__normal_iteratorIPN7harvest6entity18SAlienDistancePairESt6vectorIS4_SaIS4_EEEENS3_20SAlienDistanceSorterEEvT_SB_T0_	mac-symbol+linux-calls:missile-blast-sorting
0x43a620	489	_ZSt16__introsort_loopIN9__gnu_cxx17__normal_iteratorIPN7harvest6entity18SAlienDistancePairESt6vectorIS4_SaIS4_EEEElNS3_20SAlienDistanceSorterEEvT_SB_T0_T1_	mac-symbol+linux-calls:missile-blast-sorting
0x43a810	425	_ZNSt6vectorIN7harvest6entity18SAlienDistancePairESaIS2_EE13_M_insert_auxEN9__gnu_cxx17__normal_iteratorIPS2_S4_EERKS2_	mac-symbol+linux-calls:missile-blast-sorting
0x43a9c0	401	_ZNSt6vectorIPN7harvest6entity12CAlienEntityESaIS3_EE13_M_insert_auxEN9__gnu_cxx17__normal_iteratorIPS3_S5_EERKS3_	mac-symbol+linux-calls:missile-blast-sorting
0x43ab60	26	_ZN7harvest6entity23CPerimeterBombExplosion12updateSpriteEf	mac-vtable:_ZTVN7harvest6entity23CPerimeterBombExplosionE:17
0x43ab80	9	_ZN7harvest6entity23CPerimeterBombExplosion6renderERKN2ox4core11CPosition2dIfEERKNS3_5CRectIiEE	mac-vtable:_ZTVN7harvest6entity23CPerimeterBombExplosionE:19
0x43abd0	79	_ZN7harvest6entity23CPerimeterBombExplosion14readEntityDataEPN2ox2io9IReadFileEi	mac-vtable:_ZTVN7harvest6entity23CPerimeterBombExplosionE:16
0x43ac20	73	_ZN7harvest6entity23CPerimeterBombExplosion15writeEntityDataEPN2ox2io10IWriteFileE	mac-vtable:_ZTVN7harvest6entity23CPerimeterBombExplosionE:15
0x43ac70	1184	_ZN7harvest6entity23CPerimeterBombExplosion11updateLogicEf	mac-vtable:_ZTVN7harvest6entity23CPerimeterBombExplosionE:18
0x43b110	77	_ZN7harvest6entity23CPerimeterBombExplosionD0Ev	mac-vtable:_ZTVN7harvest6entity23CPerimeterBombExplosionE:3
0x43b160	69	_ZN7harvest6entity23CPerimeterBombExplosionD1Ev	mac-vtable:_ZTVN7harvest6entity23CPerimeterBombExplosionE:2
0x43b1b0	69	_ZN7harvest6entity23CPerimeterBombExplosionD2Ev	match:HarvestFull/harvest/entity/CPerimeterBomb.cpp
0x43b200	262	_ZN7harvest6entity23CPerimeterBombExplosionC2Eff	match:HarvestFull/harvest/entity/CPerimeterBomb.cpp
0x43b310	262	_ZN7harvest6entity23CPerimeterBombExplosionC1Eff	match:HarvestFull/harvest/entity/CPerimeterBomb.cpp
0x43b420	2	_ZN7harvest6entity23CPerimeterBombExplosion17renderGroundLayerERKN2ox4core11CPosition2dIfEERKNS3_5CRectIiEE	mac-vtable:_ZTVN7harvest6entity23CPerimeterBombExplosionE:22
0x43b430	34	_ZN7harvest6entity14CShuttleEntity12updateSpriteEf	mac-vtable:_ZTVN7harvest6entity14CShuttleEntityE:17
0x43b460	2	_ZN7harvest6entity14CShuttleEntity15writeEntityDataEPN2ox2io10IWriteFileE	mac-vtable:_ZTVN7harvest6entity14CShuttleEntityE:15
0x43b470	2	_ZN7harvest6entity14CShuttleEntity14readEntityDataEPN2ox2io9IReadFileEi	mac-vtable:_ZTVN7harvest6entity14CShuttleEntityE:16
0x43b480	23	_ZN7harvest6entity14CShuttleEntity15setMovementFlagEib	manual:Mac-symbol+amd64-shuttle-layout-instructions-and-race-callsites
0x43b4a0	8	_ZN7harvest6entity14CShuttleEntity15getCurrentSpeedEv	manual:Mac-symbol+amd64-shuttle-layout-instructions-and-race-callsites
0x43b4b0	12	_ZN7harvest6entity14CShuttleEntity4isAiEv	manual:Mac-symbol+amd64-shuttle-layout-instructions-and-race-callsites
0x43b4c0	41	_ZNK7harvest6entity14CShuttleEntity17getNextCheckPointEv	manual:Mac-symbol+amd64-shuttle-layout-instructions-and-race-callsites
0x43b4f0	7	_ZNK7harvest6entity14CShuttleEntity22getNextCheckPointNoModEv	manual:Mac-symbol+amd64-shuttle-layout-instructions-and-race-callsites
0x43b500	7	_ZNK7harvest6entity14CShuttleEntity13getCurrentLapEv	manual:Mac-symbol+amd64-shuttle-layout-instructions-and-race-callsites
0x43b510	9	_ZNK7harvest6entity14CShuttleEntity23getTimeAtLastCheckPointEv	manual:Mac-symbol+amd64-shuttle-layout-instructions-and-race-callsites
0x43b520	7	_ZN7harvest6entity14CShuttleEntity17setCurrentPlacingEi	manual:Mac-symbol+amd64-shuttle-layout-instructions-and-race-callsites
0x43b530	7	_ZNK7harvest6entity14CShuttleEntity17getCurrentPlacingEv	manual:Mac-symbol+amd64-shuttle-layout-instructions-and-race-callsites
0x43b540	9	_ZNK7harvest6entity14CShuttleEntity17getCurrentLapTimeEv	manual:Mac-symbol+amd64-shuttle-layout-instructions-and-race-callsites
0x43b550	9	_ZNK7harvest6entity14CShuttleEntity12getTotalTimeEv	manual:Mac-symbol+amd64-shuttle-layout-instructions-and-race-callsites
0x43b560	64	_ZN7harvest6entity14CShuttleEntity6renderERKN2ox4core11CPosition2dIfEERKNS3_5CRectIiEE	mac-vtable:_ZTVN7harvest6entity14CShuttleEntityE:19
0x43b5a0	1527	_ZN7harvest6entity14CShuttleEntity14resetAllAiByMeEb	manual:Mac-symbol+amd64-shuttle-layout-instructions-and-race-callsites
0x43bba0	464	_ZN7harvest6entity14CShuttleEntity8updateAiEv	manual:Mac-symbol+amd64-shuttle-layout-instructions-and-race-callsites
0x43bd70	112	_ZN7harvest6entity14CShuttleEntityD0Ev	mac-vtable:_ZTVN7harvest6entity14CShuttleEntityE:3
0x43bde0	104	_ZN7harvest6entity14CShuttleEntityD1Ev	mac-vtable:_ZTVN7harvest6entity14CShuttleEntityE:2
0x43be50	104	_ZN7harvest6entity14CShuttleEntityD2Ev	manual:Mac-symbol+amd64-shuttle-layout-instructions-and-race-callsites
0x43c240	517	_ZN7harvest6entity14CShuttleEntity13updatePlacingEv	manual:Mac-symbol+amd64-shuttle-layout-instructions-and-race-callsites
0x43c450	2260	_ZN7harvest6entity14CShuttleEntity11updateLogicEf	mac-vtable:_ZTVN7harvest6entity14CShuttleEntityE:18
0x43cd30	6453	_ZN7harvest6entity14CShuttleEntityC2Ei	manual:object-order-C2-first;only-new-calls-0x43e670
0x43e670	6453	_ZN7harvest6entity14CShuttleEntityC1Ei	native-calls:shuttle-race-secondInit-new
0x43ffb0	2	_ZN7harvest6entity14CShuttleEntity17renderGroundLayerERKN2ox4core11CPosition2dIfEERKNS3_5CRectIiEE	mac-vtable:_ZTVN7harvest6entity14CShuttleEntityE:22
0x43ffc0	325	_ZSt13__adjust_heapIN9__gnu_cxx17__normal_iteratorIPPN7harvest6entity14CShuttleEntityESt6vectorIS5_SaIS5_EEEElS5_NS3_18SBestShuttleSorterEEvT_T0_SD_T1_T2_	reloc:HarvestFull/harvest/entity/CShuttleEntity.cpp:_ZSt16__introsort_loopIN9__gnu_cxx17__normal_iteratorIPPN7harvest6entity14CShuttleEntityESt6vectorIS5_SaIS5_EEEElNS3_18SBestShuttleSorterEEvT_SC_T0_T1_
0x440110	695	_ZSt16__introsort_loopIN9__gnu_cxx17__normal_iteratorIPPN7harvest6entity14CShuttleEntityESt6vectorIS5_SaIS5_EEEElNS3_18SBestShuttleSorterEEvT_SC_T0_T1_	reloc:HarvestFull/harvest/entity/CShuttleEntity.cpp:_ZN7harvest6entity14CShuttleEntity13updatePlacingEv
0x4403d0	247	_ZSt16__insertion_sortIN9__gnu_cxx17__normal_iteratorIPPN7harvest6entity14CShuttleEntityESt6vectorIS5_SaIS5_EEEENS3_18SBestShuttleSorterEEvT_SC_T0_	reloc:HarvestFull/harvest/entity/CShuttleEntity.cpp:_ZN7harvest6entity14CShuttleEntity13updatePlacingEv
0x4404d0	401	_ZNSt6vectorIPN7harvest6entity14CShuttleEntityESaIS3_EE13_M_insert_auxEN9__gnu_cxx17__normal_iteratorIPS3_S5_EERKS3_	reloc:HarvestFull/harvest/entity/CShuttleEntity.cpp:_ZN7harvest6entity14CShuttleEntity13updatePlacingEv
0x440670	26	_ZN7harvest6entity12CSparkEntity12updateSpriteEf	mac-vtable:_ZTVN7harvest6entity12CSparkEntityE:17
0x440690	4	_ZNK7harvest6entity12CSparkEntity11getSourceIdEv	match:HarvestFull/harvest/entity/CSparkEntity.cpp
0x4406a0	18	_ZN7harvest6entity12CSparkEntity10findEntityEi	match:HarvestFull/harvest/entity/CSparkEntity.cpp
0x4406c0	56	_ZN7harvest6entity12CSparkEntity6renderERKN2ox4core11CPosition2dIfEERKNS3_5CRectIiEE	mac-vtable:_ZTVN7harvest6entity12CSparkEntityE:19
0x440740	88	_ZN7harvest6entity12CSparkEntity14readEntityDataEPN2ox2io9IReadFileEi	mac-vtable:_ZTVN7harvest6entity12CSparkEntityE:16
0x4407a0	69	_ZN7harvest6entity12CSparkEntity15writeEntityDataEPN2ox2io10IWriteFileE	mac-vtable:_ZTVN7harvest6entity12CSparkEntityE:15
0x4407f0	879	_ZN7harvest6entity12CSparkEntity11updateLogicEf	mac-vtable:_ZTVN7harvest6entity12CSparkEntityE:18
0x440b60	77	_ZN7harvest6entity12CSparkEntityD0Ev	mac-vtable:_ZTVN7harvest6entity12CSparkEntityE:3
0x440bb0	69	_ZN7harvest6entity12CSparkEntityD1Ev	mac-vtable:_ZTVN7harvest6entity12CSparkEntityE:2
0x440c00	69	_ZN7harvest6entity12CSparkEntityD2Ev	match:HarvestFull/harvest/entity/CSparkEntity.cpp
0x440c50	295	_ZN7harvest6entity12CSparkEntityC1Effii	reloc:HarvestFull/harvest/entity/CHarvestEntity.cpp:_ZN7harvest6entity7CEntity14readNextEntityEPN2ox2io9IReadFileEi
0x440d80	295	_ZN7harvest6entity12CSparkEntityC2Effii	match:HarvestFull/harvest/entity/CSparkEntity.cpp
0x440eb0	2	_ZN7harvest6entity12CSparkEntity17renderGroundLayerERKN2ox4core11CPosition2dIfEERKNS3_5CRectIiEE	mac-vtable:_ZTVN7harvest6entity12CSparkEntityE:22
0x440ec0	5	_ZN7harvest6entity17CSparkMoverEntity23getCurrentDisplaySpriteEv	mac-vtable:_ZTVN7harvest6entity17CSparkMoverEntityE:25
0x440ed0	166	_ZN7harvest6entity17CSparkMoverEntity12updateSpriteEf	mac-vtable:_ZTVN7harvest6entity17CSparkMoverEntityE:17
0x440f80	20	_ZN7harvest6entity17CSparkMoverEntity16acceptsSparkFromEi	mac-vtable:_ZTVN7harvest6entity17CSparkMoverEntityE:28
0x440fa0	16	_ZN7harvest6entity17CSparkMoverEntity12isOverheatedEv	match:HarvestFull/harvest/entity/CSparkMoverEntity.cpp
0x441030	32	_ZN7harvest6entity17CSparkMoverEntity31handleSelectionDraggedToNothingEv	mac-vtable:_ZTVN7harvest6entity17CSparkMoverEntityE:38
0x441050	15	_ZN7harvest6entity17CSparkMoverEntity16setSparkTargetIdEib	reloc:HarvestFull/harvest/entity/CConstructionEntity.cpp:_ZN7harvest6entity19CConstructionEntity26handleDoubleClickSelectionEv
0x441060	9	_ZN7harvest6entity17CSparkMoverEntity12isWaypointedEv	reloc:HarvestFull/harvest/entity/CConstructionEntity.cpp:_ZN7harvest6entity19CConstructionEntity26handleDoubleClickSelectionEv
0x441070	15	_ZN7harvest6entity17CSparkMoverEntity17isAlienWaypointedEv	match:HarvestFull/harvest/entity/CSparkMoverEntity.cpp
0x441080	4	_ZN7harvest6entity17CSparkMoverEntity13getWaypointIdEv	reloc:HarvestFull/harvest/entity/CConstructionEntity.cpp:_ZN7harvest6entity19CConstructionEntity26handleDoubleClickSelectionEv
0x4410d0	162	_ZN7harvest6entity17CSparkMoverEntity14readEntityDataEPN2ox2io9IReadFileEi	mac-vtable:_ZTVN7harvest6entity17CSparkMoverEntityE:16
0x441180	107	_ZN7harvest6entity17CSparkMoverEntity15writeEntityDataEPN2ox2io10IWriteFileE	mac-vtable:_ZTVN7harvest6entity17CSparkMoverEntityE:15
0x4411f0	268	_ZN7harvest6entity17CSparkMoverEntity13startChargingEv	match:HarvestFull/harvest/entity/CSparkMoverEntity.cpp
0x441300	186	_ZN7harvest6entity17CSparkMoverEntity30handleSelectionDraggedToEntityEPNS0_7CEntityE	mac-vtable:_ZTVN7harvest6entity17CSparkMoverEntityE:37
0x441490	257	_ZN7harvest6entity17CSparkMoverEntity26handleDoubleClickSelectionEv	mac-vtable:_ZTVN7harvest6entity17CSparkMoverEntityE:36
0x4415a0	82	_ZN7harvest6entity17CSparkMoverEntity22handleRightClickActionERKN2ox4core11CPosition2dIfEE	mac-vtable:_ZTVN7harvest6entity17CSparkMoverEntityE:35
0x441600	62	_ZN7harvest6entity17CSparkMoverEntity17getMiniStatStringEv	mac-vtable:_ZTVN7harvest6entity17CSparkMoverEntityE:31
0x441640	92	_ZN7harvest6entity17CSparkMoverEntity13getInfoStringEv	mac-vtable:_ZTVN7harvest6entity17CSparkMoverEntityE:30
0x4416a0	118	_ZN7harvest6entity17CSparkMoverEntity21updateTargetReferenceEv	match:HarvestFull/harvest/entity/CSparkMoverEntity.cpp
0x441720	866	_ZN7harvest6entity17CSparkMoverEntity7onSparkEPNS0_12CSparkEntityE	mac-vtable:_ZTVN7harvest6entity17CSparkMoverEntityE:26
0x441a90	644	_ZN7harvest6entity17CSparkMoverEntity11updateLogicEf	mac-vtable:_ZTVN7harvest6entity17CSparkMoverEntityE:18
0x441d20	205	_ZN7harvest6entity17CSparkMoverEntity6renderERKN2ox4core11CPosition2dIfEERKNS3_5CRectIiEE	mac-vtable:_ZTVN7harvest6entity17CSparkMoverEntityE:19
0x441df0	59	_ZN7harvest6entity17CSparkMoverEntity17renderGroundLayerERKN2ox4core11CPosition2dIfEERKNS3_5CRectIiEE	mac-vtable:_ZTVN7harvest6entity17CSparkMoverEntityE:22
0x441e30	1026	_ZN7harvest6entity17CSparkMoverEntityC1Eff	reloc:HarvestFull/harvest/entity/CHarvestEntity.cpp:_ZN7harvest6entity7CEntity14readNextEntityEPN2ox2io9IReadFileEi
0x442240	1026	_ZN7harvest6entity17CSparkMoverEntityC2Eff	manual:copy-of-C1-without-callers
0x442650	286	_ZN7harvest6entity17CSparkMoverEntityD0Ev	mac-vtable:_ZTVN7harvest6entity17CSparkMoverEntityE:3
0x442770	278	_ZN7harvest6entity17CSparkMoverEntityD1Ev	mac-vtable:_ZTVN7harvest6entity17CSparkMoverEntityE:2
0x442890	278	_ZN7harvest6entity17CSparkMoverEntityD2Ev	match:HarvestFull/harvest/entity/CSparkMoverEntity.cpp
0x4429b0	9	_ZNK7harvest6entity17CSparkMoverEntity16getCollisionSizeEv	mac-vtable:_ZTVN7harvest6entity17CSparkMoverEntityE:33
0x4429c0	6	_ZN7harvest6entity17CSparkMoverEntity10wantsSparkEv	mac-vtable:_ZTVN7harvest6entity17CSparkMoverEntityE:27
0x4429d0	26	_ZN7harvest6entity20CSparkProducerEntity12updateSpriteEf	mac-vtable:_ZTVN7harvest6entity20CSparkProducerEntityE:17
0x4429f0	5	_ZN7harvest6entity20CSparkProducerEntity23getCurrentDisplaySpriteEv	mac-vtable:_ZTVN7harvest6entity20CSparkProducerEntityE:25
0x442a00	9	_ZN7harvest6entity20CSparkProducerEntity6renderERKN2ox4core11CPosition2dIfEERKNS3_5CRectIiEE	mac-vtable:_ZTVN7harvest6entity20CSparkProducerEntityE:19
0x442a50	160	_ZN7harvest6entity20CSparkProducerEntity14readEntityDataEPN2ox2io9IReadFileEi	mac-vtable:_ZTVN7harvest6entity20CSparkProducerEntityE:16
0x442af0	87	_ZN7harvest6entity20CSparkProducerEntity15writeEntityDataEPN2ox2io10IWriteFileE	mac-vtable:_ZTVN7harvest6entity20CSparkProducerEntityE:15
0x442b50	64	_ZN7harvest6entity20CSparkProducerEntity13getInfoStringEv	mac-vtable:_ZTVN7harvest6entity20CSparkProducerEntityE:30
0x442b90	165	_ZN7harvest6entity20CSparkProducerEntity17getMiniStatStringEv	mac-vtable:_ZTVN7harvest6entity20CSparkProducerEntityE:31
0x442c40	11	_ZN7harvest6entity20CSparkProducerEntity7onSparkEPNS0_12CSparkEntityE	mac-vtable:_ZTVN7harvest6entity20CSparkProducerEntityE:26
0x442c50	448	_ZN7harvest6entity20CSparkProducerEntity11updateLogicEf	mac-vtable:_ZTVN7harvest6entity20CSparkProducerEntityE:18
0x442e10	77	_ZN7harvest6entity20CSparkProducerEntityD0Ev	mac-vtable:_ZTVN7harvest6entity20CSparkProducerEntityE:3
0x442e60	69	_ZN7harvest6entity20CSparkProducerEntityD1Ev	mac-vtable:_ZTVN7harvest6entity20CSparkProducerEntityE:2
0x442eb0	69	_ZN7harvest6entity20CSparkProducerEntityD2Ev	match:HarvestFull/harvest/entity/CSparkProducerEntity.cpp
0x442f00	325	_ZN7harvest6entity20CSparkProducerEntityC2Eff	match:HarvestFull/harvest/entity/CSparkProducerEntity.cpp
0x443050	325	_ZN7harvest6entity20CSparkProducerEntityC1Eff	reloc:HarvestFull/harvest/entity/CHarvestEntity.cpp:_ZN7harvest6entity7CEntity14readNextEntityEPN2ox2io9IReadFileEi
0x4431a0	9	_ZNK7harvest6entity20CSparkProducerEntity16getCollisionSizeEv	mac-vtable:_ZTVN7harvest6entity20CSparkProducerEntityE:33
0x4431b0	2	_ZN7harvest6entity20CSparkProducerEntity17renderGroundLayerERKN2ox4core11CPosition2dIfEERKNS3_5CRectIiEE	mac-vtable:_ZTVN7harvest6entity20CSparkProducerEntityE:22
0x4431c0	579	_ZN7harvest4game11CLuaManagerC2EPN2ox9IOxDeviceEPNS2_5event14IEventReceiverE	manual:CLuaManager-Mac-name+amd64-fields-and-calls
0x443410	579	_ZN7harvest4game11CLuaManagerC1EPN2ox9IOxDeviceEPNS2_5event14IEventReceiverE	manual:CLuaManager-Mac-name+amd64-fields-and-calls
0x443660	5	_ZN7harvest4game11CLuaManager17getCompilerErrorsEv	manual:CLuaManager-Mac-name+amd64-fields-and-calls
0x443670	27	_ZN7harvest4game11CLuaManager22getNumAvailableLuaModsEv	manual:CLuaManager-Mac-name+amd64-fields-and-calls
0x443690	5	_ZN7harvest4game11CLuaManager19getAvailableLuaModsEv	manual:CLuaManager-Mac-name+amd64-fields-and-calls
0x4436a0	12	_ZN7harvest4game11CLuaManager13isRunningModsEv	manual:CLuaManager-Mac-name+amd64-fields-and-calls
0x4436b0	9	_ZN7harvest4game11CLuaManager22getThreatLevelProgressEv	manual:CLuaManager-Mac-name+amd64-fields-and-calls
0x4436c0	7	_ZN7harvest4game11CLuaManager19getThreatLevelValueEv	manual:CLuaManager-Mac-name+amd64-fields-and-calls
0x4436d0	9	_ZN7harvest4game11CLuaManager22setThreatLevelProgressEf	manual:CLuaManager-Mac-name+amd64-fields-and-calls
0x4436e0	7	_ZN7harvest4game11CLuaManager19setThreatLevelValueEi	manual:CLuaManager-Mac-name+amd64-fields-and-calls
0x4436f0	18	_ZN7harvest4game11CLuaManager15setViewPositionERKN2ox4core11CPosition2dIfEE	manual:CLuaManager-Mac-name+amd64-fields-and-calls
0x443710	8	_ZNK7harvest4game11CLuaManager15getViewPositionEv	manual:CLuaManager-Mac-name+amd64-fields-and-calls
0x443720	103	_ZN7harvest4game11CLuaManager16getMousePositionEv	manual:CLuaManager-Mac-name+amd64-fields-and-calls
0x443790	44	_ZN7harvest4game11CLuaManager13getFileSystemEv	manual:CLuaManager-Mac-name+amd64-fields-and-calls
0x4437c0	77	_ZN7harvest4game11CLuaManager22updateSelectedBuildingEPNS_6entity7CEntityE	manual:CLuaManager-Mac-name+amd64-fields-and-calls
0x443810	8	_ZN7harvest4game11CLuaManager19getSelectedBuildingEv	manual:CLuaManager-Mac-name+amd64-fields-and-calls
0x443820	8	_ZN7harvest4game11CLuaManager23updateSelectedBuildingsEPN2ox6TArrayIPNS2_6entity16SEntityReferenceEEE	manual:CLuaManager-Mac-name+amd64-fields-and-calls
0x443830	8	_ZN7harvest4game11CLuaManager20getSelectedBuildingsEv	manual:CLuaManager-Mac-name+amd64-fields-and-calls
0x443840	42	_ZN7harvest4game11CLuaManager13worldToScreenERKN2ox4core11CPosition2dIfEE	manual:CLuaManager-Mac-name+amd64-fields-and-calls
0x443870	38	_ZN7harvest4game11CLuaManager13screenToWorldERKN2ox4core11CPosition2dIiEE	manual:CLuaManager-Mac-name+amd64-fields-and-calls
0x4438a0	29	_ZN7harvest4game11CLuaManager15setRushProgressEf	manual:CLuaManager-Mac-name+amd64-fields-and-calls
0x4438c0	52	_ZN7harvest4game11CLuaManager19setWaveButtonAliensEiPb	manual:CLuaManager-Mac-name+amd64-fields-and-calls
0x443900	17	_ZN7harvest4game11CLuaManager19setWaveButtonNumberEii	manual:CLuaManager-Mac-name+amd64-fields-and-calls
0x443920	12	_ZN7harvest4game11CLuaManager19isWaveButtonVisibleEi	manual:CLuaManager-Mac-name+amd64-fields-and-calls
0x443930	30	_ZN7harvest4game11CLuaManager15isAlienOnButtonEii	manual:CLuaManager-Mac-name+amd64-fields-and-calls
0x443950	11	_ZN7harvest4game11CLuaManager19getWaveButtonNumberEi	manual:CLuaManager-Mac-name+amd64-fields-and-calls
0x443960	16	_ZN7harvest4game11CLuaManager13setTimerValueEf	manual:CLuaManager-Mac-name+amd64-fields-and-calls
0x443970	8	_ZN7harvest4game11CLuaManager21isCreativeListVisibleEv	manual:CLuaManager-Mac-name+amd64-fields-and-calls
0x443980	8	_ZN7harvest4game11CLuaManager17isRushListVisibleEv	manual:CLuaManager-Mac-name+amd64-fields-and-calls
0x443990	8	_ZN7harvest4game11CLuaManager17isWaveListVisibleEv	manual:CLuaManager-Mac-name+amd64-fields-and-calls
0x4439a0	8	_ZN7harvest4game11CLuaManager14isTimerVisibleEv	manual:CLuaManager-Mac-name+amd64-fields-and-calls
0x4439b0	9	_ZN7harvest4game11CLuaManager15getRushProgressEv	manual:CLuaManager-Mac-name+amd64-fields-and-calls
0x4439c0	9	_ZN7harvest4game11CLuaManager13getTimerValueEv	manual:CLuaManager-Mac-name+amd64-fields-and-calls
0x4439d0	36	_ZN7harvest4game11CLuaManager22setMinimumWorldBordersERKN2ox4core5CRectIfEE	manual:CLuaManager-Mac-name+amd64-fields-and-calls
0x443a00	8	_ZN7harvest4game11CLuaManager22getMinimumWorldBordersEv	manual:Mac CWorld names plus Linux world native call graph and field layout
0x443a10	119	_ZN7harvest4game11CLuaManager17removeSpriteStateEi	manual:CLuaManager-Mac-name+amd64-fields-and-calls
0x443a90	43	_ZN7harvest4game11CLuaManager14getSpriteStateEi	manual:CLuaManager-Mac-name+amd64-fields-and-calls
0x443ac0	198	_ZN7harvest4game11CLuaManager21updateAllSpriteStatesEf	manual:CLuaManager-Mac-name+amd64-fields-and-calls
0x443c00	89	_ZN7harvest4game14CLuaFileValues17writeLuaAttributeEPN2ox2io10IWriteFileERNS0_13SLuaAttributeE	manual:CLuaManager-Mac-name+amd64-fields-and-calls
0x443c60	51	_ZN7harvest4game14CLuaFileValues16writeLuaFilePairEPN2ox2io10IWriteFileERNS0_12SLuaFilePairE	manual:Mac-name+amd64-creative-Lua-controls-layout-and-callsites
0x443ca0	97	_ZN7harvest4game14CLuaFileValues16readLuaAttributeEPN2ox2io9IReadFileERNS0_13SLuaAttributeEi	manual:CLuaManager-Mac-name+amd64-fields-and-calls
0x443d10	65	_ZN7harvest4game14CLuaFileValues15readLuaFilePairEPN2ox2io9IReadFileERNS0_12SLuaFilePairEi	manual:Mac-name+amd64-creative-Lua-controls-layout-and-callsites
0x443d60	60	_ZN7harvest4game23harvest_getViewPositionEP9lua_State	manual:CLuaManager-Lua-registration-table
0x443da0	57	_ZN7harvest4game27harvest_setThreatLevelValueEP9lua_State	manual:CLuaManager-Lua-registration-table
0x443de0	63	_ZN7harvest4game30harvest_setThreatLevelProgressEP9lua_State	manual:CLuaManager-Lua-registration-table
0x443e20	140	_ZN7harvest4game23harvest_setViewPositionEP9lua_State	manual:CLuaManager-Lua-registration-table
0x443eb0	327	_ZN7harvest4game30harvest_setMinimumWorldBordersEP9lua_State	manual:CLuaManager-Lua-registration-table
0x444000	60	_ZN7harvest4game21harvest_setTimerValueEP9lua_State	manual:CLuaManager-Lua-registration-table
0x444040	81	_ZN7harvest4game23harvest_setRushProgressEP9lua_State	manual:CLuaManager-Lua-registration-table
0x4440a0	86	_ZN7harvest4game11CLuaManager11checkHookerEi	manual:CLuaManager-Mac-name+amd64-fields-and-calls
0x444100	152	_ZN7harvest4game32harvest_screenToWorldCoordinatesEP9lua_State	manual:CLuaManager-Lua-registration-table
0x4441a0	97	_ZN7harvest4game26harvest_setWaveButtonLabelEP9lua_State	manual:CLuaManager-Lua-registration-table
0x444210	192	_ZN7harvest4game27harvest_setWaveButtonAliensEP9lua_State	manual:CLuaManager-Lua-registration-table
0x4442d0	97	_ZN7harvest4game11CLuaManager10pushHookerEPKci	manual:CLuaManager-Mac-name+amd64-fields-and-calls
0x444340	178	_ZN7harvest4game11CLuaManager15hookMapExpandedEffff	manual:Mac hookMapExpanded and Linux CWorld expansion call; four added-area bounds
0x444400	127	_ZN7harvest4game11CLuaManager21hookEnergyLinkChargedEff	manual:CLuaManager-Mac-name+amd64-fields-and-calls
0x444480	91	_ZN7harvest4game11CLuaManager11hookNewGameEv	manual:CLuaManager-Mac-name+amd64-fields-and-calls
0x4444e0	74	_ZN7harvest4game20harvest_isKeyPressedEP9lua_State	manual:CLuaManager-Lua-registration-table
0x444530	124	_ZN7harvest4game11CLuaManager14hookWaveButtonEi	manual:CLuaManager-Mac-name+amd64-fields-and-calls
0x4445b0	120	_ZN7harvest4game11CLuaManager16hookUnitSelectedEi	manual:CLuaManager-Mac-name+amd64-fields-and-calls
0x444630	197	_ZN7harvest4game11CLuaManager16hookBuildingSoldEPKcffi	manual:CLuaManager-Mac-name+amd64-fields-and-calls
0x444700	239	_ZN7harvest4game11CLuaManager14hookAlienDeathEiRKN2ox4core9CVector3dIfEE	manual:Mac-symbol+amd64-alien-calls-and-instructions
0x4447f0	245	_ZN7harvest4game11CLuaManager14hookMouseClickERKN2ox4core11CPosition2dIfEEib	manual:CLuaManager-Mac-name+amd64-fields-and-calls
0x4448f0	70	_ZN7harvest4game21harvest_getScreenSizeEP9lua_State	manual:CLuaManager-Lua-registration-table
0x444940	166	_ZN7harvest4game32harvest_worldToScreenCoordinatesEP9lua_State	manual:CLuaManager-Lua-registration-table
0x4449f0	59	_ZN7harvest4game24harvest_getMousePositionEP9lua_State	manual:CLuaManager-Lua-registration-table
0x444a30	1090	_ZN7harvest4game22harvest_removeMineralsEP9lua_State	manual:CLuaManager-Lua-registration-table
0x444e80	263	_ZN7harvest4game27harvest_spawnTempestMissileEP9lua_State	manual:CLuaManager-Lua-registration-table
0x444f90	260	_ZN7harvest4game20harvest_spawnMissileEP9lua_State	manual:CLuaManager-Lua-registration-table
0x4450a0	443	_ZN7harvest4game25harvest_spawnEagleMissileEP9lua_State	manual:CLuaManager-Lua-registration-table
0x445260	276	_ZN7harvest4game23harvest_spawnChargeBombEP9lua_State	manual:CLuaManager-Lua-registration-table
0x445380	441	_ZN7harvest4game21harvest_spawnBuildingEP9lua_State	manual:CLuaManager-Lua-registration-table
0x445540	124	_ZN7harvest4game17harvest_getPlanetEP9lua_State	manual:CLuaManager-Lua-registration-table
0x4455c0	116	_ZN7harvest4game24harvest_isAlienAvailableEP9lua_State	manual:CLuaManager-Lua-registration-table
0x445640	241	_ZN7harvest4game18harvest_spawnAlienEP9lua_State	manual:CLuaManager-Lua-registration-table
0x445740	270	_ZN7harvest4game25harvest_isPositionBlockedEP9lua_State	manual:CLuaManager-Lua-registration-table
0x445850	137	_ZN7harvest4game23harvest_getWorldBordersEP9lua_State	manual:CLuaManager-Lua-registration-table
0x4458e0	134	_ZN7harvest4game18harvest_addCreditsEP9lua_State	manual:CLuaManager-Lua-registration-table
0x445970	65	_ZN7harvest4game18harvest_getCreditsEP9lua_State	manual:CLuaManager-Lua-registration-table
0x4459c0	349	_ZN7harvest4game19harvest_spawnBulletEP9lua_State	manual:CLuaManager-Lua-registration-table
0x445b20	267	_ZN7harvest4game24harvest_spawnEnergySparkEP9lua_State	manual:CLuaManager-Lua-registration-table
0x445c30	695	_ZN7harvest4game34harvest_renderSpriteStateFreeShapeEP9lua_State	manual:CLuaManager-Lua-registration-table
0x445ef0	553	_ZN7harvest4game25harvest_renderSpriteStateEP9lua_State	manual:CLuaManager-Lua-registration-table
0x446120	44	_ZN7harvest4game27harvest_getTotalAlienDamageEP9lua_State	manual:CLuaManager-Lua-registration-table
0x446150	41	_ZN7harvest4game23harvest_getNumBuildingsEP9lua_State	manual:CLuaManager-Lua-registration-table
0x446180	41	_ZN7harvest4game20harvest_getNumAliensEP9lua_State	manual:CLuaManager-Lua-registration-table
0x4461b0	439	_ZN7harvest4game21harvest_spawnMineralsEP9lua_State	manual:CLuaManager-Lua-registration-table
0x446370	438	_ZN7harvest4game21harvest_spawnParticleEP9lua_State	manual:CLuaManager-Lua-registration-table
0x446530	547	_ZN7harvest4game11CLuaManager16renderGuiObjectsEPN2ox5video12IVideoDriverEPNS2_3gui8IGUIFontE	manual:CLuaManager-Mac-name+amd64-fields-and-calls
0x446760	66	_ZN7harvest4game16harvest_loseGameEP9lua_State	manual:CLuaManager-Lua-registration-table
0x4467b0	66	_ZN7harvest4game15harvest_winGameEP9lua_State	manual:CLuaManager-Lua-registration-table
0x446800	71	_ZN7harvest4game11CLuaManager15setTimerVisibleEb	manual:CLuaManager-Mac-name+amd64-fields-and-calls
0x446850	71	_ZN7harvest4game11CLuaManager18setRushListVisibleEb	manual:CLuaManager-Mac-name+amd64-fields-and-calls
0x4468a0	71	_ZN7harvest4game11CLuaManager18setWaveListVisibleEb	manual:CLuaManager-Mac-name+amd64-fields-and-calls
0x4468f0	71	_ZN7harvest4game11CLuaManager22setCreativeListVisibleEb	manual:CLuaManager-Mac-name+amd64-fields-and-calls
0x446940	109	_ZN7harvest4game26harvest_setWaveListVisibleEP9lua_State	manual:CLuaManager-Lua-registration-table
0x4469b0	109	_ZN7harvest4game26harvest_setRushListVisibleEP9lua_State	manual:CLuaManager-Lua-registration-table
0x446a20	109	_ZN7harvest4game30harvest_setCreativeListVisibleEP9lua_State	manual:CLuaManager-Lua-registration-table
0x446a90	109	_ZN7harvest4game23harvest_setTimerVisibleEP9lua_State	manual:CLuaManager-Lua-registration-table
0x446b00	79	_ZN7harvest4game11CLuaManager20setWaveButtonVisibleEib	manual:CLuaManager-Mac-name+amd64-fields-and-calls
0x446b50	94	_ZN7harvest4game28harvest_setWaveButtonVisibleEP9lua_State	manual:CLuaManager-Lua-registration-table
0x446bb0	310	_ZN7harvest4game11CLuaManager16postStringAsInfoERKN2ox4core7CStringIcEE	manual:CLuaManager-Mac-name+amd64-fields-and-calls
0x446cf0	379	_ZN7harvest4game11CLuaManager21getEntityActionButtonEiPKc	manual:CLuaManager-Mac-name+amd64-fields-and-calls
0x446e70	329	_ZN7harvest4game11CLuaManager13hookTextInputEPKw	manual:CLuaManager-Mac-name+amd64-fields-and-calls
0x446fc0	130	_ZN7harvest4game13harvest_printEP9lua_State	manual:CLuaManager-Lua-registration-table
0x447050	225	_ZN7harvest4game26harvest_setBuildingEnabledEP9lua_State	manual:CLuaManager-Lua-registration-table
0x447140	578	_ZN7harvest4game21harvest_defineUpgradeEP9lua_State	manual:CLuaManager-Lua-registration-table
0x447390	269	_ZN7harvest4game11CLuaManager17runFrameFunctionsEf	manual:CLuaManager-Mac-name+amd64-fields-and-calls
0x4474a0	703	_ZN7harvest4game11CLuaManagerD2Ev	manual:CLuaManager-Mac-name+amd64-fields-and-calls
0x447760	703	_ZN7harvest4game11CLuaManagerD1Ev	manual:CLuaManager-Mac-name+amd64-fields-and-calls
0x447a20	83	_ZN7harvest4game11CLuaManager15markSpriteStateEi	manual:CLuaManager-Mac-name+amd64-fields-and-calls
0x447a80	44	_ZN7harvest4game25harvest_removeSpriteStateEP9lua_State	manual:CLuaManager-Lua-registration-table
0x447ab0	321	_ZN7harvest4game11CLuaManager13addTextObjectERKN2ox4core7CStringIwEERKNS3_11CPosition2dIiEEiNS2_5video6SColorE	manual:CLuaManager-Mac-name+amd64-fields-and-calls
0x447c00	254	_ZN7harvest4game11CLuaManager18addRectangleObjectERKN2ox4core11CPosition2dIiEERKNS3_12CDimension2dIiEENS2_5video6SColorE	manual:CLuaManager-Mac-name+amd64-fields-and-calls
0x447d00	380	_ZN7harvest4game21harvest_drawRectangleEP9lua_State	manual:CLuaManager-Lua-registration-table
0x447e80	254	_ZN7harvest4game11CLuaManager13addLineObjectERKN2ox4core11CPosition2dIiEES7_NS2_5video6SColorE	manual:CLuaManager-Mac-name+amd64-fields-and-calls
0x447f80	380	_ZN7harvest4game16harvest_drawLineEP9lua_State	manual:CLuaManager-Lua-registration-table
0x448100	436	_ZN7harvest4game11CLuaManager17createSpriteStateEPKcRKN2ox4core7CStringIcEE	manual:CLuaManager-Mac-name+amd64-fields-and-calls
0x4482c0	621	_ZN7harvest4game16harvest_drawTextEP9lua_State	manual:CLuaManager-Lua-registration-table
0x448530	2146	_ZN7harvest4game11CLuaManager18initCommonLuaStuffEv	manual:CLuaManager-Mac-name+amd64-fields-and-calls
0x448da0	139	_ZN7harvest4game11CLuaManager22hookEnergyLinkChargingEPNS_6entity15CBuildingEntityE	reloc:HarvestFull/harvest/entity/CSparkMoverEntity.cpp:_ZN7harvest6entity17CSparkMoverEntity13startChargingEv
0x448e30	139	_ZN7harvest4game11CLuaManager24hookEnergyLinkOverheatedEPNS_6entity15CBuildingEntityE	manual:CLuaManager-Mac-name+amd64-fields-and-calls
0x448ec0	139	_ZN7harvest4game11CLuaManager22hookMinerOutOfMineralsEPNS_6entity15CBuildingEntityE	reloc:HarvestFull/harvest/entity/CMinerEntity.cpp:_ZN7harvest6entity20CMineralGatherEntity18locateFreeMineralsEv
0x448f50	139	_ZN7harvest4game11CLuaManager23hookBuildingConstructedEPNS_6entity15CBuildingEntityE	reloc:HarvestFull/harvest/entity/CConstructionEntity.cpp:_ZN7harvest6entity19CConstructionEntity11updateLogicEf
0x448fe0	159	_ZN7harvest4game11CLuaManager18hookBuildingPlacedEPNS_6entity15CBuildingEntityEPKc	manual:CLuaManager-Mac-name+amd64-fields-and-calls
0x449080	146	_ZN7harvest4game27harvest_getSelectedBuildingEP9lua_State	manual:CLuaManager-Lua-registration-table
0x449120	87	_ZN7harvest4game19harvest_getBuildingEP9lua_State	manual:CLuaManager-Lua-registration-table
0x449180	290	_ZN7harvest4game11CLuaManager19hookMissileLaunchedEiPNS_6entity15CBuildingEntityEiff	manual:CLuaManager-Mac-name+amd64-fields-and-calls
0x4492b0	167	_ZN7harvest4game11CLuaManager22hookEnergySparkCreatedEiPNS_6entity15CBuildingEntityE	reloc:HarvestFull/harvest/entity/CSparkProducerEntity.cpp:_ZN7harvest6entity20CSparkProducerEntity11updateLogicEf
0x449360	159	_ZN7harvest4game11CLuaManager16hookCreditsMinedEPNS_6entity15CBuildingEntityEi	manual:CLuaManager-Mac-name+amd64-fields-and-calls
0x449400	261	_ZN7harvest4game28harvest_getSelectedBuildingsEP9lua_State	manual:CLuaManager-Lua-registration-table
0x449510	1111	_ZN7harvest4game21harvest_findBuildingsEP9lua_State	manual:CLuaManager-Lua-registration-table
0x449970	216	_ZN7harvest4game11CLuaManager21hookBuildingDestroyedEPKcffPNS_6entity12CAlienEntityE	manual:Mac-symbol+amd64-alien-instructions-and-data
0x449a50	139	_ZN7harvest4game11CLuaManager16hookAlienSpawnedEPNS_6entity12CAlienEntityE	manual:CLuaManager-Mac-name+amd64-fields-and-calls
0x449ae0	95	_ZN7harvest4game16harvest_getAlienEP9lua_State	manual:CLuaManager-Lua-registration-table
0x449b40	683	_ZN7harvest4game18harvest_findAliensEP9lua_State	manual:CLuaManager-Lua-registration-table
0x449df0	440	_ZN7harvest4game11CLuaManager19checkCreativeHookerEPKci	manual:CLuaManager-Mac-name+amd64-fields-and-calls
0x449fb0	508	_ZN7harvest4game11CLuaManager25getNextEntityActionButtonEPKcPNS0_22SLuaEntityActionButtonE	manual:CLuaManager-Mac-name+amd64-fields-and-calls
0x44a1b0	1161	_ZN7harvest4game14extractLuaPathEP9lua_State	manual:Mac-name+amd64-creative-Lua-controls-layout-and-callsites
0x44a640	716	_ZN7harvest4game22harvest_addSpriteStateEP9lua_State	manual:CLuaManager-Lua-registration-table
0x44a910	1681	_ZN7harvest4game14harvest_dofileEP9lua_State	manual:CLuaManager-Lua-registration-table
0x44afb0	2345	_ZN7harvest4game14CLuaFileValues15getLuaTableVarsEP9lua_StateiRKN2ox4core7CStringIcEERNS4_6TArrayINS0_12SLuaFilePairEEE	manual:Mac-name+amd64-creative-Lua-controls-layout-and-callsites
0x44b8e0	966	_ZN7harvest4game11CLuaManager18pushCreativeHookerEPKci	manual:CLuaManager-Mac-name+amd64-fields-and-calls
0x44bcb0	575	_ZN7harvest4game11CLuaManager18hookCreativeUpdateERKN2ox4core7CStringIcEEPNS_6entity15CCreativeEntityEf	manual:Mac-name+amd64-creative-Lua-controls-layout-and-callsites
0x44bef0	543	_ZN7harvest4game11CLuaManager16hookCreativeInitERKN2ox4core7CStringIcEEPNS_6entity15CCreativeEntityE	manual:Mac-name+amd64-creative-Lua-controls-layout-and-callsites
0x44c110	2330	_ZN7harvest4game11CLuaManager10includeModERKNS0_7SLuaModE	manual:CLuaManager-Mac-name+amd64-fields-and-calls
0x44ca30	133	_ZN7harvest4game11CLuaManager19initLuaByScriptListEv	manual:CLuaManager-Mac-name+amd64-fields-and-calls
0x44cac0	1075	_ZN7harvest4game23harvest_showInfoMessageEP9lua_State	manual:CLuaManager-Lua-registration-table
0x44cf00	3150	_ZN7harvest4game14CLuaFileValues15addLuaTableVarsEP9lua_StateRKN2ox4core7CStringIcEERNS4_6TArrayINS0_12SLuaFilePairEEE	manual:Mac-name+amd64-creative-Lua-controls-layout-and-callsites
0x44db50	638	_ZN7harvest4game11CLuaManager14writeLuaStatesEPN2ox2io10IWriteFileE	manual:CLuaManager-Mac-name+amd64-fields-and-calls
0x44ddd0	5330	_ZN7harvest4game11CLuaManager16addModsFromFilesEPN2ox2io9IFileListEPNS2_9IOxDeviceERKNS2_4core7CStringIcEE	manual:CLuaManager-Mac-name+amd64-fields-and-calls
0x44f2b0	818	_ZN7harvest4game11CLuaManager21addEntityActionButtonEPKcS3_b	manual:CLuaManager-Mac-name+amd64-fields-and-calls
0x44f5f0	100	_ZN7harvest4game27harvest_defineUpgradeButtonEP9lua_State	manual:CLuaManager-Lua-registration-table
0x44f660	97	_ZN7harvest4game26harvest_defineActionButtonEP9lua_State	manual:CLuaManager-Lua-registration-table
0x44f6d0	1942	_ZN7harvest4game11CLuaManager23refreshAvailableLuaModsEPN2ox9IOxDeviceE	manual:CLuaManager-Mac-name+amd64-fields-and-calls
0x44fe70	1199	_ZN7harvest4game11CLuaManager17initLuaBySaveFileEPN2ox2io9IReadFileEi	manual:CLuaManager-Mac-name+amd64-fields-and-calls
0x450320	110	_ZN2ox4core7CStringIcEaSERKS2_	manual:CLuaManager-comdat-by-content-and-callers
0x450390	202	_ZN2ox4core7CStringIcEaSIcEERS2_PKT_	manual:CLuaManager-comdat-by-content-and-callers
0x450460	260	_ZN5LunarIN7harvest6entity17CCreativeLuaStateEE8subtableEP9lua_StateiPKcS7_	manual:CLuaManager-comdat-by-content-and-callers
0x450570	260	_ZN5LunarIN7harvest6entity16CBuildingLuaInfoEE8subtableEP9lua_StateiPKcS7_	manual:CLuaManager-comdat-by-content-and-callers
0x450680	260	_ZN5LunarIN7harvest6entity13CAlienLuaInfoEE8subtableEP9lua_StateiPKcS7_	manual:CLuaManager-comdat-by-content-and-callers
0x450790	148	_ZN5LunarIN7harvest6entity17CCreativeLuaStateEE5thunkEP9lua_State	manual:CLuaManager-comdat-by-content-and-callers
0x450830	148	_ZN5LunarIN7harvest6entity16CBuildingLuaInfoEE5thunkEP9lua_State	manual:CLuaManager-comdat-by-content-and-callers
0x4508d0	148	_ZN5LunarIN7harvest6entity13CAlienLuaInfoEE5thunkEP9lua_State	manual:CLuaManager-comdat-by-content-and-callers
0x450970	97	_ZN5LunarIN7harvest6entity17CCreativeLuaStateEE4gc_TEP9lua_State	manual:CLuaManager-comdat-by-content-and-callers
0x4509e0	97	_ZN5LunarIN7harvest6entity16CBuildingLuaInfoEE4gc_TEP9lua_State	manual:CLuaManager-comdat-by-content-and-callers
0x450a50	97	_ZN5LunarIN7harvest6entity13CAlienLuaInfoEE4gc_TEP9lua_State	manual:CLuaManager-comdat-by-content-and-callers
0x450ac0	119	_ZN5LunarIN7harvest6entity17CCreativeLuaStateEE10tostring_TEP9lua_State	manual:CLuaManager-comdat-by-content-and-callers
0x450b40	119	_ZN5LunarIN7harvest6entity16CBuildingLuaInfoEE10tostring_TEP9lua_State	manual:CLuaManager-comdat-by-content-and-callers
0x450bc0	119	_ZN5LunarIN7harvest6entity13CAlienLuaInfoEE10tostring_TEP9lua_State	manual:CLuaManager-comdat-by-content-and-callers
0x450c40	69	_ZN2ox6TArrayIN7harvest4game13SCreativeHookEED1Ev	manual:CLuaManager-comdat-by-content-and-callers
0x450c90	69	_ZN2ox6TArrayINS_4core7CStringIcEEED1Ev	manual:CLuaManager-comdat-by-content-and-callers
0x450ce0	225	_ZSt22__uninitialized_move_aIPN7harvest4game12SLuaFilePairES3_SaIS2_EET0_T_S6_S5_RT1_	manual:CLuaManager-comdat-by-content-and-callers
0x450dd0	42	_ZN7harvest4game22SLuaEntityActionButtonD1Ev	manual:CLuaManager-comdat-by-content-and-callers
0x450e00	237	_ZSt22__uninitialized_move_aIPN7harvest4game22SLuaEntityActionButtonES3_SaIS2_EET0_T_S6_S5_RT1_	manual:CLuaManager-comdat-by-content-and-callers
0x450ef0	66	_ZN7harvest4game7SLuaModD1Ev	manual:CLuaManager-comdat-by-content-and-callers
0x450f40	69	_ZN2ox6TArrayIN7harvest4game7SLuaModEED1Ev	manual:CLuaManager-comdat-by-content-and-callers
0x450f90	66	_ZN7harvest4game16SInfoLineMessageD1Ev	manual:verified four owned strings and native campaign exception cleanup call
0x450fe0	85	_ZN2ox6TArrayIN7harvest4game22SLuaEntityActionButtonEED1Ev	manual:CLuaManager-comdat-by-content-and-callers
0x451040	401	_ZNSt6vectorIiSaIiEE13_M_insert_auxEN9__gnu_cxx17__normal_iteratorIPiS1_EERKi	manual:CLuaManager-comdat-by-content-and-callers
0x4511e0	401	_ZNSt6vectorIPN7harvest4game13SLuaGuiObjectESaIS3_EE13_M_insert_auxEN9__gnu_cxx17__normal_iteratorIPS3_S5_EERKS3_	manual:CLuaManager-comdat-by-content-and-callers
0x451380	401	_ZNSt6vectorIPN2ox5video21ISpriteAnimationStateESaIS3_EE13_M_insert_auxEN9__gnu_cxx17__normal_iteratorIPS3_S5_EERKS3_	manual:CLuaManager-comdat-by-content-and-callers
0x451520	498	_ZSt22__uninitialized_move_aIPN7harvest4game7SLuaModES3_SaIS2_EET0_T_S6_S5_RT1_	manual:CLuaManager-comdat-by-content-and-callers
0x451720	221	_ZSt22__uninitialized_move_aIPN7harvest4game13SCreativeHookES3_SaIS2_EET0_T_S6_S5_RT1_	manual:CLuaManager-comdat-by-content-and-callers
0x451800	983	_ZNSt6vectorIN7harvest4game13SCreativeHookESaIS2_EE13_M_insert_auxEN9__gnu_cxx17__normal_iteratorIPS2_S4_EERKS2_	manual:CLuaManager-comdat-by-content-and-callers
0x451be0	211	_ZSt22__uninitialized_move_aIPN2ox4core7CStringIcEES4_SaIS3_EET0_T_S7_S6_RT1_	manual:CLuaManager-comdat-by-content-and-callers
0x451cc0	839	_ZNSt6vectorIN2ox4core7CStringIcEESaIS3_EE13_M_insert_auxEN9__gnu_cxx17__normal_iteratorIPS3_S5_EERKS3_	manual:CLuaManager-comdat-by-content-and-callers
0x452010	629	_ZN5LunarIN7harvest6entity16CBuildingLuaInfoEE4pushEP9lua_StatePS2_b	manual:CLuaManager-comdat-by-content-and-callers
0x452290	106	_ZN5LunarIN7harvest6entity16CBuildingLuaInfoEE5new_TEP9lua_State	manual:CLuaManager-comdat-by-content-and-callers
0x452300	629	_ZN5LunarIN7harvest6entity17CCreativeLuaStateEE4pushEP9lua_StatePS2_b	manual:CLuaManager-comdat-by-content-and-callers
0x452580	106	_ZN5LunarIN7harvest6entity17CCreativeLuaStateEE5new_TEP9lua_State	manual:CLuaManager-comdat-by-content-and-callers
0x4525f0	629	_ZN5LunarIN7harvest6entity13CAlienLuaInfoEE4pushEP9lua_StatePS2_b	manual:CLuaManager-comdat-by-content-and-callers
0x452870	106	_ZN5LunarIN7harvest6entity13CAlienLuaInfoEE5new_TEP9lua_State	manual:CLuaManager-comdat-by-content-and-callers
0x4528e0	446	_ZNK2ox4core7CStringIcE9subStringEii	manual:CLuaManager-comdat-by-content-and-callers
0x452aa0	493	_ZN7harvest4game7SLuaModC1ERKS1_	manual:CLuaManager-comdat-by-content-and-callers
0x452c90	2319	_ZNSt6vectorIN7harvest4game7SLuaModESaIS2_EE13_M_insert_auxEN9__gnu_cxx17__normal_iteratorIPS2_S4_EERKS2_	manual:CLuaManager-comdat-by-content-and-callers
0x4535a0	278	_ZN7harvest4game12SLuaFilePairC1ERKS1_	manual:CLuaManager-comdat-by-content-and-callers
0x4536c0	1564	_ZNSt6vectorIN7harvest4game22SLuaEntityActionButtonESaIS2_EE13_M_insert_auxEN9__gnu_cxx17__normal_iteratorIPS2_S4_EERKS2_	manual:CLuaManager-comdat-by-content-and-callers
0x453ce0	92	_ZN7harvest4game9CScenario11clearEventsEv	manual: Mac CScenario.cpp symbols, Linux native field layouts and call graph
0x453d40	3	_ZNK7harvest4game9CScenario17getScenarioPlanetEv	manual: Mac CScenario.cpp symbols, Linux native field layouts and call graph
0x453d50	3	_ZNK7harvest4game9CScenario18getStartingCreditsEv	manual: Mac CScenario.cpp symbols, Linux native field layouts and call graph
0x453d60	6	_ZNK7harvest4game9CScenario13getDoodadSeedEv	mac-vtable:_ZTVN7harvest4game9CScenarioE:4
0x453d70	13	_ZN7harvest4game9CScenario12getObjectiveEi	manual: Mac CScenario.cpp symbols, Linux native field layouts and call graph
0x453d80	6	_ZN7harvest4game9CScenario16getNumObjectivesEv	manual: Mac CScenario.cpp symbols, Linux native field layouts and call graph
0x453d90	86	_ZN7harvest4game22CHarvestEventCondition14comparisonTestEiii	manual: Mac CScenario.cpp symbols, Linux native field layouts and call graph
0x453e30	57	_ZN7harvest4game20CAlienCountCondition13testConditionEv	mac-vtable:_ZTVN7harvest4game20CAlienCountConditionE:4
0x453e70	57	_ZN7harvest4game18CMineralsCondition13testConditionEv	mac-vtable:_ZTVN7harvest4game18CMineralsConditionE:4
0x453eb0	6761	_ZN7harvest4game9CScenario19addStartingEntitiesEv	manual: Mac CScenario.cpp symbols, Linux native field layouts and call graph
0x455920	269	_ZN7harvest4game9CScenario22applyInitialExpansionsEPNS0_6CWorldE	mac-vtable:_ZTVN7harvest4game9CScenarioE:5
0x455a30	132	_ZN7harvest4game9CScenario15skipToNextEventEv	manual: Mac CScenario.cpp symbols, Linux native field layouts and call graph
0x455ac0	340	_ZN7harvest4game9CScenario6updateEf	manual: Mac CScenario.cpp symbols, Linux native field layouts and call graph
0x455c20	306	_ZN7harvest4game9CScenarioD0Ev	mac-vtable:_ZTVN7harvest4game9CScenarioE:3
0x455d60	299	_ZN7harvest4game9CScenarioD1Ev	mac-vtable:_ZTVN7harvest4game9CScenarioE:2
0x455e90	299	_ZN7harvest4game9CScenarioD2Ev	manual: Mac CScenario.cpp symbols, Linux native field layouts and call graph
0x455fc0	1863	_ZN7harvest4game9CScenarioC1Ev	manual: Mac CScenario.cpp symbols, Linux native field layouts and call graph
0x456710	1879	_ZN7harvest4game9CScenarioC2Ev	manual: Mac CScenario.cpp symbols, Linux native field layouts and call graph
0x456e70	1173	_ZN7harvest4game9CScenario20getCharacterInfoLineEfPN2ox5event14IEventReceiverEPKwiPKc	match:HarvestFull/harvest/game/CScenario.cpp
0x457310	66	_ZN7harvest4game9CScenario8addEventEPNS0_13CHarvestEventE	manual: Mac CScenario.cpp symbols, Linux native field layouts and call graph
0x457360	2301	_ZN7harvest4game9CScenario26notifyDropshipGoingToSpaceEPN2ox5event14IEventReceiverE	match:HarvestFull/harvest/game/CScenario.cpp
0x457c60	946	_ZN7harvest4game9CScenario18getCharacterDialogEPKwiPcf	match:HarvestFull/harvest/game/CScenario.cpp
0x458020	1587	_ZN7harvest4game9CScenario20notifyDropshipLandedEPN2ox5event14IEventReceiverE	match:HarvestFull/harvest/game/CScenario.cpp
0x458660	558	_ZN7harvest4game9CScenario29notifyDropshipKilledAllAliensEPN2ox5event14IEventReceiverE	match:HarvestFull/harvest/game/CScenario.cpp
0x458890	2981	_ZN7harvest4game9CScenario20createScenarioEventsEPN2ox5event14IEventReceiverE	manual:Mac campaign opening symbol and Linux event/credit construction call graph
0x459440	8	_ZN7harvest4game13CHarvestEventD1Ev	mac-vtable:_ZTVN7harvest4game13CHarvestEventE:2
0x459450	8	_ZN7harvest4game22CHarvestEventConditionD1Ev	mac-vtable:_ZTVN7harvest4game22CHarvestEventConditionE:2
0x459460	8	_ZN7harvest4game9IScenarioD1Ev	mac-vtable:_ZTVN7harvest4game9IScenarioE:2
0x459470	8	_ZN7harvest4game15CPostEventEventD1Ev	mac-vtable:_ZTVN7harvest4game15CPostEventEventE:2
0x459480	57	_ZN7harvest4game15CPostEventEvent8runEventEv	mac-vtable:_ZTVN7harvest4game15CPostEventEventE:4
0x4594c0	50	_ZN7harvest4game17CAddDialogueEventD1Ev	mac-vtable:_ZTVN7harvest4game17CAddDialogueEventE:2
0x459500	53	_ZN7harvest4game17CAddDialogueEvent8runEventEv	mac-vtable:_ZTVN7harvest4game17CAddDialogueEventE:4
0x459540	53	_ZN7harvest4game17CAddInfoLineEvent8runEventEv	mac-vtable:_ZTVN7harvest4game17CAddInfoLineEventE:4
0x459580	8	_ZN7harvest4game17CTrackEntityEventD1Ev	mac-vtable:_ZTVN7harvest4game17CTrackEntityEventE:2
0x459590	58	_ZN7harvest4game17CTrackEntityEvent8runEventEv	mac-vtable:_ZTVN7harvest4game17CTrackEntityEventE:4
0x4595d0	8	_ZN7harvest4game19CDropshipStateEventD1Ev	mac-vtable:_ZTVN7harvest4game19CDropshipStateEventE:2
0x4595e0	50	_ZN7harvest4game17CSpawnEntityEventD1Ev	mac-vtable:_ZTVN7harvest4game17CSpawnEntityEventE:2
0x459620	39	_ZN7harvest4game17CSpawnEntityEvent8runEventEv	mac-vtable:_ZTVN7harvest4game17CSpawnEntityEventE:4
0x459650	8	_ZN7harvest4game18CMineralsConditionD1Ev	mac-vtable:_ZTVN7harvest4game18CMineralsConditionE:2
0x459660	8	_ZN7harvest4game20CAlienCountConditionD1Ev	mac-vtable:_ZTVN7harvest4game20CAlienCountConditionE:2
0x459670	12	_ZN7harvest4game18CMineralsConditionD0Ev	mac-vtable:_ZTVN7harvest4game18CMineralsConditionE:3
0x459680	12	_ZN7harvest4game22CHarvestEventConditionD0Ev	mac-vtable:_ZTVN7harvest4game22CHarvestEventConditionE:3
0x459690	12	_ZN7harvest4game20CAlienCountConditionD0Ev	mac-vtable:_ZTVN7harvest4game20CAlienCountConditionE:3
0x4596a0	12	_ZN7harvest4game13CHarvestEventD0Ev	mac-vtable:_ZTVN7harvest4game13CHarvestEventE:3
0x4596b0	12	_ZN7harvest4game17CTrackEntityEventD0Ev	mac-vtable:_ZTVN7harvest4game17CTrackEntityEventE:3
0x4596c0	12	_ZN7harvest4game15CPostEventEventD0Ev	mac-vtable:_ZTVN7harvest4game15CPostEventEventE:3
0x4596d0	12	_ZN7harvest4game19CDropshipStateEventD0Ev	mac-vtable:_ZTVN7harvest4game19CDropshipStateEventE:3
0x4596e0	12	_ZN7harvest4game9IScenarioD0Ev	mac-vtable:_ZTVN7harvest4game9IScenarioE:3
0x4596f0	57	_ZN7harvest4game17CSpawnEntityEventD0Ev	mac-vtable:_ZTVN7harvest4game17CSpawnEntityEventE:3
0x459730	57	_ZN7harvest4game17CAddDialogueEventD0Ev	mac-vtable:_ZTVN7harvest4game17CAddDialogueEventE:3
0x459770	47	_ZNSt4listIPN7harvest4game13CHarvestEventESaIS3_EED1Ev	reloc:HarvestFull/harvest/game/CScenario.cpp:_ZN7harvest4game9CScenarioD0Ev
0x4597a0	26	_ZN7harvest4game19CDropshipStateEvent8runEventEv	mac-vtable:_ZTVN7harvest4game19CDropshipStateEventE:4
0x4597c0	208	_ZN7harvest4game24CConditionalHarvestEventD0Ev	mac-vtable:_ZTVN7harvest4game24CConditionalHarvestEventE:3
0x459890	201	_ZN7harvest4game24CConditionalHarvestEventD1Ev	mac-vtable:_ZTVN7harvest4game24CConditionalHarvestEventE:2
0x459960	401	_ZNSt6vectorIPN7harvest4game22CHarvestEventConditionESaIS3_EE13_M_insert_auxEN9__gnu_cxx17__normal_iteratorIPS3_S5_EERKS3_	manual:native conditional-event vector insertion and allocation calls
0x459b00	854	_ZN7harvest3gui17CDialogueItemInfoC1EPKwS3_PKcS5_fb	manual:Mac C2 constructor body and Linux no-base complete-object construction
0x459e60	76	_ZN7harvest3gui17CDialogueItemInfoD0Ev	mac-vtable:_ZTVN7harvest3gui17CDialogueItemInfoE:3
0x459eb0	74	_ZN7harvest3gui17CDialogueItemInfoD1Ev	mac-vtable:_ZTVN7harvest3gui17CDialogueItemInfoE:2
0x459f00	76	_ZN7harvest4game17CAddInfoLineEventD1Ev	mac-vtable:_ZTVN7harvest4game17CAddInfoLineEventE:2
0x459f50	83	_ZN7harvest4game17CAddInfoLineEventD0Ev	mac-vtable:_ZTVN7harvest4game17CAddInfoLineEventE:3
0x459fb0	133	_ZN7harvest4game24CConditionalHarvestEvent8runEventEv	mac-vtable:_ZTVN7harvest4game24CConditionalHarvestEventE:4
0x45a040	9	_ZN7harvest4game11CStatistics17getRushModeDamageEv	manual: Mac CStatistics.cpp symbols and Linux field layout, native callees and FDE extent
0x45a050	27	_ZN7harvest4game11CStatistics10setHighestEif	manual: Mac CStatistics.cpp symbols and Linux field layout, native callees and FDE extent
0x45a070	5	_ZN7harvest4game11CStatistics16getAllLevelStatsEv	manual: Mac CStatistics.cpp symbols and Linux field layout, native callees and FDE extent
0x45a080	8	_ZN7harvest4game11CStatistics7getLogsEv	manual: Mac CStatistics.cpp symbols and Linux field layout, native callees and FDE extent
0x45a090	5	_ZNK7harvest4game14CHighscoreInfo13getPlayerNameEv	manual: Mac CStatistics.cpp symbols and Linux field layout, native callees and FDE extent
0x45a0a0	5	_ZNK7harvest4game14CHighscoreInfo14getPlayerGroupEv	manual: Mac CStatistics.cpp symbols and Linux field layout, native callees and FDE extent
0x45a0b0	4	_ZNK7harvest4game14CHighscoreInfo14getRandomValueEv	manual: Mac CStatistics.cpp symbols and Linux field layout, native callees and FDE extent
0x45a0c0	4	_ZNK7harvest4game14CHighscoreInfo16getStartPlayTimeEv	manual: Mac CStatistics.cpp symbols and Linux field layout, native callees and FDE extent
0x45a0d0	4	_ZNK7harvest4game14CHighscoreInfo11getGameModeEv	manual: Mac CStatistics.cpp symbols and Linux field layout, native callees and FDE extent
0x45a0e0	4	_ZNK7harvest4game14CHighscoreInfo13getGamePlanetEv	manual: Mac CStatistics.cpp symbols and Linux field layout, native callees and FDE extent
0x45a0f0	6	_ZNK7harvest4game14CHighscoreInfo11getPlayTimeEv	manual: Mac CStatistics.cpp symbols and Linux field layout, native callees and FDE extent
0x45a100	5	_ZNK7harvest4game14CHighscoreInfo18getHighscoreStringEv	manual: Mac CStatistics.cpp symbols and Linux field layout, native callees and FDE extent
0x45a110	31	_ZN7harvest4game14CHighscoreInfo19setNewHighscoreInfoEPS1_	manual: Mac CStatistics.cpp symbols and Linux field layout, native callees and FDE extent
0x45a130	8	_ZN7harvest4game14CHighscoreInfo23getCurrentHighscoreInfoEv	manual: Mac CStatistics.cpp symbols and Linux field layout, native callees and FDE extent
0x45a140	59	_GLOBAL__I__ZN7harvest4game13gp_statisticsE	manual: Mac CStatistics.cpp symbols and Linux field layout, native callees and FDE extent
0x45a180	9	_ZN7harvest4game14CHighscoreInfo15getHighestLevelEv	manual: Mac CStatistics.cpp symbols and Linux field layout, native callees and FDE extent
0x45a190	9	_ZN7harvest4game14CHighscoreInfo16getTotalMineralsEv	manual: Mac CStatistics.cpp symbols and Linux field layout, native callees and FDE extent
0x45a1a0	17	_ZN7harvest4game11CStatistics16getGameStatValueEi	manual: Mac CStatistics.cpp symbols and Linux field layout, native callees and FDE extent
0x45a1c0	19	_ZN7harvest4game11CStatistics19modifyGameStatValueEii	reloc:HarvestFull/harvest/entity/CConstructionEntity.cpp:_ZN7harvest6entity19CConstructionEntity11updateLogicEf
0x45a1e0	118	_ZN7harvest4game11CStatistics21reportAlienStatChangeEiif	manual:Mac-symbol+amd64-alien-instructions-and-data
0x45a2a0	656	_ZN7harvest4game11CStatistics5writeEPN2ox2io10IWriteFileE	manual: Mac CStatistics.cpp symbols and Linux field layout, native callees and FDE extent
0x45a530	196	_ZN7harvest4game11CStatisticsD0Ev	mac-vtable:_ZTVN7harvest4game11CStatisticsE:3
0x45a600	266	_ZN7harvest4game14CHighscoreInfoC1Ev	manual: Mac CStatistics.cpp symbols and Linux field layout, native callees and FDE extent
0x45a710	266	_ZN7harvest4game14CHighscoreInfoC2Ev	manual: Mac CStatistics.cpp symbols and Linux field layout, native callees and FDE extent
0x45a820	133	_ZN7harvest4game14CHighscoreInfoD0Ev	mac-vtable:_ZTVN7harvest4game14CHighscoreInfoE:3
0x45a8b0	138	_ZN7harvest4game14CHighscoreInfoD1Ev	mac-vtable:_ZTVN7harvest4game14CHighscoreInfoE:2
0x45a940	138	_ZN7harvest4game14CHighscoreInfoD2Ev	manual: Mac CStatistics.cpp symbols and Linux field layout, native callees and FDE extent
0x45a9d0	623	_ZN7harvest4game14CHighscoreInfo21createHighscoreStringEv	manual: Mac CStatistics.cpp symbols and Linux field layout, native callees and FDE extent
0x45ac40	626	_ZN7harvest4game14CHighscoreInfoC1EPKwS3_iiiiiif	manual: Mac CStatistics.cpp symbols and Linux field layout, native callees and FDE extent
0x45aec0	626	_ZN7harvest4game14CHighscoreInfoC2EPKwS3_iiiiiif	manual: Mac CStatistics.cpp symbols and Linux field layout, native callees and FDE extent
0x45b140	453	_ZN7harvest4game11CStatistics20reportNewThreatLevelEif	manual: Mac CStatistics.cpp symbols and Linux field layout, native callees and FDE extent
0x45b310	97	_ZN7harvest4game11CStatistics6addLogEfii	manual: Mac CStatistics.cpp symbols and Linux field layout, native callees and FDE extent
0x45b380	920	_ZN7harvest4game11CStatistics4readEPN2ox2io9IReadFileEi	manual: Mac CStatistics.cpp symbols and Linux field layout, native callees and FDE extent
0x45b720	373	_ZN7harvest4game11CStatisticsC1Ev	manual: Mac CStatistics.cpp symbols and Linux field layout, native callees and FDE extent
0x45b8a0	373	_ZN7harvest4game11CStatisticsC2Ev	manual: Mac CStatistics.cpp symbols and Linux field layout, native callees and FDE extent
0x45ba20	198	_ZN7harvest4game11CStatisticsD1Ev	mac-vtable:_ZTVN7harvest4game11CStatisticsE:2
0x45baf0	198	_ZN7harvest4game11CStatisticsD2Ev	manual: Mac CStatistics.cpp symbols and Linux field layout, native callees and FDE extent
0x45bbc0	401	_ZNSt6vectorIPN7harvest4game11SLevelStatsESaIS3_EE13_M_insert_auxEN9__gnu_cxx17__normal_iteratorIPS3_S5_EERKS3_	manual: Mac CStatistics.cpp symbols and Linux field layout, native callees and FDE extent
0x45bd60	465	_ZNSt6vectorIN7harvest4game9SEventLogESaIS2_EE13_M_insert_auxEN9__gnu_cxx17__normal_iteratorIPS2_S4_EERKS2_	manual: Mac CStatistics.cpp symbols and Linux field layout, native callees and FDE extent
0x45bf40	34	_ZN7harvest4game12CThreatLevelD2Ev	match:HarvestFull/harvest/game/CThreatLevel.cpp
0x45bf70	34	_ZN7harvest4game12CThreatLevelD1Ev	mac-vtable:_ZTVN7harvest4game12CThreatLevelE:2
0x45bfa0	52	_ZN7harvest4game12CThreatLevel22getThreatLevelProgressEv	match:HarvestFull/harvest/game/CThreatLevel.cpp
0x45bfe0	27	_ZN7harvest4game12CThreatLevel6updateEf	match:HarvestFull/harvest/game/CThreatLevel.cpp
0x45c000	102	_ZN7harvest4game12CThreatLevel19alienOccursOnPlanetEii	reloc:HarvestFull/harvest/game/CLuaManager.cpp:_ZN7harvest4game24harvest_isAlienAvailableEP9lua_State
0x45c070	60	_ZN7harvest4game12CThreatLevel24alienIsPresentOnThisWaveEiii	match:HarvestFull/harvest/game/CThreatLevel.cpp
0x45c0b0	41	_ZN7harvest4game12CThreatLevel18getWaveDescriptionEi	match:HarvestFull/harvest/game/CThreatLevel.cpp
0x45c0e0	27	_ZN7harvest4game12CThreatLevel12allowVictoryEv	match:HarvestFull/harvest/game/CThreatLevel.cpp
0x45c100	6	_ZN7harvest4game18CThreatLevelNormal20readGameModeSpecificEPN2ox2io9IReadFileEi	mac-vtable:_ZTVN7harvest4game18CThreatLevelNormalE:4
0x45c110	6	_ZN7harvest4game18CThreatLevelNormal21writeGameModeSpecificEPN2ox2io10IWriteFileE	mac-vtable:_ZTVN7harvest4game18CThreatLevelNormalE:5
0x45c120	6	_ZN7harvest4game18CThreatLevelInsane20readGameModeSpecificEPN2ox2io9IReadFileEi	mac-vtable:_ZTVN7harvest4game18CThreatLevelInsaneE:4
0x45c130	6	_ZN7harvest4game18CThreatLevelInsane21writeGameModeSpecificEPN2ox2io10IWriteFileE	mac-vtable:_ZTVN7harvest4game18CThreatLevelInsaneE:5
0x45c140	6	_ZN7harvest4game16CThreatLevelRush20readGameModeSpecificEPN2ox2io9IReadFileEi	mac-vtable:_ZTVN7harvest4game16CThreatLevelRushE:4
0x45c150	6	_ZN7harvest4game16CThreatLevelRush21writeGameModeSpecificEPN2ox2io10IWriteFileE	mac-vtable:_ZTVN7harvest4game16CThreatLevelRushE:5
0x45c160	37	_ZN7harvest4game16CThreatLevelWave24alienIsPresentOnThisWaveEiii	match:HarvestFull/harvest/game/CThreatLevel.cpp
0x45c190	16	_ZN7harvest4game16CThreatLevelWave18getWaveDescriptionEi	match:HarvestFull/harvest/game/CThreatLevel.cpp
0x45c1a0	6	_ZN7harvest4game20CThreatLevelCreative20readGameModeSpecificEPN2ox2io9IReadFileEi	mac-vtable:_ZTVN7harvest4game20CThreatLevelCreativeE:4
0x45c1b0	6	_ZN7harvest4game20CThreatLevelCreative21writeGameModeSpecificEPN2ox2io10IWriteFileE	mac-vtable:_ZTVN7harvest4game20CThreatLevelCreativeE:5
0x45c1c0	3	_ZN7harvest4game20CThreatLevelCreative6updateEf	mac-vtable:_ZTVN7harvest4game20CThreatLevelCreativeE:6
0x45c210	35	_ZN7harvest4game12CThreatLevelD0Ev	mac-vtable:_ZTVN7harvest4game12CThreatLevelE:3
0x45c240	28	_ZN7harvest4game16CThreatLevelWave19hasWaveBeenLaunchedEi	match:HarvestFull/harvest/game/CThreatLevel.cpp
0x45c260	30	_ZN7harvest4game12CThreatLevel19hasWaveBeenLaunchedEi	match:HarvestFull/harvest/game/CThreatLevel.cpp
0x45c280	27	_ZN7harvest4game12CThreatLevel14getThreatLevelEv	match:HarvestFull/harvest/game/CThreatLevel.cpp
0x45c2a0	94	_ZN7harvest4game16CThreatLevelWave13getWaveRewardEv	match:HarvestFull/harvest/game/CThreatLevel.cpp
0x45c300	30	_ZN7harvest4game12CThreatLevel13getWaveRewardEv	match:HarvestFull/harvest/game/CThreatLevel.cpp
0x45c320	180	_ZN7harvest4game12CThreatLevel25alienIsPresentAtThisLevelEi	match:HarvestFull/harvest/game/CThreatLevel.cpp
0x45c3e0	80	_ZN7harvest4game17CThreatLevelLogic19increaseThreatLevelEv	match:HarvestFull/harvest/game/CThreatLevel.cpp
0x45c430	190	_ZN7harvest4game16CThreatLevelWave21writeGameModeSpecificEPN2ox2io10IWriteFileE	mac-vtable:_ZTVN7harvest4game16CThreatLevelWaveE:5
0x45c4f0	127	_ZN7harvest4game17CThreatLevelLogic5writeEPN2ox2io10IWriteFileE	match:HarvestFull/harvest/game/CThreatLevel.cpp
0x45c570	81	_ZN7harvest4game12CThreatLevel5writeEPN2ox2io10IWriteFileE	match:HarvestFull/harvest/game/CThreatLevel.cpp
0x45c5d0	174	_ZN7harvest4game17CThreatLevelLogic4readEPN2ox2io9IReadFileEi	match:HarvestFull/harvest/game/CThreatLevel.cpp
0x45c680	107	_ZN7harvest4game17CThreatLevelLogicD0Ev	mac-vtable:_ZTVN7harvest4game17CThreatLevelLogicE:3
0x45c6f0	99	_ZN7harvest4game17CThreatLevelLogicD1Ev	mac-vtable:_ZTVN7harvest4game17CThreatLevelLogicE:2
0x45c760	99	_ZN7harvest4game17CThreatLevelLogicD2Ev	match:HarvestFull/harvest/game/CThreatLevel.cpp
0x45c7d0	25	_ZN7harvest4game20CThreatLevelCreativeD0Ev	mac-vtable:_ZTVN7harvest4game20CThreatLevelCreativeE:3
0x45c7f0	12	_ZN7harvest4game20CThreatLevelCreativeD1Ev	mac-vtable:_ZTVN7harvest4game20CThreatLevelCreativeE:2
0x45c800	12	_ZN7harvest4game20CThreatLevelCreativeD2Ev	match:HarvestFull/harvest/game/CThreatLevel.cpp
0x45c810	25	_ZN7harvest4game16CThreatLevelRushD0Ev	mac-vtable:_ZTVN7harvest4game16CThreatLevelRushE:3
0x45c830	12	_ZN7harvest4game16CThreatLevelRushD1Ev	mac-vtable:_ZTVN7harvest4game16CThreatLevelRushE:2
0x45c840	12	_ZN7harvest4game16CThreatLevelRushD2Ev	match:HarvestFull/harvest/game/CThreatLevel.cpp
0x45c850	25	_ZN7harvest4game18CThreatLevelInsaneD0Ev	mac-vtable:_ZTVN7harvest4game18CThreatLevelInsaneE:3
0x45c870	12	_ZN7harvest4game18CThreatLevelInsaneD1Ev	mac-vtable:_ZTVN7harvest4game18CThreatLevelInsaneE:2
0x45c880	12	_ZN7harvest4game18CThreatLevelInsaneD2Ev	match:HarvestFull/harvest/game/CThreatLevel.cpp
0x45c890	25	_ZN7harvest4game18CThreatLevelNormalD0Ev	mac-vtable:_ZTVN7harvest4game18CThreatLevelNormalE:3
0x45c8b0	12	_ZN7harvest4game18CThreatLevelNormalD1Ev	mac-vtable:_ZTVN7harvest4game18CThreatLevelNormalE:2
0x45c8c0	12	_ZN7harvest4game18CThreatLevelNormalD2Ev	match:HarvestFull/harvest/game/CThreatLevel.cpp
0x45c8d0	294	_ZN7harvest4game17CThreatLevelLogic10spawnAlienERKN2ox4core5CRectIfEEi	match:HarvestFull/harvest/game/CThreatLevel.cpp
0x45cf00	579	_ZN7harvest4game17CThreatLevelLogic21initAttackSectionAreaEiiiRN2ox4core5CRectIfEE	match:HarvestFull/harvest/game/CThreatLevel.cpp
0x45d150	460	_ZN7harvest4game18CThreatLevelNormal6updateEf	mac-vtable:_ZTVN7harvest4game18CThreatLevelNormalE:6
0x45d320	248	_ZN7harvest4game17CThreatLevelLogic20initAttackBorderAreaEiRN2ox4core5CRectIfEE	match:HarvestFull/harvest/game/CThreatLevel.cpp
0x45d420	357	_ZN7harvest4game16CThreatLevelWave6updateEf	mac-vtable:_ZTVN7harvest4game16CThreatLevelWaveE:6
0x45d590	341	_ZN7harvest4game16CThreatLevelRush6updateEf	mac-vtable:_ZTVN7harvest4game16CThreatLevelRushE:6
0x45d6f0	383	_ZN7harvest4game18CThreatLevelInsane6updateEf	mac-vtable:_ZTVN7harvest4game18CThreatLevelInsaneE:6
0x45d870	145	_ZN7harvest4game17CThreatLevelLogicC1Ev	match:HarvestFull/harvest/game/CThreatLevel.cpp
0x45d910	145	_ZN7harvest4game17CThreatLevelLogicC2Ev	match:HarvestFull/harvest/game/CThreatLevel.cpp
0x45d9b0	18	_ZN7harvest4game20CThreatLevelCreativeC1Ev	match:HarvestFull/harvest/game/CThreatLevel.cpp
0x45d9d0	18	_ZN7harvest4game20CThreatLevelCreativeC2Ev	match:HarvestFull/harvest/game/CThreatLevel.cpp
0x45d9f0	25	_ZN7harvest4game16CThreatLevelRushC1Ev	match:HarvestFull/harvest/game/CThreatLevel.cpp
0x45da10	25	_ZN7harvest4game16CThreatLevelRushC2Ev	match:HarvestFull/harvest/game/CThreatLevel.cpp
0x45da30	18	_ZN7harvest4game18CThreatLevelInsaneC1Ev	match:HarvestFull/harvest/game/CThreatLevel.cpp
0x45da50	18	_ZN7harvest4game18CThreatLevelInsaneC2Ev	match:HarvestFull/harvest/game/CThreatLevel.cpp
0x45da70	18	_ZN7harvest4game18CThreatLevelNormalC1Ev	match:HarvestFull/harvest/game/CThreatLevel.cpp
0x45da90	18	_ZN7harvest4game18CThreatLevelNormalC2Ev	match:HarvestFull/harvest/game/CThreatLevel.cpp
0x45dab0	210	_ZN7harvest4game16CThreatLevelWaveD1Ev	mac-vtable:_ZTVN7harvest4game16CThreatLevelWaveE:2
0x45db90	210	_ZN7harvest4game16CThreatLevelWaveD2Ev	match:HarvestFull/harvest/game/CThreatLevel.cpp
0x45dc70	221	_ZN7harvest4game16CThreatLevelWaveD0Ev	mac-vtable:_ZTVN7harvest4game16CThreatLevelWaveE:3
0x45ea50	233	_ZN7harvest4game16CThreatLevelWave20readGameModeSpecificEPN2ox2io9IReadFileEi	mac-vtable:_ZTVN7harvest4game16CThreatLevelWaveE:4
0x45eb40	362	_ZN7harvest4game16CThreatLevelWaveC1Ev	match:HarvestFull/harvest/game/CThreatLevel.cpp
0x45ecb0	258	_ZN7harvest4game12CThreatLevel22createLogicForGameModeEv	match:HarvestFull/harvest/game/CThreatLevel.cpp
0x45edc0	133	_ZN7harvest4game12CThreatLevel4readEPN2ox2io9IReadFileEi	match:HarvestFull/harvest/game/CThreatLevel.cpp
0x45ee50	23	_ZN7harvest4game12CThreatLevelC1Ei	match:HarvestFull/harvest/game/CThreatLevel.cpp
0x45ee70	23	_ZN7harvest4game12CThreatLevelC2Ei	match:HarvestFull/harvest/game/CThreatLevel.cpp
0x45ee90	362	_ZN7harvest4game16CThreatLevelWaveC2Ev	match:HarvestFull/harvest/game/CThreatLevel.cpp
0x45fcf0	185	_ZN7harvest4game12CThreatLevel19spawnNextWaveAttackEiRN2ox4core7CStringIwEE	native-calls:CPlayState::launchWaveLevel
0x45fdb0	3	_ZN7harvest4game17CThreatLevelLogic12allowVictoryEv	mac-vtable:_ZTVN7harvest4game20CThreatLevelCreativeE:7
0x45fdc0	12	_ZN7harvest4game16CThreatLevelWave12allowVictoryEv	mac-vtable:_ZTVN7harvest4game16CThreatLevelWaveE:7
0x45fdd0	20	_ZN7harvest4game6CWorld14changeViewSizeERKN2ox4core12CDimension2dIiEE	mac-symbol:world:verified-native-layout-and-calls
0x45fdf0	4	_ZNK7harvest4game6CWorld9getPlanetEv	reloc:HarvestFull/harvest/game/CThreatLevel.cpp:_ZN7harvest4game12CThreatLevel25alienIsPresentAtThisLevelEi
0x45fe00	4	_ZNK7harvest4game6CWorld11getGameModeEv	reloc:HarvestFull/harvest/entity/CConstructionEntity.cpp:_ZN7harvest6entity19CConstructionEntity11updateLogicEf
0x45fe10	5	_ZNK7harvest4game6CWorld22getActualGameFieldSizeEv	reloc:HarvestFull/harvest/game/CThreatLevel.cpp:_ZN7harvest4game17CThreatLevelLogic20initAttackBorderAreaEiRN2ox4core5CRectIfEE
0x45fe20	53	_ZN7harvest4game6CWorld27hasWorldExpandedAtLeastOnceEv	reloc:HarvestFull/harvest/game/CThreatLevel.cpp:_ZN7harvest4game18CThreatLevelNormal6updateEf
0x45fe60	5	_ZNK7harvest4game6CWorld23getVisibleGameFieldSizeEv	manual:Mac-symbol+amd64-alien-calls-and-instructions
0x45fe70	99	_ZN7harvest4game6CWorld24checkCollisionWithDoodadEPKNS0_7SDoodadERKN2ox4core11CPosition2dIfEE	mac-symbol:world:verified-native-layout-and-calls
0x45fee0	238	_ZN7harvest4game6CWorld11mayMoveHereERKN2ox4core11CPosition2dIfEE	manual:Mac-call-order-and-amd64-perimeter-bomb-call
0x45ffd0	363	_ZN7harvest4game6CWorld18mayPlaceObjectHereERKN2ox4core11CPosition2dIfEEb	reloc:HarvestFull/harvest/game/CThreatLevel.cpp:_ZN7harvest4game17CThreatLevelLogic10spawnAlienERKN2ox4core5CRectIfEEi
0x460140	177	_ZN7harvest4game6CWorld16constrainViewPosERN2ox4core11CPosition2dIfEE	mac-symbol:world:verified-native-layout-and-calls
0x460200	28	_ZNK7harvest4game6CWorld30worldChangesSizeInThisGameModeEv	mac-symbol:world:verified-native-layout-and-calls
0x460220	630	_ZN7harvest4game6CWorld16renderBackgroundERKN2ox4core11CPosition2dIfEEPNS2_3gui8IGUIFontEPNS3_5CRectIiEE	manual:Mac CWorld names plus Linux world native call graph and field layout
0x4604a0	778	_ZN7harvest4game6CWorld16renderEdgeShadesERKN2ox4core11CPosition2dIfEE	manual:Mac CWorld names plus Linux world native call graph and field layout
0x4607b0	99	_GLOBAL__I__ZN7harvest4game8gp_worldE	native-layout:world-startup
0x460820	414	_ZN7harvest4game6CWorld19getCollisionTangentERKN2ox4core11CPosition2dIfEE	manual:Mac-symbol+amd64-alien-calls-and-instructions
0x4609c0	949	_ZN7harvest4game6CWorld19findRendezvousPointERKN2ox4core11CPosition2dIfEERKNS3_9CVector2dIfEE	mac-symbol:world:verified-native-layout-and-calls
0x460d80	311	_ZNK7harvest4game6CWorld9applyWindERKN2ox4core9CVector3dIfEERNS3_9CVector2dIfEEf	reloc:HarvestFull/harvest/entity/CHarvestEntity.cpp:_ZN7harvest6entity15CParticleEntity11updateLogicEf
0x460ec0	351	_ZN7harvest4game6CWorld5writeEPN2ox2io10IWriteFileE	mac-symbol:world:verified-native-layout-and-calls
0x461020	243	_ZN7harvest4game6CWorld12createDoodadERKN2ox4core11CPosition2dIfEEi	mac-symbol:world:verified-native-layout-and-calls
0x461120	749	_ZN7harvest4game6CWorld18recreateDoodadGridEv	native-layout:world-doodad-grid
0x461410	655	_ZN7harvest4game6CWorld12placeDoodadsERKN2ox4core5CRectIfEEi	manual:Mac CWorld::placeDoodads and Linux expandWorld call; planet random types and scenery collision
0x4616a0	1777	_ZN7harvest4game6CWorld11expandWorldEifb	mac-symbol:world:verified-native-layout-and-calls
0x461da0	242	_ZN7harvest4game6CWorld22expandWorldFromCurrentEib	mac-symbol:world:verified-native-layout-and-calls
0x461ea0	479	_ZN7harvest4game6CWorld17initializeNewGameEPNS0_9IScenarioE	manual:Mac CWorld names plus Linux world native call graph and field layout
0x462080	495	_ZN7harvest4game6CWorldC1Eii	mac-symbol:world:verified-native-layout-and-calls
0x462270	495	_ZN7harvest4game6CWorldC2Eii	mac-symbol:world:verified-native-layout-and-calls
0x462460	480	_ZN7harvest4game6CWorldD0Ev	mac-vtable:_ZTVN7harvest4game6CWorldE:3
0x462640	473	_ZN7harvest4game6CWorldD2Ev	mac-symbol:world:verified-native-layout-and-calls
0x462820	473	_ZN7harvest4game6CWorldD1Ev	mac-vtable:_ZTVN7harvest4game6CWorldE:2
0x462a00	3007	_ZN7harvest4game6CWorld6updateEfRKN2ox4core5CRectIfEE	manual:Mac CWorld names plus Linux world native call graph and field layout
0x4635c0	3157	_ZN7harvest4game6CWorld15initializeWorldEPN2ox5video12IVideoDriverERKNS2_4core12CDimension2dIiEE	manual:Mac CWorld names plus Linux world native call graph and field layout
0x464220	433	_ZN7harvest4game6CWorld17readAndInitializeEPN2ox2io9IReadFileEiPNS2_5video12IVideoDriverERKNS2_4core12CDimension2dIiEE	manual:Mac CWorld names plus Linux world native call graph and field layout
0x4643e0	8	_ZN2ox4algo5CRandD1Ev	mac-vtable:_ZTVN2ox4algo5CRandE:2
0x4643f0	12	_ZN2ox4algo5CRandD0Ev	mac-vtable:_ZTVN2ox4algo5CRandE:3
0x464400	401	_ZNSt6vectorIPN7harvest4game7SDoodadESaIS3_EE13_M_insert_auxEN9__gnu_cxx17__normal_iteratorIPS3_S5_EERKS3_	native-calls:world-doodad-storage
0x4645a0	401	_ZNSt6vectorIPN7harvest4game9SWindPuffESaIS3_EE13_M_insert_auxEN9__gnu_cxx17__normal_iteratorIPS3_S5_EERKS3_	manual:Mac CWorld names plus Linux world native call graph and field layout
0x464740	58	_ZN7harvest3gfx14CScatterShaderC2EPN2ox5video12IVideoDriverEPNS2_5scene16ICameraSceneNodeEPNS6_22IAnimatedMeshSceneNodeE	manual:VTT-constructor-before-C1
0x464780	80	_ZN7harvest3gfx14CScatterShaderC1EPN2ox5video12IVideoDriverEPNS2_5scene16ICameraSceneNodeEPNS6_22IAnimatedMeshSceneNodeE	native-calls:main-menu-planet-shaders
0x4647d0	35	_ZN7harvest3gfx14CScatterShaderD2Ev	manual:VTT-destructor
0x464800	9	_ZTv0_n24_N7harvest3gfx14CScatterShaderD1Ev	manual:CScatterShader-vtable-IUnknown-slot
0x464810	34	_ZN7harvest3gfx14CScatterShaderD1Ev	manual:CScatterShader-vtable-slot-0
0x464840	149	_ZN7harvest3gfx14CScatterShader8initAtmoEv	native-calls:main-menu-planet-shaders
0x4648e0	200	_ZN7harvest3gfx14CScatterShader10initGroundEb	native-calls:main-menu-planet-shaders
0x4649b0	9	_ZTv0_n24_N7harvest3gfx14CScatterShaderD0Ev	manual:CScatterShader-vtable-IUnknown-slot
0x4649c0	38	_ZN7harvest3gfx14CScatterShaderD0Ev	manual:CScatterShader-vtable-slot-1
0x4649f0	38	_GLOBAL__I__ZN7harvest3gfx14CScatterShaderC2EPN2ox5video12IVideoDriverEPNS2_5scene16ICameraSceneNodeEPNS6_22IAnimatedMeshSceneNodeE	manual:CScatterShader-static-initializer
0x464a20	7760	_ZN7harvest3gfx14CScatterShader14OnSetConstantsEPN2ox5video25IMaterialRendererServicesEi	manual:CScatterShader-vtable-slot-2
0x466870	8	_ZN2ox8IUnknownD1Ev	mac-vtable:_ZTVN2ox8IUnknownE:2
0x466880	9	_ZTv0_n24_N2ox5video26IShaderConstantSetCallBackD1Ev	manual:IShaderConstantSetCallBack-vtable-IUnknown-slot
0x466890	16	_ZN2ox5video26IShaderConstantSetCallBackD1Ev	manual:IShaderConstantSetCallBack-vtable-slot-0
0x4668a0	9	_ZTv0_n24_N2ox5video26IShaderConstantSetCallBackD0Ev	manual:IShaderConstantSetCallBack-vtable-IUnknown-slot
0x4668b0	20	_ZN2ox5video26IShaderConstantSetCallBackD0Ev	manual:IShaderConstantSetCallBack-vtable-slot-1
0x4668d0	12	_ZN2ox8IUnknownD0Ev	mac-vtable:_ZTVN2ox8IUnknownE:3
0x4668e0	53	_ZN7harvest3gui19CAchievementsScreen6updateEf	native-calls:play-state-update+Mac-update-body
0x466920	27	_ZN7harvest3gui19CAchievementsScreen9isVisibleEv	native-calls:play-state+Mac-isVisible-body
0x466940	49	_GLOBAL__I__ZN7harvest3gui19CAchievementsScreenC2EPN2ox9IOxDeviceE	manual:CAchievementsScreen-static-initializer
0x466980	187	_ZN7harvest3gui19CAchievementsScreenD0Ev	mac-vtable:_ZTVN7harvest3gui19CAchievementsScreenE:4
0x466a40	179	_ZN7harvest3gui19CAchievementsScreenD1Ev	mac-vtable:_ZTVN7harvest3gui19CAchievementsScreenE:3
0x466b00	179	_ZN7harvest3gui19CAchievementsScreenD2Ev	manual:copy-of-D1-after-D1
0x466bc0	257	_ZN7harvest3gui19CAchievementsScreenC1EPN2ox9IOxDeviceE	native-calls:new-0x3a0-from-play-state
0x466cd0	257	_ZN7harvest3gui19CAchievementsScreenC2EPN2ox9IOxDeviceE	manual:copy-of-C1
0x466de0	2500	_ZN7harvest3gui19CAchievementsScreen13getAwardPopupEii	native-calls:setVisible-award-tooltips
0x4677b0	2195	_ZN7harvest3gui19CAchievementsScreen10setVisibleEb	native-calls:OnEvent-close-button
0x468050	3778	_ZN7harvest3gui19CAchievementsScreen7OnEventERKN2ox5event6SEventE	mac-vtable:_ZTVN7harvest3gui19CAchievementsScreenE:2
0x468f20	182	_ZN2ox4core7CStringIwEC1IwEEPKT_	manual:comdat-wide-string-from-literal-in-setVisible
0x468fe0	246	_ZN2ox4core7CStringIwE6appendERKS2_	manual:comdat-wide-append-in-setVisible
0x4690e0	49	_GLOBAL__I__ZN7harvest3gui11CGuiEffects21renderRecangleOverlayEPN2ox5video12IVideoDriverERKNS2_5TListIPNS2_6entity9COxEntityEEERKNS2_4core11CPosition2dIfEEii	manual:CGuiEffects-static-initializer
0x469120	573	_ZN7harvest3gui11CGuiEffects10splitRectsERN2ox5TListINS2_4core5CRectIiEEEERKS6_	native-calls:renderRecangleOverlay
0x469360	588	_ZN7harvest3gui11CGuiEffects21renderRecangleOverlayEPN2ox5video12IVideoDriverERKNS2_5TListIPNS2_6entity9COxEntityEEERKNS2_4core11CPosition2dIfEEii	manual:Mac-symbol+getPosition-and-draw2DRectangle-calls
0x4695b0	49	_GLOBAL__I__ZN7harvest3gui13CGuiInfoLinesC2EPN2ox9IOxDeviceE	manual:CGuiInfoLines-static-initializer
0x4695f0	595	_ZN7harvest3gui13CGuiInfoLines11addInfoLineEPKwS3_PN2ox5video14ISpritePackageEPKc	manual:Mac-symbol+frame-icon-title-text-lines
0x469850	248	_ZN7harvest3gui13CGuiInfoLines6updateEfi	manual:Mac-symbol+line-aging-and-container-move
0x469950	149	_ZN7harvest3gui13CGuiInfoLinesD0Ev	mac-vtable:_ZTVN7harvest3gui13CGuiInfoLinesE:3
0x4699f0	379	_ZN7harvest3gui13CGuiInfoLines11addInfoLineEPKw	manual:Mac-symbol+text-length-duration
0x469b70	142	_ZN7harvest3gui13CGuiInfoLinesD1Ev	mac-vtable:_ZTVN7harvest3gui13CGuiInfoLinesE:2
0x469c00	142	_ZN7harvest3gui13CGuiInfoLinesD2Ev	manual:copy-of-D1-after-D1
0x469c90	281	_ZN7harvest3gui13CGuiInfoLinesC1EPN2ox9IOxDeviceE	native-calls:new-from-play-state
0x469db0	281	_ZN7harvest3gui13CGuiInfoLinesC2EPN2ox9IOxDeviceE	manual:copy-of-C1
0x469ed0	27	_ZN7harvest3gui16CHighscoreScreen9isVisibleEv	manual:CHighscoreScreen-unit-order-and-mac-symbols
0x469ef0	122	_ZN7harvest3gui16CHighscoreScreen20createNewPopupWindowEv	manual:CHighscoreScreen-unit-order-and-mac-symbols
0x469f70	303	_ZN7harvest3gui16CHighscoreScreen16sortAndMovePopupEPN2ox3gui10IGUILayoutEPNS3_11IGUIElementEb	manual:CHighscoreScreen-unit-order-and-mac-symbols
0x46a0a0	221	_ZN7harvest3gui16CHighscoreScreen18createStatusStringEPKw	manual:CHighscoreScreen-unit-order-and-mac-symbols
0x46a180	89	_GLOBAL__I__ZN7harvest3gui16CHighscoreScreen9isVisibleEv	manual:CHighscoreScreen-static-initializer
0x46a1e0	556	_ZN7harvest3gui16CHighscoreScreen23parseRelativeTimeFormatERKN2ox4core7CStringIcEE	manual:CHighscoreScreen-unit-order-and-mac-symbols
0x46a410	271	_ZN7harvest3gui16CHighscoreScreen15createLoadBlockEv	manual:CHighscoreScreen-unit-order-and-mac-symbols
0x46a520	442	_ZN7harvest3gui16CHighscoreScreen11loadSpritesEv	manual:CHighscoreScreen-unit-order-and-mac-symbols
0x46a6e0	348	_ZN7harvest3gui16CHighscoreScreen19createBase64ForUCS2ERKN2ox4core7CStringIwEE	manual:CHighscoreScreen-unit-order-and-mac-symbols
0x46a840	1597	_ZN7harvest3gui16CHighscoreScreenC2EPN2ox9IOxDeviceE	manual:CHighscoreScreen-unit-order-and-mac-symbols
0x46ae80	1597	_ZN7harvest3gui16CHighscoreScreenC1EPN2ox9IOxDeviceE	native-calls:CHarvestFullMain-creates-the-screen
0x46b4c0	501	_ZN7harvest3gui16CHighscoreScreenD0Ev	mac-vtable:_ZTVN7harvest3gui16CHighscoreScreenE:4
0x46b6c0	2323	_ZN7harvest3gui16CHighscoreScreen17createSummaryPageEv	manual:CHighscoreScreen-unit-order-and-mac-symbols
0x46bfe0	491	_ZN7harvest3gui16CHighscoreScreenD1Ev	mac-vtable:_ZTVN7harvest3gui16CHighscoreScreenE:3
0x46c1d0	1079	_ZN7harvest3gui16CHighscoreScreen24createUCS2FromBase64UTF2ERKN2ox4core7CStringIcEE	manual:CHighscoreScreen-unit-order-and-mac-symbols
0x46c610	491	_ZN7harvest3gui16CHighscoreScreenD2Ev	manual:CHighscoreScreen-unit-order-and-mac-symbols
0x46c800	7488	_ZN7harvest3gui16CHighscoreScreen14loadHighscoresEi	manual:CHighscoreScreen-unit-order-and-mac-symbols
0x46e540	3895	_ZN7harvest3gui16CHighscoreScreen20parseHighscoreStringERKN2ox4core7CStringIcEE	manual:CHighscoreScreen-unit-order-and-mac-symbols
0x46f480	3109	_ZN7harvest3gui16CHighscoreScreen16parseSummaryPageERKN2ox4core7CStringIcEE	manual:CHighscoreScreen-unit-order-and-mac-symbols
0x4700b0	565	_ZN7harvest3gui16CHighscoreScreen6updateEf	manual:CHighscoreScreen-unit-order-and-mac-symbols
0x4702f0	2243	_ZN7harvest3gui16CHighscoreScreen15loadSummaryPageEi	manual:CHighscoreScreen-unit-order-and-mac-symbols
0x470bc0	1482	_ZN7harvest3gui16CHighscoreScreen10setVisibleEb	manual:CHighscoreScreen-unit-order-and-mac-symbols
0x471190	6501	_ZN7harvest3gui16CHighscoreScreen7OnEventERKN2ox5event6SEventE	mac-vtable:_ZTVN7harvest3gui16CHighscoreScreenE:2
0x472b00	205	_ZN2ox4core7CStringIwEaSIwEERS2_PKT_	manual:CHighscoreScreen-comdat-by-content-and-callers
0x472bd0	105	_ZN2ox4core7CStringIwEaSERKS2_	manual:CHighscoreScreen-comdat-by-content-and-callers
0x472c40	50	_ZN7harvest3gui13SSummaryEntryD1Ev	manual:CHighscoreScreen-ctor-cleanup-comdat
0x472c80	81	_ZN7harvest3gui12SSummaryPageD1Ev	manual:CHighscoreScreen-ctor-cleanup-comdat
0x472ce0	1865	_ZN2ox4core11splitStringIcEEvRNS_6TArrayINS0_7CStringIT_EEEERKS5_S9_	reloc:ox/net/CHTTPConnectionHandler.cpp:_ZN2ox3net22CHTTPConnectionHandler16getContentLengthERNS_4core7CStringIcEE
0x473430	27	_ZN7harvest3gui17CIngameMenuScreen9isVisibleEv	match:HarvestFull/harvest/gui/CIngameMenuScreen.cpp
0x473490	698	_ZN7harvest3gui17CIngameMenuScreen10setVisibleEbbi	match:HarvestFull/harvest/gui/CIngameMenuScreen.cpp
0x473750	667	_ZN7harvest3gui17CIngameMenuScreen7OnEventERKN2ox5event6SEventE	mac-vtable:_ZTVN7harvest3gui17CIngameMenuScreenE:2
0x4739f0	108	_ZN7harvest3gui17CIngameMenuScreenC1EPN2ox9IOxDeviceE	match:HarvestFull/harvest/gui/CIngameMenuScreen.cpp
0x473a60	108	_ZN7harvest3gui17CIngameMenuScreenC2EPN2ox9IOxDeviceE	match:HarvestFull/harvest/gui/CIngameMenuScreen.cpp
0x473ad0	69	_ZN7harvest3gui17CIngameMenuScreenD1Ev	mac-vtable:_ZTVN7harvest3gui17CIngameMenuScreenE:3
0x473b20	69	_ZN7harvest3gui17CIngameMenuScreenD2Ev	match:HarvestFull/harvest/gui/CIngameMenuScreen.cpp
0x473b70	77	_ZN7harvest3gui17CIngameMenuScreenD0Ev	mac-vtable:_ZTVN7harvest3gui17CIngameMenuScreenE:4
0x473bc0	60	_ZN7harvest15sendCustomEventENS_13ECUSTOM_EVENTE	native-calls:ingame-menu-and-save-screen-post-events
0x473c00	146	_ZN7harvest3gui15CMenuInfoDialog6updateEf	native-calls:main-menu-updates-info-dialog
0x473ca0	27	_ZN7harvest3gui15CMenuInfoDialog9isVisibleEv	native-calls:main-menu-queries-info-dialog
0x473d00	206	_ZN7harvest3gui15CMenuInfoDialogD0Ev	mac-vtable:_ZTVN7harvest3gui15CMenuInfoDialogE:4
0x473dd0	198	_ZN7harvest3gui15CMenuInfoDialogD1Ev	mac-vtable:_ZTVN7harvest3gui15CMenuInfoDialogE:3
0x473ea0	198	_ZN7harvest3gui15CMenuInfoDialogD2Ev	manual:CMenuInfoDialog-destructor-variants
0x473f70	172	_ZN7harvest3gui15CMenuInfoDialogC1EPN2ox9IOxDeviceE	native-calls:main-menu-constructs-info-dialog
0x474020	172	_ZN7harvest3gui15CMenuInfoDialogC2EPN2ox9IOxDeviceE	manual:CMenuInfoDialog-constructor-variants
0x4740d0	6771	_ZN7harvest3gui15CMenuInfoDialog14refillMainViewEi	native-calls:info-dialog-set-visible-refills
0x475b50	341	_ZN7harvest3gui15CMenuInfoDialog10setVisibleEbi	native-calls:main-menu-shows-info-dialog
0x475cb0	749	_ZN7harvest3gui15CMenuInfoDialog7OnEventERKN2ox5event6SEventE	mac-vtable:_ZTVN7harvest3gui15CMenuInfoDialogE:2
0x475fa0	27	_ZN7harvest3gui15CPriorityScreen9isVisibleEv	manual:CPriorityScreen-leaf-reads-window-visibility
0x475fc0	457	_ZN7harvest3gui15CPriorityScreen26updatePriorityBoxPositionsEv	native-calls:priority-screen-set-visible-and-drag
0x476190	199	_GLOBAL__I__ZN7harvest3gui15CPriorityScreenC2EPN2ox9IOxDeviceE	manual:CPriorityScreen-static-initializer-alien-colors
0x476260	113	_ZN7harvest3gui15CPriorityScreen18emptyPriorityBoxesEv	native-calls:priority-screen-destructor-and-create-boxes
0x4762e0	1557	_ZN7harvest3gui15CPriorityScreen11loadSpritesEv	native-calls:priority-screen-set-visible-loads-sprites
0x476900	64	T.326	manual:CPriorityScreen-sendCustomEvent-continue-clone
0x476940	403	_ZN7harvest3gui15CPriorityScreen19savePrioritiesByGUIEv	native-calls:priority-screen-confirm-button
0x476ae0	285	_ZN7harvest3gui15CPriorityScreenD2Ev	manual:CPriorityScreen-destructor-variants
0x476c00	308	_ZN7harvest3gui15CPriorityScreen19createPriorityBoxesEv	native-calls:priority-screen-set-visible-creates-boxes
0x476d40	2010	_ZN7harvest3gui15CPriorityScreen10setVisibleEbPNS_4game12CThreatLevelE	native-calls:priority-screen-onevent-hides
0x477520	2335	_ZN7harvest3gui15CPriorityScreen7OnEventERKN2ox5event6SEventE	mac-vtable:_ZTVN7harvest3gui15CPriorityScreenE:2
0x477e40	486	_ZN7harvest3gui15CPriorityScreenC1EPN2ox9IOxDeviceE	native-calls:new-from-play-state-second-init
0x478030	285	_ZN7harvest3gui15CPriorityScreenD1Ev	mac-vtable:_ZTVN7harvest3gui15CPriorityScreenE:3
0x478150	293	_ZN7harvest3gui15CPriorityScreenD0Ev	mac-vtable:_ZTVN7harvest3gui15CPriorityScreenE:4
0x478280	486	_ZN7harvest3gui15CPriorityScreenC2EPN2ox9IOxDeviceE	manual:copy-of-C1
0x478470	401	_ZNSt6vectorIPN7harvest3gui12SPriorityBoxESaIS3_EE13_M_insert_auxEN9__gnu_cxx17__normal_iteratorIPS3_S5_EERKS3_	native-calls:priority-screen-create-boxes-push-back
0x478610	27	_ZN7harvest3gui14CProfileScreen9isVisibleEv	native-calls:main-menu-checks-profile-window
0x478630	29	_ZN7harvest3gui14CProfileScreen12removeWindowEv	native-calls:profile-screen-removes-window
0x478650	63	_ZN7harvest3gui14CProfileScreen7getTextEi	native-calls:saveProfile-reads-edit-boxes
0x478690	49	_GLOBAL__I__ZN7harvest3gui14CProfileScreenC2EPN2ox9IOxDeviceE	manual:CProfileScreen-static-initializer
0x4786d0	77	_ZN7harvest3gui14CProfileScreenD0Ev	mac-vtable:_ZTVN7harvest3gui14CProfileScreenE:4
0x478720	69	_ZN7harvest3gui14CProfileScreenD1Ev	mac-vtable:_ZTVN7harvest3gui14CProfileScreenE:3
0x478770	69	_ZN7harvest3gui14CProfileScreenD2Ev	manual:third-destructor-copy
0x4787c0	119	_ZN7harvest3gui14CProfileScreenC1EPN2ox9IOxDeviceE	native-calls:main-menu-new-profile-screen
0x478840	119	_ZN7harvest3gui14CProfileScreenC2EPN2ox9IOxDeviceE	manual:second-constructor-copy
0x4788c0	264	_ZN7harvest3gui14CProfileScreen14checkValidNameERN2ox4core7CStringIwEE	native-calls:saveProfile
0x4789d0	796	_ZN7harvest3gui14CProfileScreen20deleteCurrentProfileEv	native-calls:profile-manager-deleteCurrentProfile
0x478cf0	734	_ZN7harvest3gui14CProfileScreen22stripIllegalCharactersERN2ox4core7CStringIwEE	native-calls:saveProfile
0x478fd0	2058	_ZN7harvest3gui14CProfileScreen23createEditProfileWindowEb	native-calls:OnEvent-create-and-edit-buttons
0x4797e0	2087	_ZN7harvest3gui14CProfileScreen23createProfileListWindowEv	native-calls:saveProfile
0x47a010	1172	_ZN7harvest3gui14CProfileScreen11saveProfileEb	native-calls:OnEvent-save-button
0x47a4b0	1066	_ZN7harvest3gui14CProfileScreen7OnEventERKN2ox5event6SEventE	mac-vtable:_ZTVN7harvest3gui14CProfileScreenE:2
0x47a8e0	27	_ZN7harvest3gui15CSaveGameScreen9isVisibleEv	native-calls:main-menu-screen-visibility
0x47a900	5	_ZN7harvest3gui15CSaveGameScreen23getSelectedSaveFilenameEv	native-calls:play-state-reads-save-filename
0x47a910	8	_ZN7harvest3gui15CSaveGameScreen26getSelectedSaveDescriptionEv	native-calls:play-state-reads-save-description
0x47a920	49	_GLOBAL__I__ZN7harvest3gui15CSaveGameScreenC2EPN2ox9IOxDeviceE	manual:CSaveGameScreen-static-initializer
0x47a960	736	_ZN7harvest3gui15CSaveGameScreen17createSaveGameBoxEv	native-calls:save-screen-onevent-creates-save-box
0x47ac40	303	_ZN7harvest3gui15CSaveGameScreen12addEmptySlotEv	native-calls:load-save-games-adds-empty-slot
0x47ad70	450	_ZN7harvest3gui15CSaveGameScreenC1EPN2ox9IOxDeviceE	native-calls:main-menu-second-init-screens
0x47af40	450	_ZN7harvest3gui15CSaveGameScreenC2EPN2ox9IOxDeviceE	manual:CSaveGameScreen-constructor-variants
0x47b110	269	_ZN7harvest3gui15CSaveGameScreenD0Ev	mac-vtable:_ZTVN7harvest3gui15CSaveGameScreenE:4
0x47b220	261	_ZN7harvest3gui15CSaveGameScreenD1Ev	mac-vtable:_ZTVN7harvest3gui15CSaveGameScreenE:3
0x47b330	261	_ZN7harvest3gui15CSaveGameScreenD2Ev	manual:CSaveGameScreen-destructor-variants
0x47b440	3368	_ZN7harvest3gui15CSaveGameScreen16addSavestateSlotERKNS_8settings16SSavestateHeaderERKN2ox4core7CStringIwEE	native-calls:load-save-games-adds-slots
0x47c170	2141	_ZN7harvest3gui15CSaveGameScreen17performListActionEv	native-calls:save-screen-onevent-list-action
0x47c9d0	2669	_ZN7harvest3gui15CSaveGameScreen13loadSaveGamesEv	native-calls:save-screen-set-visible-loads
0x47d440	1930	_ZN7harvest3gui15CSaveGameScreen10setVisibleEbb	native-calls:main-menu-load-button
0x47dbd0	1213	_ZN7harvest3gui15CSaveGameScreen7OnEventERKN2ox5event6SEventE	mac-vtable:_ZTVN7harvest3gui15CSaveGameScreenE:2
0x47e090	42	_ZN7harvest8settings16SSavestateHeaderD1Ev	manual:CSaveGameScreen-comdat-by-content
0x47e0c0	66	_ZN7harvest3gui13SSaveListItemD1Ev	manual:CSaveGameScreen-comdat-by-content
0x47e110	69	_ZNSt6vectorIN7harvest3gui13SSaveListItemESaIS2_EED1Ev	manual:CSaveGameScreen-comdat-by-content
0x47e160	505	_ZN7harvest3gui13SSaveListItemC1ERKS1_	manual:CSaveGameScreen-comdat-by-content
0x47e360	1038	_ZSt21__unguarded_partitionIN9__gnu_cxx17__normal_iteratorIPN7harvest3gui13SSaveListItemESt6vectorIS4_SaIS4_EEEES4_NS3_15SSaveGameSorterEET_SB_SB_T0_T1_	manual:CSaveGameScreen-comdat-by-content
0x47e770	2088	_ZSt13__adjust_heapIN9__gnu_cxx17__normal_iteratorIPN7harvest3gui13SSaveListItemESt6vectorIS4_SaIS4_EEEElS4_NS3_15SSaveGameSorterEEvT_T0_SC_T1_T2_	manual:CSaveGameScreen-comdat-by-content
0x47efa0	932	_ZSt25__unguarded_linear_insertIN9__gnu_cxx17__normal_iteratorIPN7harvest3gui13SSaveListItemESt6vectorIS4_SaIS4_EEEES4_NS3_15SSaveGameSorterEEvT_T0_T1_	manual:CSaveGameScreen-comdat-by-content
0x47f350	1210	_ZSt16__insertion_sortIN9__gnu_cxx17__normal_iteratorIPN7harvest3gui13SSaveListItemESt6vectorIS4_SaIS4_EEEENS3_15SSaveGameSorterEEvT_SB_T0_	manual:CSaveGameScreen-comdat-by-content
0x47f810	157	_ZSt22__final_insertion_sortIN9__gnu_cxx17__normal_iteratorIPN7harvest3gui13SSaveListItemESt6vectorIS4_SaIS4_EEEENS3_15SSaveGameSorterEEvT_SB_T0_	manual:CSaveGameScreen-comdat-by-content
0x47f8b0	552	_ZSt10__pop_heapIN9__gnu_cxx17__normal_iteratorIPN7harvest3gui13SSaveListItemESt6vectorIS4_SaIS4_EEEENS3_15SSaveGameSorterEEvT_SB_SB_T0_	manual:CSaveGameScreen-comdat-by-content
0x47fae0	1703	_ZNSt6vectorIN7harvest3gui13SSaveListItemESaIS2_EE13_M_insert_auxEN9__gnu_cxx17__normal_iteratorIPS2_S4_EERKS2_	manual:CSaveGameScreen-comdat-by-content
0x480190	1404	_ZSt9make_heapIN9__gnu_cxx17__normal_iteratorIPN7harvest3gui13SSaveListItemESt6vectorIS4_SaIS4_EEEENS3_15SSaveGameSorterEEvT_SB_T0_	manual:CSaveGameScreen-comdat-by-content
0x480710	838	_ZSt16__introsort_loopIN9__gnu_cxx17__normal_iteratorIPN7harvest3gui13SSaveListItemESt6vectorIS4_SaIS4_EEEElNS3_15SSaveGameSorterEEvT_SB_T0_T1_	manual:CSaveGameScreen-comdat-by-content
0x480a60	27	_ZN7harvest3gui15CSettingsScreen9isVisibleEv	manual:Mac-CSettingsScreen-isVisible-body
0x480a80	64	_ZN7harvest3gui15CSettingsScreen14getSliderValueEi	manual:Mac-CSettingsScreen-getSliderValue-body
0x480ac0	64	_ZN7harvest3gui15CSettingsScreen18getCheckboxCheckedEi	manual:Mac-CSettingsScreen-getCheckboxChecked-body
0x480b00	72	_ZN7harvest3gui15CSettingsScreen16getListSelectionEi	manual:Mac-CSettingsScreen-getListSelection-body
0x480b50	112	_ZN7harvest3gui15CSettingsScreen14setSliderValueEii	manual:Mac-CSettingsScreen-setSliderValue-body
0x480bc0	113	_ZN7harvest3gui15CSettingsScreen18setCheckboxCheckedEib	manual:Mac-CSettingsScreen-setCheckboxChecked-body
0x480c40	131	_ZN7harvest3gui15CSettingsScreen16setListSelectionEiRKN2ox4core12CDimension2dIiEE	manual:Mac-CSettingsScreen-setListSelection-body
0x480cd0	129	_ZN7harvest3gui15CSettingsScreen17loadDefaultValuesEv	manual:Mac-CSettingsScreen-loadDefaultValues-body
0x480d60	205	_ZN7harvest3gui15CSettingsScreen15applyScreenModeEv	manual:Mac-CSettingsScreen-applyScreenMode-body
0x480e30	49	_GLOBAL__I__ZN7harvest3gui15CSettingsScreenC2EPN2ox9IOxDeviceEb	manual:CSettingsScreen-static-initializer
0x480e70	162	_ZN7harvest3gui15CSettingsScreen17updateKeyMappingsEv	manual:Mac-CSettingsScreen-updateKeyMappings-body
0x480f20	241	_ZN7harvest3gui15CSettingsScreen9setValuesEv	manual:Mac-CSettingsScreen-setValues-body
0x481020	78	_ZN7harvest3gui15CSettingsScreen10setVisibleEb	manual:Mac-CSettingsScreen-setVisible-body
0x481070	114	_ZN7harvest3gui15CSettingsScreenD0Ev	mac-vtable:_ZTVN7harvest3gui15CSettingsScreenE:4
0x4810f0	106	_ZN7harvest3gui15CSettingsScreenD1Ev	mac-vtable:_ZTVN7harvest3gui15CSettingsScreenE:3
0x481160	106	_ZN7harvest3gui15CSettingsScreenD2Ev	manual:CSettingsScreen-destructor-variants
0x4811d0	268	_ZN7harvest3gui15CSettingsScreen15createLoadBlockEv	manual:Mac-CSettingsScreen-createLoadBlock-body
0x4812e0	1967	_ZN7harvest3gui15CSettingsScreen7OnEventERKN2ox5event6SEventE	mac-vtable:_ZTVN7harvest3gui15CSettingsScreenE:2
0x481a90	6554	_ZN7harvest3gui15CSettingsScreenC1EPN2ox9IOxDeviceEb	native-calls:screens-construct-settings-screen
0x483430	6554	_ZN7harvest3gui15CSettingsScreenC2EPN2ox9IOxDeviceEb	manual:CSettingsScreen-constructor-variants
0x484dd0	27	_ZN7harvest3gui17CStatisticsScreen9isVisibleEv	manual:CStatisticsScreen-Window-isVisible-tail-call
0x484df0	228	_ZN7harvest3gui17CStatisticsScreen6updateEf	manual:Mac-update-15f-fade-of-graph-columns
0x484ee0	152	_ZN7harvest3gui17CStatisticsScreen11renderGraphERKN2ox4core11CPosition2dIiEERKNS3_5CRectIiEERNS2_5video6SColorE	manual:native-calls:CStatisticsScreen::OnEvent-tiles-sprite-4
0x484f80	113	_ZN7harvest3gui17CStatisticsScreen15updateTopStringEv	native-calls:CStatisticsScreen::OnEvent-page-buttons
0x485000	59	_GLOBAL__I__ZN7harvest3gui17CStatisticsScreenC2EPN2ox9IOxDeviceE	manual:CStatisticsScreen-static-initializer
0x485040	111	_ZN7harvest3gui17CStatisticsScreen11eraseGraphsEv	native-calls:CStatisticsScreen-destructors-and-createGraphs
0x4850b0	3068	_ZN7harvest3gui17CStatisticsScreen12createGraphsEi	native-calls:CStatisticsScreen::OnEvent-graph-buttons
0x485cb0	315	_ZN7harvest3gui17CStatisticsScreen13addInfoStringERKN2ox4core7CStringIwEE	native-calls:CStatisticsScreen::OnEvent-highscore-results
0x485df0	277	_ZN7harvest3gui17CStatisticsScreenD2Ev	manual:base-destructor-called-by-D0-D1-layout
0x485f10	629	_ZN7harvest3gui17CStatisticsScreenC1EPN2ox9IOxDeviceE	native-calls:new-0x2f8-in-0x499c10
0x486190	629	_ZN7harvest3gui17CStatisticsScreenC2EPN2ox9IOxDeviceE	manual:twin-of-C1
0x486410	285	_ZN7harvest3gui17CStatisticsScreenD0Ev	mac-vtable:_ZTVN7harvest3gui17CStatisticsScreenE:4
0x486530	277	_ZN7harvest3gui17CStatisticsScreenD1Ev	mac-vtable:_ZTVN7harvest3gui17CStatisticsScreenE:3
0x486650	442	_ZN7harvest3gui17CStatisticsScreen11loadSpritesEv	native-calls:CStatisticsScreen::setVisible
0x486810	4410	_ZN7harvest3gui17CStatisticsScreen10setVisibleEb	native-calls:CStatisticsScreen::OnEvent-back-button
0x487950	2810	_ZN7harvest3gui17CStatisticsScreen16submitHighscoresEv	native-calls:CStatisticsScreen::OnEvent-messagebox-yes
0x488450	2623	_ZN7harvest3gui17CStatisticsScreen7OnEventERKN2ox5event6SEventE	mac-vtable:_ZTVN7harvest3gui17CStatisticsScreenE:2
0x488e90	476	_ZN2ox4core7CStringIwEC1Ei	manual:COMDAT-int-to-string-constructor
0x489070	401	_ZNSt6vectorIPN7harvest3gui12SGraphColumnESaIS3_EE13_M_insert_auxEN9__gnu_cxx17__normal_iteratorIPS3_S5_EERKS3_	native-calls:CStatisticsScreen::createGraphs-push_back
0x489210	401	_ZNSt6vectorIPN2ox3gui14IGUIStaticTextESaIS3_EE13_M_insert_auxEN9__gnu_cxx17__normal_iteratorIPS3_S5_EERKS3_	native-calls:CStatisticsScreen::addInfoString-push_back
0x4893b0	27	_ZN7harvest3gui12CStoryScreen9isVisibleEv	manual:CStoryScreen-Window-isVisible-tail-call
0x4893d0	392	_ZN7harvest3gui12CStoryScreen18activateBorderTextEi	native-calls:CStoryScreen::update
0x489560	371	_ZN7harvest3gui12CStoryScreen16createBorderTextEiPN2ox3gui11IGUIElementE	native-calls:CStoryScreen::setVisible
0x4896e0	610	_ZN7harvest3gui12CStoryScreen10setVisibleEb	native-calls:CStoryScreen::displayDialogueText
0x489950	49	_GLOBAL__I__ZN7harvest3gui12CStoryScreenC2EPN2ox9IOxDeviceE	manual:CStoryScreen-static-initializer
0x489990	559	_ZN7harvest3gui12CStoryScreen7OnEventERKN2ox5event6SEventE	mac-vtable:_ZTVN7harvest3gui12CStoryScreenE:2
0x489bc0	9	_ZN7harvest3gui12CStoryScreen16displayBlacknessEf	manual:Mac-setDelay-forwarder
0x489bd0	613	_ZN7harvest3gui12CStoryScreen6updateEf	manual:Mac-update-fade-states
0x489e40	131	_ZN7harvest3gui12CStoryScreenD0Ev	mac-vtable:_ZTVN7harvest3gui12CStoryScreenE:4
0x489ed0	123	_ZN7harvest3gui12CStoryScreenD1Ev	mac-vtable:_ZTVN7harvest3gui12CStoryScreenE:3
0x489f50	123	_ZN7harvest3gui12CStoryScreenD2Ev	manual:base-destructor-layout-of-D0-D1
0x489fd0	199	_ZN7harvest3gui12CStoryScreenC1EPN2ox9IOxDeviceE	native-calls:new-0xc0-in-0x4aebc0
0x48a0a0	199	_ZN7harvest3gui12CStoryScreenC2EPN2ox9IOxDeviceE	manual:twin-of-C1
0x48a170	674	_ZN7harvest3gui12CStoryScreen19displayDialogueTextEPNS0_17CDialogueItemInfoE	manual:Mac-copies-dialogue-into-slot-by-Alternate
0x48a490	8	_ZN7harvest8settings16CAlienPrioritiesD1Ev	mac-vtable:_ZTVN7harvest8settings16CAlienPrioritiesE:2
0x48a4a0	8	_ZN7harvest8settings16CAlienPriorities16setAlienPriorityEii	manual:Mac-unit-function-order-and-amd64-instructions
0x48a4b0	5	_ZN7harvest8settings16CAlienPriorities21setIfRangeIsImportantEb	manual:Mac-unit-function-order-and-amd64-instructions
0x48a4c0	5	_ZN7harvest8settings16CAlienPriorities11setHoldFireEb	manual:Mac-unit-function-order-and-amd64-instructions
0x48a5c0	77	_ZN7harvest8settings16CAlienPriorities5writeEPN2ox2io10IWriteFileE	manual:Mac-unit-function-order-and-amd64-instructions
0x48a610	105	_ZN7harvest8settings16CAlienPriorities4readEPN2ox2io9IReadFileEi	manual:Mac-unit-function-order-and-amd64-instructions
0x48a680	12	_ZN7harvest8settings16CAlienPrioritiesD0Ev	mac-vtable:_ZTVN7harvest8settings16CAlienPrioritiesE:3
0x48a690	1146	_ZNK7harvest8settings16CAlienPriorities18prioritiesToStringEv	manual:Mac-unit-function-order-and-amd64-instructions
0x48ab10	841	_ZN7harvest8settings16CAlienPriorities23setPrioritiesFromStringERKN2ox4core7CStringIwEE	manual:Mac-unit-function-order-and-amd64-instructions
0x48ae60	26	_ZN7harvest8settings15CHarvestProfile24getPriorityAttributeNameEi	native-calls:switch-table-of-prio-attribute-names
0x48ae80	140	_ZN7harvest8settings15CHarvestProfile21notifyMainAchievementEii	manual:Mac-notifyMainAchievement-without-steam
0x48af10	93	_ZN7harvest8settings15CHarvestProfile21notifyMiniAchievementEii	manual:Mac-notifyMiniAchievement
0x48af70	114	_ZN7harvest8settings15CHarvestProfile19getAchievementScoreEv	native-calls:CAchievementsScreen-setVisible-rating-title
0x48aff0	44	_ZN7harvest8settings15CHarvestProfile20getAchievementRatingEi	native-calls:CAchievementsScreen-setVisible-rating-title
0x48b020	15	_ZN7harvest8settings15CHarvestProfile18hasMainAchievementEi	native-calls:CAchievementsScreen-setVisible-main-awards
0x48b030	32	_ZN7harvest8settings15CHarvestProfile26hasMainAchievementAtPlanetEii	native-calls:CAchievementsScreen-getAwardPopup-planet-icons
0x48b050	32	_ZN7harvest8settings15CHarvestProfile18hasMiniAchievementEii	native-calls:CAchievementsScreen-setVisible-mini-awards
0x48b070	38	_ZN7harvest8settings15CHarvestProfile24isMultiPlanetAchievementEi	native-calls:CAchievementsScreen-getAwardPopup
0x48b0a0	73	_ZN7harvest8settings15CHarvestProfile14makeKeyMappingEN2ox9EKEY_CODEENS0_12EKeyCommandsE	native-calls:settings-screen-binds-key
0x48b0f0	11	_ZN7harvest8settings15CHarvestProfile16getCommandForKeyEN2ox9EKEY_CODEE	native-calls:priority-screen-key-command
0x48b100	35	_ZN7harvest8settings15CHarvestProfile16getKeyForCommandENS0_12EKeyCommandsE	native-calls:settings-screen-shows-key-bindings
0x48b130	59	_GLOBAL__I__ZN7harvest8settings15CHarvestProfileC2Ev	manual:CHarvestProfile-static-initializer
0x48b170	209	_ZN7harvest8settings15CHarvestProfileC1Ev	native-calls:profile-manager-new-profile
0x48b250	209	_ZN7harvest8settings15CHarvestProfileC2Ev	manual:second-constructor-copy
0x48b330	84	_ZN7harvest8settings15CHarvestProfileD0Ev	mac-vtable:_ZTVN7harvest8settings15CHarvestProfileE:3
0x48b390	89	_ZN7harvest8settings15CHarvestProfileD1Ev	mac-vtable:_ZTVN7harvest8settings15CHarvestProfileE:2
0x48b3f0	89	_ZN7harvest8settings15CHarvestProfileD2Ev	manual:third-destructor-copy
0x48b450	562	_ZN7harvest8settings15CHarvestProfile28parseLocalAchievementsStringEv	native-calls:verifyAttributes
0x48b690	118	_ZN7harvest8settings15CHarvestProfile11getFilenameEv	native-calls:profile-manager-deleteCurrentProfile
0x48b710	948	_ZN7harvest8settings15CHarvestProfile21parseKeyMappingStringEv	native-calls:verifyAttributes
0x48bad0	233	_ZN7harvest8settings15CHarvestProfile21returnStringAttributeEPKw	native-calls:getPlayerName
0x48bbc0	40	_ZN7harvest8settings15CHarvestProfile17getAttackPriorityEi	native-calls:returnStringAttribute-prio
0x48bbf0	19	_ZN7harvest8settings15CHarvestProfile14getPlayerGroupEv	native-calls:CHighscoreScreen-loadSummaryPage
0x48bc10	19	_ZN7harvest8settings15CHarvestProfile13getPlayerNameEv	native-calls:returnStringAttribute-profile-name
0x48bc30	305	_ZN7harvest8settings15CHarvestProfile17setAttackPriorityEiRKN2ox4core7CStringIwEE	native-calls:priority-screen-save-priorities
0x48bd70	700	_ZN7harvest8settings15CHarvestProfile21setAttackRangeMattersEib	native-calls:priority-screen-save-priorities
0x48c030	684	_ZN7harvest8settings15CHarvestProfile21getAttackRangeMattersEi	manual:Mac-getAttackRangeMatters
0x48c2e0	698	_ZN7harvest8settings15CHarvestProfile22createKeyMappingStringEv	native-calls:writeProfile
0x48c5a0	699	_ZN7harvest8settings15CHarvestProfile29createLocalAchievementsStringEv	native-calls:writeProfile
0x48c860	50	_ZN7harvest8settings15CHarvestProfile12writeProfileEv	native-calls:CConfiguration-write
0x48c8a0	265	_ZN7harvest8settings15CHarvestProfile18setStringAttributeEPKwRKN2ox4core7CStringIwEE	native-calls:setPlayerName
0x48c9b0	13	_ZN7harvest8settings15CHarvestProfile14setPlayerGroupERKN2ox4core7CStringIwEE	native-calls:setStringAttribute-profile-group
0x48c9c0	13	_ZN7harvest8settings15CHarvestProfile13setPlayerNameERKN2ox4core7CStringIwEE	native-calls:setStringAttribute-profile-name
0x48c9d0	1453	_ZN7harvest8settings15CHarvestProfile13getLocalScoreEiii	manual:Mac-getLocalScore
0x48cf80	2533	_ZN7harvest8settings15CHarvestProfile16updateLocalScoreEiiii	native-calls:getLocalScore
0x48d970	3106	_ZN7harvest8settings15CHarvestProfile24getAchievementSpriteNameEii	native-calls:CAchievementsScreen-setVisible-award-sprites
0x48e5a0	2685	_ZN7harvest8settings15CHarvestProfile16verifyAttributesEv	native-calls:openProfile
0x48f020	364	_ZN7harvest8settings15CHarvestProfile16createNewProfileERKN2ox4core7CStringIwEEPNS2_2io11IFileSystemERKNS4_IcEE	native-calls:profile-manager-createProfile
0x48f190	239	_ZN7harvest8settings15CHarvestProfile11openProfileEPN2ox2io11IFileSystemERKNS2_4core7CStringIcEE	native-calls:profile-manager-openProfile
0x48f280	205	_ZN2ox4core7CStringIwEaSIcEERS2_PKT_	manual:CString-wchar-assign-from-char-comdat-content
0x48f350	133	_ZN2ox4core7CStringIcE10reallocateEi	reloc:ox/net/CHTTPConnectionHandler.cpp:T.214
0x48f3e0	1785	_ZN2ox4core11splitStringIwEEvRNS_6TArrayINS0_7CStringIT_EEEERKS5_S9_	native-calls:getLocalScore
0x48fae0	5	_ZN7harvest8settings15CProfileManager17getCurrentProfileEv	native-calls:settings-screen-reads-current-profile
0x48faf0	49	_GLOBAL__I__ZN7harvest8settings17gp_profileManagerE	manual:CProfileManager-static-initializer
0x48fb30	18	_ZN7harvest8settings15CProfileManager19writeCurrentProfileEv	native-calls:CHarvestProfile-writeProfile
0x48fb50	412	_ZN7harvest8settings15CProfileManager11openProfileERKN2ox4core7CStringIcEE	native-calls:CHarvestProfile-openProfile
0x48fcf0	115	_ZN7harvest8settings15CProfileManager17openProfileByNameERKN2ox4core7CStringIwEE	native-calls:openProfile-by-matching-name
0x48fd70	147	_ZN7harvest8settings15CProfileManager20deleteCurrentProfileEv	native-calls:CHarvestProfile-getFilename-deleteFile
0x48fe10	190	_ZN7harvest8settings15CProfileManagerD0Ev	mac-vtable:_ZTVN7harvest8settings15CProfileManagerE:3
0x48fed0	1792	_ZN7harvest8settings15CProfileManager17createProfileListEv	manual:Mac-createProfileList
0x4905d0	49	_ZN7harvest8settings15CProfileManager15getProfileNamesEb	native-calls:createProfileList
0x490610	3869	_ZN7harvest8settings15CProfileManager13createProfileERKN2ox4core7CStringIwEE	native-calls:CHarvestProfile-createNewProfile
0x491530	383	_ZN7harvest8settings15CProfileManagerC1EPN2ox9IOxDeviceE	native-calls:harvest-main-init-creates-profiles
0x4916b0	190	_ZN7harvest8settings15CProfileManagerD1Ev	mac-vtable:_ZTVN7harvest8settings15CProfileManagerE:2
0x491770	383	_ZN7harvest8settings15CProfileManagerC2EPN2ox9IOxDeviceE	manual:second-constructor-copy
0x4918f0	190	_ZN7harvest8settings15CProfileManagerD2Ev	manual:third-destructor-copy
0x4919b0	401	_ZNSt6vectorIPN7harvest8settings12SProfileNameESaIS3_EE13_M_insert_auxEN9__gnu_cxx17__normal_iteratorIPS3_S5_EERKS3_	native-calls:profile-list-push-back
0x491b50	59	_GLOBAL__I__ZN7harvest8settings14CSavestateInfo10readHeaderEPN2ox2io9IReadFileERNS0_16SSavestateHeaderE	manual:CSavestateInfo-static-initializer
0x491b90	143	_ZN7harvest8settings14CSavestateInfo11writeHeaderEPN2ox2io10IWriteFileERKNS0_16SSavestateHeaderE	native-calls:CPlayState::writeStateToFile
0x491c20	212	_ZN7harvest8settings14CSavestateInfo10readHeaderEPN2ox2io9IReadFileERNS0_16SSavestateHeaderE	native-calls:load-save-games-reads-headers
0x491d00	5	_ZN7harvest8settings13CSystemConfig18getCurrentLanguageEv	manual:Mac-non-inline-CSystemConfig-getter
0x491d10	59	_GLOBAL__I__ZN7harvest8settings15gp_systemConfigE	manual:CSystemConfig-static-initializer-before-its-text
0x491d50	145	_ZN7harvest8settings13CSystemConfig23performOpenLanguageFileERKN2ox4core7CStringIcEE	manual:CSystemConfig-Mac-name+amd64-strings-and-calls
0x491df0	14	_ZN7harvest8settings13CSystemConfig14setScrollSpeedEf	manual:CSystemConfig-Mac-name+amd64-strings-and-calls
0x491e00	16	_ZN7harvest8settings13CSystemConfig18setParticleSettingEi	manual:CSystemConfig-Mac-name+amd64-strings-and-calls
0x491e10	16	_ZN7harvest8settings13CSystemConfig14setMusicVolumeEi	manual:CSystemConfig-Mac-name+amd64-strings-and-calls
0x491e20	16	_ZN7harvest8settings13CSystemConfig12setSfxVolumeEi	manual:CSystemConfig-Mac-name+amd64-strings-and-calls
0x491e30	18	_ZN7harvest8settings13CSystemConfig13setFullscreenEb	manual:CSystemConfig-Mac-name+amd64-strings-and-calls
0x491e50	67	_ZN7harvest8settings13CSystemConfig12setScreenResERKN2ox4core12CDimension2dIiEE	manual:CSystemConfig-Mac-name+amd64-strings-and-calls
0x491ea0	16	_ZN7harvest8settings13CSystemConfig14setShaderLevelENS0_12EShaderLevelE	manual:CSystemConfig-Mac-name+amd64-strings-and-calls
0x491eb0	18	_ZN7harvest8settings13CSystemConfig11setFirstRunEb	manual:CSystemConfig-Mac-name+amd64-strings-and-calls
0x491ed0	17	_ZN7harvest8settings13CSystemConfig14setVideoDriverEPKw	manual:CSystemConfig-Mac-name+amd64-strings-and-calls
0x491ef0	14	_ZN7harvest8settings13CSystemConfig14getScrollSpeedEv	manual:CSystemConfig-Mac-name+amd64-strings-and-calls
0x491f00	14	_ZN7harvest8settings13CSystemConfig18getParticleSettingEv	manual:CSystemConfig-Mac-name+amd64-strings-and-calls
0x491f10	14	_ZN7harvest8settings13CSystemConfig14getShaderLevelEv	manual:CSystemConfig-Mac-name+amd64-strings-and-calls
0x491f20	14	_ZN7harvest8settings13CSystemConfig14getMusicVolumeEv	manual:CSystemConfig-Mac-name+amd64-strings-and-calls
0x491f30	14	_ZN7harvest8settings13CSystemConfig12getSfxVolumeEv	manual:CSystemConfig-Mac-name+amd64-strings-and-calls
0x491f40	28	_ZN7harvest8settings13CSystemConfig13getFullscreenEv	manual:CSystemConfig-Mac-name+amd64-strings-and-calls
0x491f60	84	_ZN7harvest8settings13CSystemConfig12getScreenResEv	manual:CSystemConfig-Mac-name+amd64-strings-and-calls
0x491fc0	236	_ZN7harvest8settings13CSystemConfig13applySettingsEPN2ox9IOxDeviceE	manual:CSystemConfig-Mac-name+amd64-strings-and-calls
0x4920b0	53	_ZN7harvest8settings13CSystemConfig10isFirstRunEv	manual:CSystemConfig-Mac-name+amd64-strings-and-calls
0x4920f0	13	_ZN7harvest8settings13CSystemConfig10saveConfigEv	manual:CSystemConfig-Mac-name+amd64-strings-and-calls
0x492100	125	_ZN7harvest8settings13CSystemConfigD0Ev	mac-vtable:_ZTVN7harvest8settings13CSystemConfigE:3
0x492180	129	_ZN7harvest8settings13CSystemConfigD1Ev	mac-vtable:_ZTVN7harvest8settings13CSystemConfigE:2
0x492210	129	_ZN7harvest8settings13CSystemConfigD2Ev	manual:CSystemConfig-Mac-name+amd64-strings-and-calls
0x4922a0	114	_ZN7harvest8settings13CSystemConfig14getVideoDriverEv	manual:CSystemConfig-Mac-name+amd64-strings-and-calls
0x492320	225	_ZN7harvest8settings13CSystemConfig20getLicenseKeySettingEv	manual:CSystemConfig-Mac-name+amd64-strings-and-calls
0x492410	202	_ZN7harvest8settings13CSystemConfig19openDefaultLanguageEv	manual:CSystemConfig-Mac-name+amd64-strings-and-calls
0x4924e0	225	_ZN7harvest8settings13CSystemConfig16getRecentProfileEv	manual:CSystemConfig-Mac-name+amd64-strings-and-calls
0x4925d0	165	_ZN7harvest8settings13CSystemConfig21getCurrentLanguageTagEv	manual:CSystemConfig-Mac-name+amd64-strings-and-calls
0x492680	165	_ZN7harvest8settings13CSystemConfig29getCurrentLanguageDisplayNameEv	manual:CSystemConfig-Mac-name+amd64-strings-and-calls
0x492730	165	_ZN7harvest8settings13CSystemConfig22getCurrentLanguageNameEv	manual:CSystemConfig-Mac-name+amd64-strings-and-calls
0x4927e0	192	_ZN7harvest8settings13CSystemConfig16setRecentProfileERKN2ox4core7CStringIwEE	manual:CSystemConfig-Mac-name+amd64-strings-and-calls
0x4928a0	192	_ZN7harvest8settings13CSystemConfig20addLicenseKeySettingERKN2ox4core7CStringIwEE	manual:CSystemConfig-Mac-name+amd64-strings-and-calls
0x492960	1812	_ZN7harvest8settings13CSystemConfig15getAllLanguagesERN2ox6TArrayINS0_13SLanguageFileEEE	manual:CSystemConfig-Mac-name+amd64-strings-and-calls
0x493080	2998	_ZN7harvest8settings13CSystemConfig16getLocalizedTextEPKwz	reloc:HarvestFull/harvest/entity/CSparkProducerEntity.cpp:_ZN7harvest6entity20CSparkProducerEntity13getInfoStringEv
0x493c40	582	_ZN7harvest8settings13CSystemConfig16openLanguageFileERKN2ox4core7CStringIcEE	manual:CSystemConfig-Mac-name+amd64-strings-and-calls
0x493e90	1363	_ZN7harvest8settings13CSystemConfigC1EPN2ox2io11IFileSystemEPKc	native-calls:harvest-main-init-constructs-system-config
0x4943f0	1363	_ZN7harvest8settings13CSystemConfigC2EPN2ox2io11IFileSystemEPKc	manual:CSystemConfig-constructor-variants
0x494950	34	_ZN7harvest8settings13SLanguageFileD1Ev	manual:CSystemConfig-Mac-name+amd64-strings-and-calls
0x494980	2713	_ZN2ox4core10replaceAllIwEENS0_7CStringIT_EERKS4_S6_S6_	manual:CSystemConfig-Mac-name+amd64-strings-and-calls
0x495420	2374	_ZNSt6vectorIN7harvest8settings13SLanguageFileESaIS2_EE13_M_insert_auxEN9__gnu_cxx17__normal_iteratorIPS2_S4_EERKS2_	manual:CSystemConfig-Mac-name+amd64-strings-and-calls
0x495d70	59	_GLOBAL__I__ZN7harvest8settings13CSystemConfigC2EPN2ox2io11IFileSystemEPKc	manual:initializer-only-object-after-CSystemConfig-name-provisional
0x495db0	2	_ZN7harvest6states11CIntroState11renderFirstEv	mac-vtable:_ZTVN7harvest6states11CIntroStateE:6
0x495dc0	289	_GLOBAL__I__ZN7harvest10g_myRegKeyE	manual:CIntroState-static-initializer
0x495ef0	397	_ZN7harvest6states11CIntroState6renderEv	mac-vtable:_ZTVN7harvest6states11CIntroStateE:9
0x496080	858	_ZN7harvest6states11CIntroState7OnEventERKN2ox5event6SEventE	mac-vtable:_ZTVN7harvest6states11CIntroStateE:2
0x4963e0	395	_ZN7harvest6states11CIntroState11updateStateEf	mac-vtable:_ZTVN7harvest6states11CIntroStateE:8
0x496570	898	_ZN7harvest6states11CIntroState10secondInitEv	mac-vtable:_ZTVN7harvest6states11CIntroStateE:7
0x496900	150	_ZN7harvest6states11CIntroState9firstInitEPN2ox9IOxDeviceE	mac-vtable:_ZTVN7harvest6states11CIntroStateE:5
0x4969a0	184	_ZN7harvest6states11CIntroStateD0Ev	mac-vtable:_ZTVN7harvest6states11CIntroStateE:4
0x496a60	178	_ZN7harvest6states11CIntroStateD1Ev	mac-vtable:_ZTVN7harvest6states11CIntroStateE:3
0x496b20	178	_ZN7harvest6states11CIntroStateD2Ev	manual:CIntroState-destructor-variants
0x496be0	331	_ZN7harvest6states11CIntroStateC1Ev	native-calls:main-constructs-intro-state
0x496d30	331	_ZN7harvest6states11CIntroStateC2Ev	manual:CIntroState-constructor-variants
0x496e80	38	_ZN7harvest6states14CLoadingScreenC2Ev	manual:CLoadingScreen-constructor-variants
0x496eb0	38	_ZN7harvest6states14CLoadingScreenC1Ev	native-calls:states-construct-loading-screen
0x496ee0	34	_ZN7harvest6states14CLoadingScreenD2Ev	manual:CLoadingScreen-destructor-variants
0x496f10	34	_ZN7harvest6states14CLoadingScreenD1Ev	mac-vtable:_ZTVN7harvest6states14CLoadingScreenE:2
0x496f40	38	_GLOBAL__I__ZN7harvest6states14CLoadingScreenC2Ev	manual:CLoadingScreen-static-initializer
0x496f70	247	_ZN7harvest6states14CLoadingScreen4initEPN2ox5video12IVideoDriverE	native-calls:states-init-loading-screen
0x497070	35	_ZN7harvest6states14CLoadingScreenD0Ev	mac-vtable:_ZTVN7harvest6states14CLoadingScreenE:3
0x4970a0	1554	_ZN7harvest6states14CLoadingScreen6renderEPN2ox9IOxDeviceEPNS2_5video12IVideoDriverE	native-calls:states-render-loading-screen
0x4976c0	575	_ZN7harvest6states14CMainMenuState10realignGuiEv	manual:CMainMenuState-Mac-order-and-callers
0x497900	243	_ZN7harvest6states14CMainMenuState6renderEv	mac-vtable:_ZTVN7harvest6states14CMainMenuStateE:9
0x497a00	35	_ZN7harvest6states14CMainMenuState15hidePopupPlanetEv	manual:CMainMenuState-Mac-order-and-callers
0x497a30	82	_ZN7harvest6states14CMainMenuState16enterNeutralModeEv	manual:CMainMenuState-Mac-order-and-callers
0x497a90	320	_GLOBAL__I__ZN7harvest6states22GAME_MODE_DESCRIPTIONSE	manual:CMainMenuState-static-initializer
0x497bd0	34	_ZN7harvest6states14CMainMenuState11renderFirstEv	mac-vtable:_ZTVN7harvest6states14CMainMenuStateE:6
0x497c00	177	_ZN7harvest6states14CMainMenuState20allowPlanetSelectionEv	manual:CMainMenuState-Mac-order-and-callers
0x497cc0	26	_ZN7harvest6states14CMainMenuState23createEditProfileWindowEb	manual:CMainMenuState-calls-CProfileScreen
0x497ce0	26	_ZN7harvest6states14CMainMenuState23createProfileListWindowEv	manual:CMainMenuState-calls-CProfileScreen
0x497d00	101	_ZN7harvest6states14CMainMenuState9firstInitEPN2ox9IOxDeviceE	mac-vtable:_ZTVN7harvest6states14CMainMenuStateE:5
0x497d70	704	_ZN7harvest6states14CMainMenuStateC1Ev	native-calls:state-factory-main-menu
0x498030	704	_ZN7harvest6states14CMainMenuStateC2Ev	manual:CMainMenuState-constructor-variants
0x4982f0	46	_ZN2ox4core7CStringIwEC1Ev	manual:CMainMenuState-comdat-by-content
0x498320	467	_ZN7harvest6states14CMainMenuStateD2Ev	manual:CMainMenuState-destructor-variants
0x498500	475	_ZN7harvest6states14CMainMenuStateD0Ev	mac-vtable:_ZTVN7harvest6states14CMainMenuStateE:4
0x4986e0	467	_ZN7harvest6states14CMainMenuStateD1Ev	mac-vtable:_ZTVN7harvest6states14CMainMenuStateE:3
0x4988c0	678	_ZN7harvest6states14CMainMenuState20createDemoMessageBoxEv	manual:CMainMenuState-Mac-strings
0x498b70	775	_ZN7harvest6states14CMainMenuState24fillLayoutWithPlanetInfoEPN2ox3gui10IGUILayoutEib	manual:CMainMenuState-Mac-strings
0x498e80	291	_ZN7harvest6states14CMainMenuState17updatePopupPlanetEbRKN2ox4core11CPosition2dIiEE	manual:CMainMenuState-Mac-order-and-callers
0x498fb0	3161	_ZN7harvest6states14CMainMenuState11updateStateEf	mac-vtable:_ZTVN7harvest6states14CMainMenuStateE:8
0x499c10	6565	_ZN7harvest6states14CMainMenuState10secondInitEv	mac-vtable:_ZTVN7harvest6states14CMainMenuStateE:7
0x49b5c0	6810	_ZN7harvest6states14CMainMenuState28createLockedPlanetMessageBoxEi	manual:CMainMenuState-Mac-strings
0x49d060	1938	_ZN7harvest6states14CMainMenuState23enterGameModeSelectModeEi	manual:CMainMenuState-Mac-strings
0x49d800	324	_ZN7harvest6states14CMainMenuState21enterPlanetSelectModeEv	manual:CMainMenuState-Mac-strings
0x49d950	2049	_ZN7harvest6states14CMainMenuState24createLuaSelectionWindowEv	manual:CMainMenuState-Mac-strings
0x49e160	5013	_ZN7harvest6states14CMainMenuState7OnEventERKN2ox5event6SEventE	mac-vtable:_ZTVN7harvest6states14CMainMenuStateE:2
0x49f500	120	_ZN2ox5scene10ISceneNode18setMaterialTextureEiPNS_5video8ITextureE	manual:CMainMenuState-comdat-by-content
0x49f580	57	_ZN2ox5scene10ISceneNode15setMaterialTypeENS_5video15E_MATERIAL_TYPEE	manual:CMainMenuState-comdat-by-content
0x49f5c0	230	_ZN2ox4core7CStringIcEpLERKS2_	manual:CMainMenuState-comdat-by-content
0x49f6b0	38	_ZN7harvest6states29displayThreatLevelForGameModeEi	manual:Mac-symbol+game-mode-bit-test
0x49f6e0	286	_ZN7harvest6states10CPlayState20getPopupForGuiButtonEPKw	manual:Mac-getPopupForGuiButton-Tooltip-frame
0x49f800	2	_ZN7harvest6states10CPlayState13toggleMenuPosEv	manual:Mac-empty-toggleMenuPos
0x49f810	356	_ZN7harvest6states10CPlayState16renderWaveButtonEPN2ox3gui11IGUIElementEiiPbRKNS2_4core7CStringIwEE	manual:Mac-symbol-and-Linux-calls
0x49f980	85	_ZN7harvest6states10CPlayState11getViewSizeEv	manual:Mac-getViewSize-screen-minus-bottom-sprite
0x49f9e0	6	_ZThn72_N7harvest6states10CPlayState17playParticleSoundEPKcRKN2ox4core9CVector3dIfEE	manual:non-virtual-thunk-adjusts-by-0x48
0x49f9f0	177	_ZN7harvest6states10CPlayState17playParticleSoundEPKcRKN2ox4core9CVector3dIfEE	mac-vtable:_ZTVN7harvest6states10CPlayStateE:12
0x49fab0	38	_ZN7harvest6states10CPlayState11getWorldPosEN2ox4core11CPosition2dIiEE	manual:Mac-getWorldPos-adds-view-position
0x49fae0	18	_ZN7harvest6states10CPlayState15isMultiSelectedEv	manual:Mac-isMultiSelected-vector-not-empty
0x49fb00	169	_GLOBAL__I__ZN7harvest6states10CPlayState6m_keysE	manual:CPlayState-static-initializer-colors
0x49fbb0	184	_ZN7harvest6states10CPlayState15playPlanetMusicEv	manual:Mac-playPlanetMusic-strings
0x49fc70	66	_ZN7harvest6states10CPlayState26placeCurrentAlienSelectionERKN2ox4core11CPosition2dIfEE	manual:Mac-addAlien-hookAlienSpawned
0x49fcc0	178	_ZN7harvest6states10CPlayState19clearSelectedEntityEv	manual:Mac-clearSelectedEntity-updateSelectedBuilding
0x49fd80	80	_ZN7harvest6states10CPlayState19setPlaceAlienActionEi	manual:Mac-action-3
0x49fdd0	46	_ZN7harvest6states10CPlayState16setRecycleActionEv	manual:Mac-action-2
0x49fe00	110	_ZN7harvest6states10CPlayState13setNoneActionEb	manual:Mac-action-0
0x49fe70	138	_ZN7harvest6states10CPlayState14setBuildActionEi	manual:Mac-action-1-getBuildingInfo
0x49ff00	432	_ZN7harvest6states10CPlayState17renderRangeCircleERKN2ox4core11CPosition2dIfEEfNS2_5video6SColorERKNS3_5CRectIiEE	manual:Mac-symbol-and-Linux-calls
0x4a00b0	424	_ZN7harvest6states10CPlayState26renderRangeCircleForEntityEPN2ox6entity9COxEntityERKNS2_4core5CRectIiEE	manual:Mac-symbol-and-Linux-calls
0x4a0260	161	_ZN7harvest6states10CPlayState21updateRecycleBuildingEv	manual:Mac-symbol-and-Linux-calls
0x4a0310	427	_ZN7harvest6states10CPlayState23updatePlacementPositionEv	manual:Mac-symbol-and-Linux-calls
0x4a04c0	303	_ZN7harvest6states10CPlayState26makeSelectedDeathstarTowerEv	manual:Mac-symbol-and-Linux-calls
0x4a05f0	302	_ZN7harvest6states10CPlayState28unmakeSelectedDeathstarTowerEv	manual:Mac-symbol-and-Linux-calls
0x4a0720	159	_ZN7harvest6states10CPlayState11addInfoLineEPNS_4game16SInfoLineMessageEb	manual:Mac-addInfoLine-message-ogg
0x4a07c0	26	_ZN7harvest6states10CPlayState11addInfoLineERKN2ox4core7CStringIwEE	manual:Mac-addInfoLine-text
0x4a07e0	43	_ZN7harvest6states10CPlayState27changeConstructionSelectionEb	manual:Mac-changeConstructionSelection
0x4a0810	6	_ZThn72_N7harvest6states10CPlayState17addParticleEntityEPN2ox5video14IParticleStateERKNS2_4core9CVector3dIfEE	manual:non-virtual-thunk-adjusts-by-0x48
0x4a0820	369	_ZN7harvest6states10CPlayState17addParticleEntityEPN2ox5video14IParticleStateERKNS2_4core9CVector3dIfEE	mac-vtable:_ZTVN7harvest6states10CPlayStateE:10
0x4a09a0	34	_ZN7harvest6states10CPlayState11renderFirstEv	mac-vtable:_ZTVN7harvest6states10CPlayStateE:6
0x4a09d0	129	_ZN7harvest6states10CPlayState9firstInitEPN2ox9IOxDeviceE	mac-vtable:_ZTVN7harvest6states10CPlayStateE:5
0x4a0a60	44	_ZN7harvest6states23displayTimerForGameModeEi	manual:Mac-displayTimerForGameMode-isTimerVisible
0x4a0a90	386	_ZN7harvest6states10CPlayState10sellEntityEPNS_6entity7CEntityE	manual:Mac-symbol-and-Linux-calls
0x4a0c20	135	_ZN7harvest6states10CPlayState17sellAllHarvestersEv	manual:Mac-symbol-and-Linux-calls
0x4a0cb0	337	_ZN7harvest6states10CPlayState23replaceSelectedProducerEi	manual:Mac-symbol-and-Linux-calls
0x4a0e10	319	_ZN7harvest6states10CPlayState28replaceSelectedMissileTurretEi	manual:Mac-symbol-and-Linux-calls
0x4a0f50	410	_ZN7harvest6states10CPlayState25buyBuildingAtPlacementPosEv	manual:Mac-symbol-and-Linux-calls
0x4a10f0	110	_ZN7harvest6states10CPlayState12setGameSpeedEi	manual:Mac-setGameSpeed-GAME_SPEED_NAMES
0x4a1160	89	_ZN7harvest6states10CPlayState11togglePauseEv	manual:Mac-togglePause
0x4a11c0	293	_ZN7harvest6states10CPlayState23replaceBuildingWithTypeEPNS_6entity7CEntityEPKc	manual:Mac-symbol-and-Linux-calls
0x4a12f0	2092	_ZN7harvest6states10CPlayStateC2Ev	manual:duplicate-of-C1-constructor
0x4a1b20	2092	_ZN7harvest6states10CPlayStateC1Ev	native-calls:state-factory-play
0x4a2350	243	_ZN7harvest6states10CPlayState14addToSelectionEPNS_6entity7CEntityE	manual:Mac-symbol-and-Linux-calls
0x4a2450	296	_ZN7harvest6states10CPlayState16eraseGameObjectsEv	manual:Mac-symbol-and-Linux-calls
0x4a2580	2231	_ZN7harvest6states10CPlayState17readStateFromFileEPKc	manual:Mac-symbol-and-Linux-calls
0x4a2e40	2830	_ZN7harvest6states10CPlayState22getPopupForBuildButtonEPKwS3_ii	manual:Mac-symbol-and-Linux-calls
0x4a3950	2462	_ZN7harvest6states10CPlayState17newSelectedEntityEv	manual:Mac-symbol-and-Linux-calls
0x4a42f0	725	_ZN7harvest6states10CPlayState25performRectangleSelectionEN2ox4core11CPosition2dIfEES5_bi	manual:Mac-symbol-and-Linux-calls
0x4a45d0	310	_ZN7harvest6states10CPlayState21buildingShiftSelectedEPNS_6entity7CEntityE	manual:Mac-symbol-and-Linux-calls
0x4a4710	203	_ZN7harvest6states10CPlayState30updateMultiSelectionReferencesEv	manual:Mac-symbol-and-Linux-calls
0x4a47e0	1567	_ZN7harvest6states10CPlayState16writeStateToFileEPKcPKw	manual:Mac-symbol-and-Linux-calls
0x4a4e00	1244	_ZN7harvest6states10CPlayStateD2Ev	manual:base-destructor-before-D0-D1
0x4a52e0	1255	_ZN7harvest6states10CPlayStateD0Ev	mac-vtable:_ZTVN7harvest6states10CPlayStateE:4
0x4a57d0	1244	_ZN7harvest6states10CPlayStateD1Ev	mac-vtable:_ZTVN7harvest6states10CPlayStateE:3
0x4a5cb0	6047	_ZN7harvest6states10CPlayState13renderMinimapEv	manual:Mac-symbol-and-Linux-calls
0x4a7450	1554	_ZN7harvest6states10CPlayState19loadWaveListSpritesEv	manual:Mac-symbol-and-Linux-calls
0x4a7a70	1603	_ZN7harvest6states10CPlayState21setCreativeListToggleEb	manual:Mac-symbol-and-Linux-calls
0x4a80c0	19	_ZN7harvest6states10CPlayState18toggleCreativeListEv	manual:Mac-toggleCreativeList-reads-0x7a9
0x4a80e0	1499	_ZN7harvest6states10CPlayState17setWaveListToggleEb	manual:Mac-symbol-and-Linux-calls
0x4a86c0	19	_ZN7harvest6states10CPlayState14toggleWaveListEv	manual:Mac-toggleWaveList-reads-0x7a8
0x4a86e0	3906	_ZN7harvest6states10CPlayState10realignGuiEv	manual:Mac-symbol-and-Linux-calls
0x4a9630	14253	_ZN7harvest6states10CPlayState6renderEv	mac-vtable:_ZTVN7harvest6states10CPlayStateE:9
0x4acde0	741	_ZN7harvest6states10CPlayState26displayInsaneRewardMessageEv	manual:Mac-symbol-and-Linux-calls
0x4ad0d0	896	_ZN7harvest6states10CPlayState20displayRecordMessageEib	manual:Mac-symbol-and-Linux-calls
0x4ad450	1252	_ZN7harvest6states10CPlayState25displayTimeVictoryMessageEv	manual:Mac-symbol-and-Linux-calls
0x4ad940	2253	_ZN7harvest6states10CPlayState21displayWelcomeMessageEv	manual:Mac-symbol-and-Linux-calls
0x4ae210	2466	_ZN7harvest6states10CPlayState17initializeNewGameEv	manual:Mac-symbol-and-Linux-calls
0x4aebc0	11813	_ZN7harvest6states10CPlayState10secondInitEv	mac-vtable:_ZTVN7harvest6states10CPlayStateE:7
0x4b19f0	1003	_ZN7harvest6states10CPlayState15launchWaveLevelEi	manual:Mac-symbol-and-Linux-calls
0x4b1de0	13487	_ZN7harvest6states10CPlayState7OnEventERKN2ox5event6SEventE	mac-vtable:_ZTVN7harvest6states10CPlayStateE:2
0x4b5290	1098	_ZN7harvest6states10CPlayState15checkWaveRewardEv	manual:Mac-symbol-and-Linux-calls
0x4b56e0	7474	_ZN7harvest6states10CPlayState11updateStateEf	mac-vtable:_ZTVN7harvest6states10CPlayStateE:8
0x4b7420	2	_ZN2ox5video23IParticleEngineCallback17playParticleSoundEPKcRKNS_4core9CVector3dIfEE	mac-vtable:_ZTVN2ox5video23IParticleEngineCallbackE:4
0x4b7430	6	_ZThn72_N7harvest6states10CPlayState19getOnDieMarkerAtPosERKN2ox4core9CVector3dIfEE	manual:non-virtual-thunk-adjusts-by-0x48
0x4b7440	3	_ZN7harvest6states10CPlayState19getOnDieMarkerAtPosERKN2ox4core9CVector3dIfEE	mac-vtable:_ZTVN7harvest6states10CPlayStateE:11
0x4b7450	56	_ZN7harvest15sendCustomEventENS_13ECUSTOM_EVENTEi	manual:inline-user-event-COMDAT-UserData1-and-UserData2
0x4b7490	34	_ZN7harvest4game10setCreditsEi	manual:inline-credit-setter-COMDAT-sets-both-hidden-ints
0x4b74c0	226	_ZN7harvest4game16SInfoLineMessageC1Ev	native-calls:CPlayState-OnEvent-implicit-message-constructor
0x4b75b0	6	_ZThn72_NK7harvest6states17CShuttleRaceState13getDoodadSeedEv	manual:vtable-thunk-IScenario-slot
0x4b75c0	6	_ZNK7harvest6states17CShuttleRaceState13getDoodadSeedEv	mac-vtable:_ZTVN7harvest6states17CShuttleRaceStateE:13
0x4b75d0	309	_ZN7harvest6states17CShuttleRaceState7OnEventERKN2ox5event6SEventE	mac-vtable:_ZTVN7harvest6states17CShuttleRaceStateE:2
0x4b7710	38	_ZN7harvest6states17CShuttleRaceState11getWorldPosEN2ox4core11CPosition2dIiEE	manual:Mac-symbol-order-and-ViewPositions-reads
0x4b7740	6	_ZThn80_N7harvest6states17CShuttleRaceState17playParticleSoundEPKcRKN2ox4core9CVector3dIfEE	manual:vtable-thunk-IParticleEngineCallback-slot
0x4b7750	42	_ZN7harvest6states17CShuttleRaceState17playParticleSoundEPKcRKN2ox4core9CVector3dIfEE	mac-vtable:_ZTVN7harvest6states17CShuttleRaceStateE:12
0x4b7780	339	_GLOBAL__I__ZNK7harvest6states17CShuttleRaceState13getDoodadSeedEv	manual:CShuttleRaceState-static-initializer
0x4b78e0	6	_ZThn80_N7harvest6states17CShuttleRaceState17addParticleEntityEPN2ox5video14IParticleStateERKNS2_4core9CVector3dIfEE	manual:vtable-thunk-IParticleEngineCallback-slot
0x4b78f0	425	_ZN7harvest6states17CShuttleRaceState17addParticleEntityEPN2ox5video14IParticleStateERKNS2_4core9CVector3dIfEE	mac-vtable:_ZTVN7harvest6states17CShuttleRaceStateE:10
0x4b7aa0	34	_ZN7harvest6states17CShuttleRaceState11renderFirstEv	mac-vtable:_ZTVN7harvest6states17CShuttleRaceStateE:6
0x4b7ad0	6	_ZThn72_N7harvest6states17CShuttleRaceState22applyInitialExpansionsEPNS_4game6CWorldE	manual:vtable-thunk-IScenario-slot
0x4b7ae0	119	_ZN7harvest6states17CShuttleRaceState22applyInitialExpansionsEPNS_4game6CWorldE	mac-vtable:_ZTVN7harvest6states17CShuttleRaceStateE:14
0x4b7b60	1989	_ZN7harvest6states17CShuttleRaceState10secondInitEv	mac-vtable:_ZTVN7harvest6states17CShuttleRaceStateE:7
0x4b8330	127	_ZN7harvest6states17CShuttleRaceState9firstInitEPN2ox9IOxDeviceE	mac-vtable:_ZTVN7harvest6states17CShuttleRaceStateE:5
0x4b83b0	634	_ZN7harvest6states17CShuttleRaceStateC1Ev	native-calls:state-factory-shuttle-race
0x4b8630	634	_ZN7harvest6states17CShuttleRaceStateC2Ev	manual:CShuttleRaceState-constructor-variants
0x4b88b0	1610	_ZN7harvest6states17CShuttleRaceState11updateStateEf	mac-vtable:_ZTVN7harvest6states17CShuttleRaceStateE:8
0x4b8f00	6	_ZThn72_N7harvest6states17CShuttleRaceStateD0Ev	manual:vtable-thunk-IScenario-slot
0x4b8f10	341	_ZN7harvest6states17CShuttleRaceStateD0Ev	mac-vtable:_ZTVN7harvest6states17CShuttleRaceStateE:4
0x4b9070	6	_ZThn72_N7harvest6states17CShuttleRaceStateD1Ev	manual:vtable-thunk-IScenario-slot
0x4b9080	333	_ZN7harvest6states17CShuttleRaceStateD1Ev	mac-vtable:_ZTVN7harvest6states17CShuttleRaceStateE:3
0x4b91d0	333	_ZN7harvest6states17CShuttleRaceStateD2Ev	manual:CShuttleRaceState-destructor-variants
0x4b9320	6516	_ZN7harvest6states17CShuttleRaceState6renderEv	mac-vtable:_ZTVN7harvest6states17CShuttleRaceStateE:9
0x4baca0	6	_ZThn80_N7harvest6states17CShuttleRaceState19getOnDieMarkerAtPosERKN2ox4core9CVector3dIfEE	manual:vtable-thunk-IParticleEngineCallback-slot
0x4bacb0	3	_ZN7harvest6states17CShuttleRaceState19getOnDieMarkerAtPosERKN2ox4core9CVector3dIfEE	mac-vtable:_ZTVN7harvest6states17CShuttleRaceStateE:11
0x4bc330	108	createDevice	native-calls:harvest-main-init-creates-device
0x4bcf40	2	_ZN5daisy14CIrrDeviceStub10moveWindowEii	mac-vtable:_ZTVN5daisy14CIrrDeviceStubE:22
0x4bd090	8	_ZN2ox3gui14ICursorControlD1Ev	mac-vtable:_ZTVN2ox3gui14ICursorControlE:2
0x4bd0a0	12	_ZN2ox3gui14ICursorControlD0Ev	mac-vtable:_ZTVN2ox3gui14ICursorControlE:3
0x4bd0b0	5	_ZN5daisy14CIrrDeviceStub14getVideoDriverEv	mac-vtable:_ZTVN5daisy14CIrrDeviceStubE:10
0x4bd0c0	5	_ZN5daisy14CIrrDeviceStub13getFileSystemEv	mac-vtable:_ZTVN5daisy14CIrrDeviceStubE:13
0x4bd0d0	5	_ZN5daisy14CIrrDeviceStub17getGUIEnvironmentEv	mac-vtable:_ZTVN5daisy14CIrrDeviceStubE:14
0x4bd0e0	5	_ZN5daisy14CIrrDeviceStub15getSceneManagerEv	mac-vtable:_ZTVN5daisy14CIrrDeviceStubE:15
0x4bd0f0	5	_ZN5daisy14CIrrDeviceStub8getTimerEv	mac-vtable:_ZTVN5daisy14CIrrDeviceStubE:20
0x4bd100	6	_ZN5daisy14CIrrDeviceStub10getVersionEv	mac-vtable:_ZTVN5daisy14CIrrDeviceStubE:25
0x4bd110	5	_ZN5daisy14CIrrDeviceStub16getCursorControlEv	mac-vtable:_ZTVN5daisy14CIrrDeviceStubE:16
0x4bd120	5	_ZN5daisy14CIrrDeviceStub16getVideoModeListEv	mac-vtable:_ZTVN5daisy14CIrrDeviceStubE:18
0x4bd1f0	8	_ZN5daisy14CIrrDeviceStub9getLoggerEv	mac-vtable:_ZTVN5daisy14CIrrDeviceStubE:17
0x4bd200	8	_ZN5daisy14CIrrDeviceStub13getOSOperatorEv	mac-vtable:_ZTVN5daisy14CIrrDeviceStubE:19
0x4bd210	2	_ZN5daisy14CIrrDeviceStub13setResizeAbleEb	mac-vtable:_ZTVN5daisy14CIrrDeviceStubE:31
0x4bd220	11	_ZN5daisy14CIrrDeviceStub21setAcceptsDragAndDropEN2ox5event11E_DRAG_TYPEEb	mac-vtable:_ZTVN5daisy14CIrrDeviceStubE:27
0x4bd230	12	_ZN5daisy14CIrrDeviceStub21getAcceptsDragAndDropEN2ox5event11E_DRAG_TYPEE	mac-vtable:_ZTVN5daisy14CIrrDeviceStubE:28
0x4bd240	62	_ZN5daisy14CIrrDeviceStub18pollNetworkDevicesEv	mac-vtable:_ZTVN5daisy14CIrrDeviceStubE:36
0x4bd280	28	_ZN5daisy14CIrrDeviceStub14getAudioDriverEv	mac-vtable:_ZTVN5daisy14CIrrDeviceStubE:37
0x4bd2a0	28	_ZN5daisy14CIrrDeviceStub17getJoystickDriverEv	mac-vtable:_ZTVN5daisy14CIrrDeviceStubE:38
0x4bd2c0	2	_ZN5daisy14CIrrDeviceStub14initThreadPoolEj	mac-vtable:_ZTVN5daisy14CIrrDeviceStubE:39
0x4bd300	37	_ZN5daisy14CIrrDeviceStub13getThreadPoolEv	mac-vtable:_ZTVN5daisy14CIrrDeviceStubE:40
0x4bd360	95	_ZN5daisy14CIrrDeviceStub16setEventReceiverEPN2ox5event14IEventReceiverE	mac-vtable:_ZTVN5daisy14CIrrDeviceStubE:26
0x4bd3c0	396	_ZN5daisy14CIrrDeviceStub16getNetworkDeviceEPKc	mac-vtable:_ZTVN5daisy14CIrrDeviceStubE:34
0x4bd550	535	_ZN5daisy14CIrrDeviceStub19removeNetworkDeviceEPKc	mac-vtable:_ZTVN5daisy14CIrrDeviceStubE:35
0x4bd770	128	_ZN5daisy14CIrrDeviceStub17createGUIAndSceneEv	mac-vtable:_ZTVN5daisy14CIrrDeviceStubE:32
0x4bd7f0	625	_ZN5daisy14CIrrDeviceStubD0Ev	mac-vtable:_ZTVN5daisy14CIrrDeviceStubE:3
0x4bda70	618	_ZN5daisy14CIrrDeviceStubD1Ev	mac-vtable:_ZTVN5daisy14CIrrDeviceStubE:2
0x4bdf50	663	_ZN5daisy14CIrrDeviceStub29setAcceptsDragAndDropFileTypeEPKcb	mac-vtable:_ZTVN5daisy14CIrrDeviceStubE:29
0x4be1f0	663	_ZN5daisy14CIrrDeviceStub29getAcceptsDragAndDropFileTypeEPKc	mac-vtable:_ZTVN5daisy14CIrrDeviceStubE:30
0x4bf550	683	_ZN5daisy14CIrrDeviceStub19createNetworkDeviceEPKci	mac-vtable:_ZTVN5daisy14CIrrDeviceStubE:33
0x4bf800	8	_ZN2ox5input15IJoystickDriverD1Ev	mac-vtable:_ZTVN2ox5input15IJoystickDriverE:2
0x4bf810	8	_ZN2ox9IOxDeviceD1Ev	mac-vtable:_ZTVN2ox9IOxDeviceE:2
0x4bf820	8	_ZN5daisy12IDaisyDeviceD1Ev	mac-vtable:_ZTVN5daisy12IDaisyDeviceE:2
0x4bf840	16	_ZN5daisy6ITimerD1Ev	mac-vtable:_ZTVN5daisy6ITimerE:4
0x4bf850	3	_ZN5daisy14CIrrDeviceStub17setFullscreenModeEb	mac-vtable:_ZTVN5daisy14CIrrDeviceStubE:11
0x4bf870	16	_ZN5daisy6CTimerD1Ev	mac-vtable:_ZTVN5daisy6CTimerE:4
0x4bf880	12	_ZN2ox5input15IJoystickDriverD0Ev	mac-vtable:_ZTVN2ox5input15IJoystickDriverE:3
0x4bf890	12	_ZN5daisy12IDaisyDeviceD0Ev	mac-vtable:_ZTVN5daisy12IDaisyDeviceE:3
0x4bf8a0	12	_ZN2ox9IOxDeviceD0Ev	mac-vtable:_ZTVN2ox9IOxDeviceE:3
0x4bf8c0	20	_ZN5daisy6ITimerD0Ev	mac-vtable:_ZTVN5daisy6ITimerE:5
0x4bf8f0	20	_ZN5daisy6CTimerD0Ev	mac-vtable:_ZTVN5daisy6CTimerE:5
0x4bf910	5	_ZN5daisy6CTimer12getFloatTimeEv	mac-vtable:_ZTVN5daisy6CTimerE:3
0x4bf920	5	_ZN5daisy6CTimer7getTimeEv	mac-vtable:_ZTVN5daisy6CTimerE:2
0x4c1150	8	_ZN2ox11IOSOperatorD1Ev	mac-vtable:_ZTVN2ox11IOSOperatorE:2
0x4c1160	12	_ZN2ox11IOSOperatorD0Ev	mac-vtable:_ZTVN2ox11IOSOperatorE:3
0x4c1170	4	_ZN5daisy7CLogger11getLogLevelEv	mac-vtable:_ZTVN5daisy7CLoggerE:4
0x4c1180	4	_ZN5daisy7CLogger11setLogLevelEN2ox5event10ELOG_LEVELE	mac-vtable:_ZTVN5daisy7CLoggerE:5
0x4c11d0	477	_ZN5daisy7CLogger11logWithInfoEPKwS2_iN2ox5event10ELOG_LEVELEz	mac-vtable:_ZTVN5daisy7CLoggerE:10
0x4c13b0	164	_ZN5daisy7CLogger3logEPKwN2ox5event10ELOG_LEVELEz	mac-vtable:_ZTVN5daisy7CLoggerE:9
0x4c1460	174	_ZN5daisy7CLogger3logEPKcN2ox5event10ELOG_LEVELEz	mac-vtable:_ZTVN5daisy7CLoggerE:8
0x4c1590	898	_ZN5daisy7CLogger3logEPKcS2_N2ox5event10ELOG_LEVELE	mac-vtable:_ZTVN5daisy7CLoggerE:6
0x4c1920	1247	_ZN5daisy7CLogger3logEPKwS2_N2ox5event10ELOG_LEVELE	mac-vtable:_ZTVN5daisy7CLoggerE:7
0x4c1e00	8	_ZN2ox5event7ILoggerD1Ev	mac-vtable:_ZTVN2ox5event7ILoggerE:2
0x4c1e10	44	_ZN5daisy7CLoggerD1Ev	mac-vtable:_ZTVN5daisy7CLoggerE:2
0x4c1e40	51	_ZN5daisy7CLoggerD0Ev	mac-vtable:_ZTVN5daisy7CLoggerE:3
0x4c1e80	12	_ZN2ox5event7ILoggerD0Ev	mac-vtable:_ZTVN2ox5event7ILoggerE:3
0x4c21c0	8	_ZN5daisy5scene13CSceneManager14getVideoDriverEv	mac-vtable:_ZTVN5daisy5scene13CSceneManagerE:5
0x4c21d0	200	_ZN5daisy5scene13CSceneManager19addOctTreeSceneNodeEPN2ox5scene13IAnimatedMeshEPNS3_10ISceneNodeEii	mac-vtable:_ZTVN5daisy5scene13CSceneManagerE:11
0x4c22a0	5	_ZN5daisy5scene13CSceneManager16getRootSceneNodeEv	mac-vtable:_ZTVN5daisy5scene13CSceneManagerE:26
0x4c22b0	8	_ZN5daisy5scene13CSceneManager15getActiveCameraEv	mac-vtable:_ZTVN5daisy5scene13CSceneManagerE:28
0x4c22d0	2	_ZN5daisy5scene13CSceneManager6renderEv	mac-vtable:_ZTVN5daisy5scene13CSceneManagerE:52
0x4c22f0	3	_ZNK5daisy5scene13CSceneManager14getBoundingBoxEv	mac-vtable:_ZTVN5daisy5scene13CSceneManagerE:53
0x4c2550	7	_ZN5daisy5scene13CSceneManager14setShadowColorEN2ox5video6SColorE	mac-vtable:_ZTVN5daisy5scene13CSceneManagerE:30
0x4c2560	7	_ZNK5daisy5scene13CSceneManager14getShadowColorEv	mac-vtable:_ZTVN5daisy5scene13CSceneManagerE:31
0x4c2570	8	_ZN5daisy5scene13CSceneManager24getSceneCollisionManagerEv	mac-vtable:_ZTVN5daisy5scene13CSceneManagerE:46
0x4c2580	8	_ZN5daisy5scene13CSceneManager18getMeshManipulatorEv	mac-vtable:_ZTVN5daisy5scene13CSceneManagerE:47
0x4c2590	190	_ZN5daisy5scene13CSceneManager18getSceneNodeFromIdEiPN2ox5scene10ISceneNodeE	mac-vtable:_ZTVN5daisy5scene13CSceneManagerE:27
0x4c2650	42	_ZN5daisy5scene13CSceneManager17postEventFromUserEN2ox5event6SEventE	mac-vtable:_ZTVN5daisy5scene13CSceneManagerE:49
0x4c2680	12	_ZN5daisy5scene13CSceneManager5clearEv	mac-vtable:_ZTVN5daisy5scene13CSceneManagerE:50
0x4c26c0	61	_ZN5daisy5scene13CSceneManager26createMetaTriangleSelectorEv	mac-vtable:_ZTVN5daisy5scene13CSceneManagerE:44
0x4c2700	113	_ZN5daisy5scene13CSceneManager29createOctTreeTriangleSelectorEPN2ox5scene5IMeshEPNS3_10ISceneNodeEi	mac-vtable:_ZTVN5daisy5scene13CSceneManagerE:43
0x4c2780	85	_ZN5daisy5scene13CSceneManager37createTriangleSelectorFromBoundingBoxEPN2ox5scene10ISceneNodeE	mac-vtable:_ZTVN5daisy5scene13CSceneManagerE:42
0x4c27e0	103	_ZN5daisy5scene13CSceneManager22createTriangleSelectorEPN2ox5scene5IMeshEPNS3_10ISceneNodeE	mac-vtable:_ZTVN5daisy5scene13CSceneManagerE:41
0x4c2850	114	_ZN5daisy5scene13CSceneManager26createFollowSplineAnimatorEiRKN2ox6TArrayINS2_4core9CVector3dIfEEEEff	mac-vtable:_ZTVN5daisy5scene13CSceneManagerE:40
0x4c28d0	180	_ZN5daisy5scene13CSceneManager31createCollisionResponseAnimatorEPN2ox5scene17ITriangleSelectorEPNS3_10ISceneNodeERKNS2_4core9CVector3dIfEESC_fSC_f	mac-vtable:_ZTVN5daisy5scene13CSceneManagerE:39
0x4c2990	114	_ZN5daisy5scene13CSceneManager20createDeleteAnimatorEj	mac-vtable:_ZTVN5daisy5scene13CSceneManagerE:38
0x4c2a10	131	_ZN5daisy5scene13CSceneManager21createTextureAnimatorERKN2ox6TArrayIPNS2_5video8ITextureEEEib	mac-vtable:_ZTVN5daisy5scene13CSceneManagerE:37
0x4c2aa0	148	_ZN5daisy5scene13CSceneManager25createFlyStraightAnimatorERKN2ox4core9CVector3dIfEES7_jb	mac-vtable:_ZTVN5daisy5scene13CSceneManagerE:36
0x4c2b40	119	_ZN5daisy5scene13CSceneManager23createFlyCircleAnimatorERKN2ox4core9CVector3dIfEEff	mac-vtable:_ZTVN5daisy5scene13CSceneManagerE:35
0x4c2bc0	96	_ZN5daisy5scene13CSceneManager22createRotationAnimatorERKN2ox4core9CVector3dIfEE	mac-vtable:_ZTVN5daisy5scene13CSceneManagerE:34
0x4c3000	716	_ZN5daisy5scene13CSceneManager7drawAllEv	mac-vtable:_ZTVN5daisy5scene13CSceneManagerE:33
0x4c32d0	182	_ZN5daisy5scene13CSceneManager15removeAllMeshesEv	mac-vtable:_ZTVN5daisy5scene13CSceneManagerE:51
0x4c33a0	133	_ZN5daisy5scene13CSceneManager9removeAllEv	mac-vtable:_ZTVN5daisy5scene13CSceneManagerE:54
0x4c3430	321	_ZN5daisy5scene13CSceneManager19addTerrainSceneNodeEPN2ox5scene10ISceneNodeEiPNS2_5video6IImageES8_PNS6_8ITextureERKNS2_4core12CDimension2dIfEEfRKNSC_IiEE	mac-vtable:_ZTVN5daisy5scene13CSceneManagerE:20
0x4c3580	200	_ZN5daisy5scene13CSceneManager26addParticleSystemSceneNodeEbPN2ox5scene10ISceneNodeEiRKNS2_4core9CVector3dIfEESA_SA_	mac-vtable:_ZTVN5daisy5scene13CSceneManagerE:19
0x4c3650	221	_ZN5daisy5scene13CSceneManager18addSkyBoxSceneNodeEPN2ox5video8ITextureES5_S5_S5_S5_S5_PNS2_5scene10ISceneNodeEi	mac-vtable:_ZTVN5daisy5scene13CSceneManagerE:18
0x4c3730	175	_ZN5daisy5scene13CSceneManager21addBillboardSceneNodeEPN2ox5scene10ISceneNodeERKNS2_4core12CDimension2dIfEERKNS6_9CVector3dIfEEi	mac-vtable:_ZTVN5daisy5scene13CSceneManagerE:17
0x4c37e0	193	_ZN5daisy5scene13CSceneManager17addLightSceneNodeEPN2ox5scene10ISceneNodeERKNS2_4core9CVector3dIfEENS2_5video7SColorfEfi	mac-vtable:_ZTVN5daisy5scene13CSceneManagerE:16
0x4c38b0	223	_ZN5daisy5scene13CSceneManager21addCameraSceneNodeFPSEPN2ox5scene10ISceneNodeEffiPNS_7SKeyMapEi	mac-vtable:_ZTVN5daisy5scene13CSceneManagerE:15
0x4c3990	193	_ZN5daisy5scene13CSceneManager22addCameraSceneNodeMayaEPN2ox5scene10ISceneNodeEfffi	mac-vtable:_ZTVN5daisy5scene13CSceneManagerE:14
0x4c3a60	191	_ZN5daisy5scene13CSceneManager18addCameraSceneNodeEPN2ox5scene10ISceneNodeERKNS2_4core9CVector3dIfEESA_i	mac-vtable:_ZTVN5daisy5scene13CSceneManagerE:13
0x4c3b20	201	_ZN5daisy5scene13CSceneManager16addTestSceneNodeEfPN2ox5scene10ISceneNodeEiRKNS2_4core9CVector3dIfEESA_SA_	mac-vtable:_ZTVN5daisy5scene13CSceneManagerE:6
0x4c3bf0	143	_ZN5daisy5scene13CSceneManager31addDummyTransformationSceneNodeEPN2ox5scene10ISceneNodeEi	mac-vtable:_ZTVN5daisy5scene13CSceneManagerE:22
0x4c3c80	143	_ZN5daisy5scene13CSceneManager17addEmptySceneNodeEPN2ox5scene10ISceneNodeEi	mac-vtable:_ZTVN5daisy5scene13CSceneManagerE:21
0x4c3d10	207	_ZN5daisy5scene13CSceneManager16addMeshSceneNodeEPN2ox5scene5IMeshEPNS3_10ISceneNodeEiRKNS2_4core9CVector3dIfEESC_SC_	mac-vtable:_ZTVN5daisy5scene13CSceneManagerE:8
0x4c3de0	227	_ZN5daisy5scene13CSceneManager16addTextSceneNodeEPN2ox3gui8IGUIFontEPKwNS2_5video6SColorEPNS2_5scene10ISceneNodeERKNS2_4core9CVector3dIfEEi	mac-vtable:_ZTVN5daisy5scene13CSceneManagerE:23
0x4c3ed0	184	_ZN5daisy5scene13CSceneManager19addOctTreeSceneNodeEPN2ox5scene5IMeshEPNS3_10ISceneNodeEii	mac-vtable:_ZTVN5daisy5scene13CSceneManagerE:12
0x4c3f90	173	_ZN5daisy5scene13CSceneManager19addBspTreeSceneNodeEPN2ox5scene5IMeshEPNS3_10ISceneNodeEi	mac-vtable:_ZTVN5daisy5scene13CSceneManagerE:10
0x4c4040	207	_ZN5daisy5scene13CSceneManager24addAnimatedMeshSceneNodeEPN2ox5scene13IAnimatedMeshEPNS3_10ISceneNodeEiRKNS2_4core9CVector3dIfEESC_SC_	mac-vtable:_ZTVN5daisy5scene13CSceneManagerE:7
0x4c4110	259	_ZN5daisy5scene13CSceneManager24addWaterSurfaceSceneNodeEPN2ox5scene5IMeshEfffPNS3_10ISceneNodeEiRKNS2_4core9CVector3dIfEESC_SC_	mac-vtable:_ZTVN5daisy5scene13CSceneManagerE:9
0x4c4220	94	_ZN5daisy5scene13CSceneManager21addExternalMeshLoaderEPN2ox5scene11IMeshLoaderE	mac-vtable:_ZTVN5daisy5scene13CSceneManagerE:45
0x4c4280	71	_ZN5daisy5scene13CSceneManager15setActiveCameraEPN2ox5scene16ICameraSceneNodeE	mac-vtable:_ZTVN5daisy5scene13CSceneManagerE:29
0x4c42d0	94	_ZN5daisy5scene13CSceneManager18addToDeletionQueueEPN2ox5scene10ISceneNodeE	mac-vtable:_ZTVN5daisy5scene13CSceneManagerE:48
0x4c4330	863	_ZN5daisy5scene13CSceneManager24registerNodeForRenderingEPN2ox5scene10ISceneNodeENS3_24E_SCENE_NODE_RENDER_TIMEE	mac-vtable:_ZTVN5daisy5scene13CSceneManagerE:32
0x4c5780	1135	_ZN5daisy5scene13CSceneManagerD0Ev	mac-vtable:_ZTVN5daisy5scene13CSceneManagerE:3
0x4c5c00	1127	_ZN5daisy5scene13CSceneManagerD1Ev	mac-vtable:_ZTVN5daisy5scene13CSceneManagerE:2
0x4c62f0	211	_ZN5daisy5scene13CSceneManager14addTerrainMeshEPKcPN2ox5video6IImageES7_RKNS4_4core12CDimension2dIfEEfRKNS9_IiEE	mac-vtable:_ZTVN5daisy5scene13CSceneManagerE:25
0x4c63d0	188	_ZN5daisy5scene13CSceneManager16addHillPlaneMeshEPKcRKN2ox4core12CDimension2dIfEERKNS6_IiEEPNS4_5video9SMaterialEfS9_S9_	mac-vtable:_ZTVN5daisy5scene13CSceneManagerE:24
0x4c6490	507	_ZN5daisy5scene13CSceneManager7getMeshEPKc	mac-vtable:_ZTVN5daisy5scene13CSceneManagerE:4
0x4c66c0	89	_ZN2ox5scene10ISceneNode11OnPreRenderEv	mac-vtable:_ZTVN5daisy5scene13CSceneManagerE:59
0x4c6720	143	_ZN2ox5scene10ISceneNode12OnPostRenderEj	mac-vtable:_ZTVN5daisy5scene13CSceneManagerE:60
0x4c67b0	5	_ZNK2ox5scene10ISceneNode7getNameEv	mac-vtable:_ZTVN5daisy5scene13CSceneManagerE:62
0x4c67c0	8	_ZN2ox5scene10ISceneNode9isVisibleEv	mac-vtable:_ZTVN5daisy5scene13CSceneManagerE:66
0x4c67d0	8	_ZN2ox5scene10ISceneNode10setVisibleEb	mac-vtable:_ZTVN5daisy5scene13CSceneManagerE:67
0x4c67e0	7	_ZN2ox5scene10ISceneNode5getIDEv	mac-vtable:_ZTVN5daisy5scene13CSceneManagerE:68
0x4c67f0	7	_ZN2ox5scene10ISceneNode5setIDEi	mac-vtable:_ZTVN5daisy5scene13CSceneManagerE:69
0x4c6800	34	_ZN2ox5scene10ISceneNode6removeEv	mac-vtable:_ZTVN5daisy5scene13CSceneManagerE:73
0x4c6830	3	_ZN2ox5scene10ISceneNode11getMaterialEi	mac-vtable:_ZTVN5daisy5scene13CSceneManagerE:77
0x4c6840	3	_ZN2ox5scene10ISceneNode16getMaterialCountEv	mac-vtable:_ZTVN5daisy5scene13CSceneManagerE:78
0x4c6850	30	_ZNK2ox5scene10ISceneNode8getScaleEv	mac-vtable:_ZTVN5daisy5scene13CSceneManagerE:79
0x4c6870	27	_ZN2ox5scene10ISceneNode8setScaleERKNS_4core9CVector3dIfEE	mac-vtable:_ZTVN5daisy5scene13CSceneManagerE:80
0x4c6890	21	_ZNK2ox5scene10ISceneNode11getRotationEv	mac-vtable:_ZTVN5daisy5scene13CSceneManagerE:81
0x4c68b0	18	_ZN2ox5scene10ISceneNode11setRotationERKNS_4core9CVector3dIfEE	mac-vtable:_ZTVN5daisy5scene13CSceneManagerE:82
0x4c68d0	21	_ZNK2ox5scene10ISceneNode11getPositionEv	mac-vtable:_ZTVN5daisy5scene13CSceneManagerE:83
0x4c68f0	18	_ZN2ox5scene10ISceneNode11setPositionERKNS_4core9CVector3dIfEE	mac-vtable:_ZTVN5daisy5scene13CSceneManagerE:84
0x4c6910	151	_ZNK2ox5scene10ISceneNode19getAbsolutePositionEv	mac-vtable:_ZTVN5daisy5scene13CSceneManagerE:85
0x4c69b0	8	_ZNK2ox5scene10ISceneNode19getTriangleSelectorEv	mac-vtable:_ZTVN5daisy5scene13CSceneManagerE:87
0x4c69c0	1540	_ZN2ox5scene10ISceneNode22updateAbsolutePositionEv	mac-vtable:_ZTVN5daisy5scene13CSceneManagerE:89
0x4c6fd0	8	_ZN2ox5scene13ISceneManagerD1Ev	mac-vtable:_ZTVN2ox5scene13ISceneManagerE:2
0x4c7260	12	_ZN2ox5scene13ISceneManagerD0Ev	mac-vtable:_ZTVN2ox5scene13ISceneManagerE:3
0x4c7270	79	_ZN2ox5scene10ISceneNode11addAnimatorEPNS0_18ISceneNodeAnimatorE	mac-vtable:_ZTVN5daisy5scene13CSceneManagerE:74
0x4c72c0	93	_ZN2ox5scene10ISceneNode8addChildEPS1_	mac-vtable:_ZTVN5daisy5scene13CSceneManagerE:70
0x4c7320	1877	_ZNK2ox5scene10ISceneNode25getRelativeTransformationEv	mac-vtable:_ZTVN5daisy5scene13CSceneManagerE:65
0x4c7a80	216	_ZN2ox5scene10ISceneNode7setNameEPKw	mac-vtable:_ZTVN5daisy5scene13CSceneManagerE:63
0x4c8930	123	_ZN2ox5scene10ISceneNode15removeAnimatorsEv	mac-vtable:_ZTVN5daisy5scene13CSceneManagerE:76
0x4c89b0	123	_ZN2ox5scene10ISceneNode9removeAllEv	mac-vtable:_ZTVN2ox5scene10ISceneNodeE:17
0x4c8a30	119	_ZN2ox5scene10ISceneNode9setParentEPS1_	mac-vtable:_ZTVN5daisy5scene13CSceneManagerE:86
0x4c8ab0	66	_ZN2ox5scene10ISceneNode19setTriangleSelectorEPNS0_17ITriangleSelectorE	mac-vtable:_ZTVN5daisy5scene13CSceneManagerE:88
0x4c8b00	373	_ZN2ox5scene10ISceneNodeD0Ev	mac-vtable:_ZTVN2ox5scene10ISceneNodeE:3
0x4c8f90	361	_ZN2ox5scene10ISceneNodeD1Ev	mac-vtable:_ZTVN2ox5scene10ISceneNodeE:2
0x4c92a0	98	_ZN2ox5scene10ISceneNode14removeAnimatorEPNS0_18ISceneNodeAnimatorE	mac-vtable:_ZTVN5daisy5scene13CSceneManagerE:75
0x4c9310	100	_ZN2ox5scene10ISceneNode11removeChildEPS1_	mac-vtable:_ZTVN5daisy5scene13CSceneManagerE:71
0x4caba0	5	_ZN5daisy5scene35CSceneNodeAnimatorCollisionResponse9isFallingEv	mac-vtable:_ZTVN5daisy5scene35CSceneNodeAnimatorCollisionResponseE:5
0x4cabb0	18	_ZN5daisy5scene35CSceneNodeAnimatorCollisionResponse18setEllipsoidRadiusERKN2ox4core9CVector3dIfEE	mac-vtable:_ZTVN5daisy5scene35CSceneNodeAnimatorCollisionResponseE:6
0x4cabd0	21	_ZNK5daisy5scene35CSceneNodeAnimatorCollisionResponse18getEllipsoidRadiusEv	mac-vtable:_ZTVN5daisy5scene35CSceneNodeAnimatorCollisionResponseE:7
0x4cabf0	18	_ZN5daisy5scene35CSceneNodeAnimatorCollisionResponse10setGravityERKN2ox4core9CVector3dIfEE	mac-vtable:_ZTVN5daisy5scene35CSceneNodeAnimatorCollisionResponseE:8
0x4cac10	21	_ZNK5daisy5scene35CSceneNodeAnimatorCollisionResponse10getGravityEv	mac-vtable:_ZTVN5daisy5scene35CSceneNodeAnimatorCollisionResponseE:9
0x4cac30	18	_ZN5daisy5scene35CSceneNodeAnimatorCollisionResponse23setEllipsoidTranslationEN2ox4core9CVector3dIfEE	mac-vtable:_ZTVN5daisy5scene35CSceneNodeAnimatorCollisionResponseE:10
0x4cac50	21	_ZNK5daisy5scene35CSceneNodeAnimatorCollisionResponse23getEllipsoidTranslationEv	mac-vtable:_ZTVN5daisy5scene35CSceneNodeAnimatorCollisionResponseE:11
0x4cac70	14	_ZNK5daisy5scene35CSceneNodeAnimatorCollisionResponse24getAccelerationPerSecondEv	mac-vtable:_ZTVN5daisy5scene35CSceneNodeAnimatorCollisionResponseE:12
0x4cac80	14	_ZN5daisy5scene35CSceneNodeAnimatorCollisionResponse24setAccelerationPerSecondEf	mac-vtable:_ZTVN5daisy5scene35CSceneNodeAnimatorCollisionResponseE:13
0x4cac90	65	_ZN5daisy5scene35CSceneNodeAnimatorCollisionResponse8setWorldEPN2ox5scene17ITriangleSelectorE	mac-vtable:_ZTVN5daisy5scene35CSceneNodeAnimatorCollisionResponseE:14
0x4cace0	5	_ZNK5daisy5scene35CSceneNodeAnimatorCollisionResponse8getWorldEv	mac-vtable:_ZTVN5daisy5scene35CSceneNodeAnimatorCollisionResponseE:15
0x4cad20	782	_ZN5daisy5scene35CSceneNodeAnimatorCollisionResponse11animateNodeEPN2ox5scene10ISceneNodeEj	mac-vtable:_ZTVN5daisy5scene35CSceneNodeAnimatorCollisionResponseE:4
0x4cb390	70	_ZN5daisy5scene35CSceneNodeAnimatorCollisionResponseD0Ev	mac-vtable:_ZTVN5daisy5scene35CSceneNodeAnimatorCollisionResponseE:3
0x4cb3e0	63	_ZN5daisy5scene35CSceneNodeAnimatorCollisionResponseD1Ev	mac-vtable:_ZTVN5daisy5scene35CSceneNodeAnimatorCollisionResponseE:2
0x4cb460	8	_ZN2ox5scene18ISceneNodeAnimatorD1Ev	mac-vtable:_ZTVN2ox5scene18ISceneNodeAnimatorE:2
0x4cb470	8	_ZN2ox5scene35ISceneNodeAnimatorCollisionResponseD1Ev	mac-vtable:_ZTVN2ox5scene35ISceneNodeAnimatorCollisionResponseE:2
0x4cb480	12	_ZN2ox5scene35ISceneNodeAnimatorCollisionResponseD0Ev	mac-vtable:_ZTVN2ox5scene35ISceneNodeAnimatorCollisionResponseE:3
0x4cb490	12	_ZN2ox5scene18ISceneNodeAnimatorD0Ev	mac-vtable:_ZTVN2ox5scene18ISceneNodeAnimatorE:3
0x4cb4f0	8	_ZN5daisy5scene24CSceneNodeAnimatorDeleteD1Ev	mac-vtable:_ZTVN5daisy5scene24CSceneNodeAnimatorDeleteE:2
0x4cb500	34	_ZN5daisy5scene24CSceneNodeAnimatorDelete11animateNodeEPN2ox5scene10ISceneNodeEj	mac-vtable:_ZTVN5daisy5scene24CSceneNodeAnimatorDeleteE:4
0x4cb560	12	_ZN5daisy5scene24CSceneNodeAnimatorDeleteD0Ev	mac-vtable:_ZTVN5daisy5scene24CSceneNodeAnimatorDeleteE:3
0x4cb600	8	_ZN5daisy5scene27CSceneNodeAnimatorFlyCircleD1Ev	mac-vtable:_ZTVN5daisy5scene27CSceneNodeAnimatorFlyCircleE:2
0x4cb640	125	_ZN5daisy5scene27CSceneNodeAnimatorFlyCircle11animateNodeEPN2ox5scene10ISceneNodeEj	mac-vtable:_ZTVN5daisy5scene27CSceneNodeAnimatorFlyCircleE:4
0x4cb6c0	12	_ZN5daisy5scene27CSceneNodeAnimatorFlyCircleD0Ev	mac-vtable:_ZTVN5daisy5scene27CSceneNodeAnimatorFlyCircleE:3
0x4cb6e0	8	_ZN5daisy5scene29CSceneNodeAnimatorFlyStraightD1Ev	mac-vtable:_ZTVN5daisy5scene29CSceneNodeAnimatorFlyStraightE:2
0x4cb720	336	_ZN5daisy5scene29CSceneNodeAnimatorFlyStraight11animateNodeEPN2ox5scene10ISceneNodeEj	mac-vtable:_ZTVN5daisy5scene29CSceneNodeAnimatorFlyStraightE:4
0x4cb870	12	_ZN5daisy5scene29CSceneNodeAnimatorFlyStraightD0Ev	mac-vtable:_ZTVN5daisy5scene29CSceneNodeAnimatorFlyStraightE:3
0x4cbab0	760	_ZN5daisy5scene30CSceneNodeAnimatorFollowSpline11animateNodeEPN2ox5scene10ISceneNodeEj	mac-vtable:_ZTVN5daisy5scene30CSceneNodeAnimatorFollowSplineE:4
0x4cbdb0	41	_ZN5daisy5scene30CSceneNodeAnimatorFollowSplineD0Ev	mac-vtable:_ZTVN5daisy5scene30CSceneNodeAnimatorFollowSplineE:3
0x4cbde0	34	_ZN5daisy5scene30CSceneNodeAnimatorFollowSplineD1Ev	mac-vtable:_ZTVN5daisy5scene30CSceneNodeAnimatorFollowSplineE:2
0x4cc190	8	_ZN5daisy5scene26CSceneNodeAnimatorRotationD1Ev	mac-vtable:_ZTVN5daisy5scene26CSceneNodeAnimatorRotationE:2
0x4cc1a0	170	_ZN5daisy5scene26CSceneNodeAnimatorRotation11animateNodeEPN2ox5scene10ISceneNodeEj	mac-vtable:_ZTVN5daisy5scene26CSceneNodeAnimatorRotationE:4
0x4cc280	12	_ZN5daisy5scene26CSceneNodeAnimatorRotationD0Ev	mac-vtable:_ZTVN5daisy5scene26CSceneNodeAnimatorRotationE:3
0x4cc290	140	_ZN5daisy5scene25CSceneNodeAnimatorTexture11animateNodeEPN2ox5scene10ISceneNodeEj	mac-vtable:_ZTVN5daisy5scene25CSceneNodeAnimatorTextureE:4
0x4cc480	173	_ZN5daisy5scene25CSceneNodeAnimatorTextureD0Ev	mac-vtable:_ZTVN5daisy5scene25CSceneNodeAnimatorTextureE:3
0x4cc530	166	_ZN5daisy5scene25CSceneNodeAnimatorTextureD1Ev	mac-vtable:_ZTVN5daisy5scene25CSceneNodeAnimatorTextureE:2
0x4cc960	305	_ZN5daisy5scene16CSkyBoxSceneNode6renderEv	mac-vtable:_ZTVN5daisy5scene16CSkyBoxSceneNodeE:6
0x4ccaa0	8	_ZNK5daisy5scene16CSkyBoxSceneNode14getBoundingBoxEv	mac-vtable:_ZTVN5daisy5scene16CSkyBoxSceneNodeE:9
0x4ccab0	27	_ZN5daisy5scene16CSkyBoxSceneNode11getMaterialEi	mac-vtable:_ZTVN5daisy5scene16CSkyBoxSceneNodeE:22
0x4ccad0	6	_ZN5daisy5scene16CSkyBoxSceneNode16getMaterialCountEv	mac-vtable:_ZTVN5daisy5scene16CSkyBoxSceneNodeE:23
0x4ccb10	122	_ZN5daisy5scene16CSkyBoxSceneNode11OnPreRenderEv	mac-vtable:_ZTVN5daisy5scene16CSkyBoxSceneNodeE:4
0x4cdf70	373	_ZN5daisy5scene16CSkyBoxSceneNodeD0Ev	mac-vtable:_ZTVN5daisy5scene16CSkyBoxSceneNodeE:3
0x4ce0f0	361	_ZN5daisy5scene16CSkyBoxSceneNodeD1Ev	mac-vtable:_ZTVN5daisy5scene16CSkyBoxSceneNodeE:2
0x4cf860	3	_ZN5daisy5scene17CTerrainSceneNode9getHeightEN2ox4core9CVector2dIfEERf	mac-vtable:_ZTVN5daisy5scene17CTerrainSceneNodeE:35
0x4cf870	8	_ZNK5daisy5scene17CTerrainSceneNode14getBoundingBoxEv	mac-vtable:_ZTVN5daisy5scene17CTerrainSceneNodeE:9
0x4cf8c0	309	_ZN5daisy5scene17CTerrainSceneNode6renderEv	mac-vtable:_ZTVN5daisy5scene17CTerrainSceneNodeE:6
0x4cfa00	72	_ZN5daisy5scene17CTerrainSceneNode11getMaterialEi	mac-vtable:_ZTVN5daisy5scene17CTerrainSceneNodeE:22
0x4cfa50	33	_ZN5daisy5scene17CTerrainSceneNode16getMaterialCountEv	mac-vtable:_ZTVN5daisy5scene17CTerrainSceneNodeE:23
0x4cfa80	94	_ZN5daisy5scene17CTerrainSceneNode11setDebugLODEi	mac-vtable:_ZTVN5daisy5scene17CTerrainSceneNodeE:36
0x4d0100	122	_ZN5daisy5scene17CTerrainSceneNode11OnPreRenderEv	mac-vtable:_ZTVN5daisy5scene17CTerrainSceneNodeE:4
0x4d0180	345	_ZN5daisy5scene17CTerrainSceneNodeD1Ev	mac-vtable:_ZTVN5daisy5scene17CTerrainSceneNodeE:2
0x4d2ca0	661	_ZN5daisy5scene17CTerrainSceneNodeD0Ev	mac-vtable:_ZTVN5daisy5scene17CTerrainSceneNodeE:3
0x4d39b0	25	_ZN2ox5scene17ITerrainSceneNodeD0Ev	mac-vtable:_ZTVN2ox5scene17ITerrainSceneNodeE:3
0x4d39d0	12	_ZN2ox5scene17ITerrainSceneNodeD1Ev	mac-vtable:_ZTVN2ox5scene17ITerrainSceneNodeE:2
0x4d60a0	105	_ZN5daisy5scene14CTestSceneNode6renderEv	mac-vtable:_ZTVN5daisy5scene14CTestSceneNodeE:6
0x4d6110	8	_ZNK5daisy5scene14CTestSceneNode14getBoundingBoxEv	mac-vtable:_ZTVN5daisy5scene14CTestSceneNodeE:9
0x4d6120	8	_ZN5daisy5scene14CTestSceneNode11getMaterialEi	mac-vtable:_ZTVN5daisy5scene14CTestSceneNodeE:22
0x4d6130	6	_ZN5daisy5scene14CTestSceneNode16getMaterialCountEv	mac-vtable:_ZTVN5daisy5scene14CTestSceneNodeE:23
0x4d6170	122	_ZN5daisy5scene14CTestSceneNode11OnPreRenderEv	mac-vtable:_ZTVN5daisy5scene14CTestSceneNodeE:4
0x4d61f0	373	_ZN5daisy5scene14CTestSceneNodeD0Ev	mac-vtable:_ZTVN5daisy5scene14CTestSceneNodeE:3
0x4d6370	361	_ZN5daisy5scene14CTestSceneNodeD1Ev	mac-vtable:_ZTVN5daisy5scene14CTestSceneNodeE:2
0x4d8650	229	_ZN5daisy5scene14CTextSceneNode6renderEv	mac-vtable:_ZTVN5daisy5scene14CTextSceneNodeE:6
0x4d8740	8	_ZNK5daisy5scene14CTextSceneNode14getBoundingBoxEv	mac-vtable:_ZTVN5daisy5scene14CTextSceneNodeE:9
0x4d8750	3	_ZN5daisy5scene14CTextSceneNode16getMaterialCountEv	mac-vtable:_ZTVN5daisy5scene14CTextSceneNodeE:23
0x4d8760	7	_ZN5daisy5scene14CTextSceneNode12setTextColorEN2ox5video6SColorE	mac-vtable:_ZTVN5daisy5scene14CTextSceneNodeE:36
0x4d87a0	122	_ZN5daisy5scene14CTextSceneNode11OnPreRenderEv	mac-vtable:_ZTVN5daisy5scene14CTextSceneNodeE:4
0x4d8820	236	_ZN5daisy5scene14CTextSceneNode7setTextEPKw	mac-vtable:_ZTVN5daisy5scene14CTextSceneNodeE:35
0x4d9b70	451	_ZN5daisy5scene14CTextSceneNodeD0Ev	mac-vtable:_ZTVN5daisy5scene14CTextSceneNodeE:3
0x4d9d40	444	_ZN5daisy5scene14CTextSceneNodeD1Ev	mac-vtable:_ZTVN5daisy5scene14CTextSceneNodeE:2
0x4da0c0	363	_ZN2ox5scene14ITextSceneNodeD0Ev	mac-vtable:_ZTVN2ox5scene14ITextSceneNodeE:3
0x4da230	356	_ZN2ox5scene14ITextSceneNodeD1Ev	mac-vtable:_ZTVN2ox5scene14ITextSceneNodeE:2
0x4da3d0	1032	_ZN5daisy5scene19CTriangleBBSelector12getTrianglesEPN2ox4core11CTriangle3dIfEEiRiPKNS3_8CMatrix4E	mac-vtable:_ZTVN5daisy5scene19CTriangleBBSelectorE:5
0x4da940	12	_ZN5daisy5scene19CTriangleBBSelectorD1Ev	mac-vtable:_ZTVN5daisy5scene19CTriangleBBSelectorE:2
0x4da950	25	_ZN5daisy5scene19CTriangleBBSelectorD0Ev	mac-vtable:_ZTVN5daisy5scene19CTriangleBBSelectorE:3
0x4daa70	1805	_ZN5daisy5scene17CTriangleSelector12getTrianglesEPN2ox4core11CTriangle3dIfEEiRiPKNS3_8CMatrix4E	mac-vtable:_ZTVN5daisy5scene17CTriangleSelectorE:5
0x4db180	12	_ZN5daisy5scene17CTriangleSelector12getTrianglesEPN2ox4core11CTriangle3dIfEEiRiRKNS3_9CAabbox3dIfEEPKNS3_8CMatrix4E	mac-vtable:_ZTVN5daisy5scene19CTriangleBBSelectorE:6
0x4db190	12	_ZN5daisy5scene17CTriangleSelector12getTrianglesEPN2ox4core11CTriangle3dIfEEiRiRKNS3_7CLine3dIfEEPKNS3_8CMatrix4E	mac-vtable:_ZTVN5daisy5scene19CTriangleBBSelectorE:7
0x4db1a0	27	_ZNK5daisy5scene17CTriangleSelector16getTriangleCountEv	mac-vtable:_ZTVN5daisy5scene19CTriangleBBSelectorE:4
0x4db1f0	41	_ZN5daisy5scene17CTriangleSelectorD0Ev	mac-vtable:_ZTVN5daisy5scene17CTriangleSelectorE:3
0x4db220	34	_ZN5daisy5scene17CTriangleSelectorD1Ev	mac-vtable:_ZTVN5daisy5scene17CTriangleSelectorE:2
0x4db940	8	_ZN2ox5scene17ITriangleSelectorD1Ev	mac-vtable:_ZTVN2ox5scene17ITriangleSelectorE:2
0x4db950	12	_ZN2ox5scene17ITriangleSelectorD0Ev	mac-vtable:_ZTVN2ox5scene17ITriangleSelectorE:3
0x4dbf90	138	_ZN5daisy5scene22CWaterSurfaceSceneNode11OnPreRenderEv	mac-vtable:_ZTVN5daisy5scene22CWaterSurfaceSceneNodeE:4
0x4dc220	93	_ZN5daisy5scene22CWaterSurfaceSceneNodeD0Ev	mac-vtable:_ZTVN5daisy5scene22CWaterSurfaceSceneNodeE:3
0x4dc280	85	_ZN5daisy5scene22CWaterSurfaceSceneNodeD1Ev	mac-vtable:_ZTVN5daisy5scene22CWaterSurfaceSceneNodeE:2
0x4dc390	28	_ZN5daisy5scene16CXMeshFileLoader24isALoadableFileExtensionEPKc	mac-vtable:_ZTVN5daisy5scene16CXMeshFileLoaderE:4
0x4dc3b0	91	_ZN5daisy5scene16CXMeshFileLoaderD1Ev	mac-vtable:_ZTVN5daisy5scene16CXMeshFileLoaderE:2
0x4dc470	251	_ZN5daisy5scene16CXMeshFileLoader10createMeshEPN2ox2io9IReadFileE	mac-vtable:_ZTVN5daisy5scene16CXMeshFileLoaderE:5
0x4dc570	98	_ZN5daisy5scene16CXMeshFileLoaderD0Ev	mac-vtable:_ZTVN5daisy5scene16CXMeshFileLoaderE:3
0x4dc5e0	8	_ZN2ox5scene11IMeshLoaderD1Ev	mac-vtable:_ZTVN2ox5scene11IMeshLoaderE:2
0x4dc5f0	12	_ZN2ox5scene11IMeshLoaderD0Ev	mac-vtable:_ZTVN2ox5scene11IMeshLoaderE:3
0x4dc6b0	27	_ZNK5daisy5video14CVideoModeList17getVideoModeCountEv	mac-vtable:_ZTVN5daisy5video14CVideoModeListE:4
0x4dc6d0	86	_ZNK5daisy5video14CVideoModeList22getVideoModeResolutionEi	mac-vtable:_ZTVN5daisy5video14CVideoModeListE:5
0x4dc730	60	_ZNK5daisy5video14CVideoModeList17getVideoModeDepthEi	mac-vtable:_ZTVN5daisy5video14CVideoModeListE:6
0x4dc770	15	_ZNK5daisy5video14CVideoModeList20getDesktopResolutionEv	mac-vtable:_ZTVN5daisy5video14CVideoModeListE:7
0x4dc780	4	_ZNK5daisy5video14CVideoModeList15getDesktopDepthEv	mac-vtable:_ZTVN5daisy5video14CVideoModeListE:8
0x4dc7c0	41	_ZN5daisy5video14CVideoModeListD0Ev	mac-vtable:_ZTVN5daisy5video14CVideoModeListE:3
0x4dc7f0	34	_ZN5daisy5video14CVideoModeListD1Ev	mac-vtable:_ZTVN5daisy5video14CVideoModeListE:2
0x4dc910	8	_ZN2ox5video14IVideoModeListD1Ev	mac-vtable:_ZTVN2ox5video14IVideoModeListE:2
0x4dcee0	12	_ZN2ox5video14IVideoModeListD0Ev	mac-vtable:_ZTVN2ox5video14IVideoModeListE:3
0x4dd3b0	5	_ZN5daisy5video6CImage4lockEv	mac-vtable:_ZTVN5daisy5video6CImageE:4
0x4dd3c0	2	_ZN5daisy5video6CImage6unlockEv	mac-vtable:_ZTVN5daisy5video6CImageE:5
0x4dd3d0	5	_ZN5daisy5video6CImage12getDimensionEv	mac-vtable:_ZTVN5daisy5video6CImageE:6
0x4dd3e0	4	_ZN5daisy5video6CImage15getBitsPerPixelEv	mac-vtable:_ZTVN5daisy5video6CImageE:7
0x4dd3f0	4	_ZN5daisy5video6CImage16getBytesPerPixelEv	mac-vtable:_ZTVN5daisy5video6CImageE:8
0x4dd400	12	_ZN5daisy5video6CImage23getImageDataSizeInBytesEv	mac-vtable:_ZTVN5daisy5video6CImageE:9
0x4dd410	8	_ZN5daisy5video6CImage24getImageDataSizeInPixelsEv	mac-vtable:_ZTVN5daisy5video6CImageE:10
0x4dd420	4	_ZN5daisy5video6CImage10getRedMaskEv	mac-vtable:_ZTVN5daisy5video6CImageE:13
0x4dd430	4	_ZN5daisy5video6CImage12getGreenMaskEv	mac-vtable:_ZTVN5daisy5video6CImageE:14
0x4dd440	4	_ZN5daisy5video6CImage11getBlueMaskEv	mac-vtable:_ZTVN5daisy5video6CImageE:15
0x4dd450	4	_ZN5daisy5video6CImage12getAlphaMaskEv	mac-vtable:_ZTVN5daisy5video6CImageE:16
0x4dd460	250	_ZN5daisy5video6CImage8getPixelEii	mac-vtable:_ZTVN5daisy5video6CImageE:11
0x4dd560	4	_ZN5daisy5video6CImage14getColorFormatEv	mac-vtable:_ZTVN5daisy5video6CImageE:12
0x4de420	34	_ZN5daisy5video6CImageD1Ev	mac-vtable:_ZTVN5daisy5video6CImageE:2
0x4de980	41	_ZN5daisy5video6CImageD0Ev	mac-vtable:_ZTVN5daisy5video6CImageE:3
0x4def40	8	_ZN2ox5video6IImageD1Ev	mac-vtable:_ZTVN2ox5video6IImageE:2
0x4def50	12	_ZN2ox5video6IImageD0Ev	mac-vtable:_ZTVN2ox5video6IImageE:3
0x4def60	26	_ZN5daisy5video10CVideoNull10beginSceneEbbN2ox5video6SColorE	mac-vtable:_ZTVN5daisy5video10CVideoNullE:4
0x4def80	3	_ZN5daisy5video10CVideoNull12queryFeatureEN2ox5video22E_VIDEO_DRIVER_FEATUREE	mac-vtable:_ZTVN5daisy5video10CVideoNullE:7
0x4def90	2	_ZN5daisy5video10CVideoNull12setTransformEN2ox5video22E_TRANSFORMATION_STATEERKNS2_4core8CMatrix4E	mac-vtable:_ZTVN5daisy5video10CVideoNullE:8
0x4defa0	59	_ZN5daisy5video10CVideoNull12getTransformEN2ox5video22E_TRANSFORMATION_STATEE	mac-vtable:_ZTVN5daisy5video10CVideoNullE:9
0x4defe0	2	_ZN5daisy5video10CVideoNull11setMaterialERKN2ox5video9SMaterialE	mac-vtable:_ZTVN5daisy5video10CVideoNullE:10
0x4deff0	33	_ZN5daisy5video10CVideoNull14getNumTexturesEv	mac-vtable:_ZTVN5daisy5video10CVideoNullE:20
0x4df020	3	_ZN5daisy5video10CVideoNull15setRenderTargetEPN2ox5video8ITextureEbbNS3_6SColorE	mac-vtable:_ZTVN5daisy5video10CVideoNullE:31
0x4df030	3	_ZN5daisy5video10CVideoNull25createRenderTargetTextureERKN2ox4core12CDimension2dIiEE	mac-vtable:_ZTVN5daisy5video10CVideoNullE:29
0x4df040	2	_ZN5daisy5video10CVideoNull11setViewPortERKN2ox4core5CRectIiEE	mac-vtable:_ZTVN5daisy5video10CVideoNullE:32
0x4df050	8	_ZNK5daisy5video10CVideoNull11getViewPortEv	mac-vtable:_ZTVN5daisy5video10CVideoNullE:33
0x4df060	8	_ZN5daisy5video10CVideoNull23drawIndexedTriangleListEPKN2ox5video9S3DVertexEiPKti	mac-vtable:_ZTVN5daisy5video10CVideoNullE:34
0x4df070	8	_ZN5daisy5video10CVideoNull23drawIndexedTriangleListEPKN2ox5video17S3DVertex2TCoordsEiPKti	mac-vtable:_ZTVN5daisy5video10CVideoNullE:35
0x4df080	8	_ZN5daisy5video10CVideoNull22drawIndexedTriangleFanEPKN2ox5video17S3DVertex2TCoordsEiPKti	mac-vtable:_ZTVN5daisy5video10CVideoNullE:37
0x4df090	8	_ZN5daisy5video10CVideoNull22drawIndexedTriangleFanEPKN2ox5video9S3DVertexEiPKti	mac-vtable:_ZTVN5daisy5video10CVideoNullE:36
0x4df0a0	133	_ZN5daisy5video10CVideoNull14draw3DTriangleERKN2ox4core11CTriangle3dIfEENS2_5video6SColorE	mac-vtable:_ZTVN5daisy5video10CVideoNullE:39
0x4df130	669	_ZN5daisy5video10CVideoNull9draw3DBoxEN2ox4core9CAabbox3dIfEENS2_5video6SColorE	mac-vtable:_ZTVN5daisy5video10CVideoNullE:40
0x4df3d0	2	_ZN5daisy5video10CVideoNull11draw2DImageEPN2ox5video8ITextureERKNS2_4core11CPosition2dIiEE	mac-vtable:_ZTVN5daisy5video10CVideoNullE:41
0x4df3e0	2	_ZN5daisy5video10CVideoNull11draw2DImageEPN2ox5video8ITextureERKNS2_4core11CPosition2dIiEERKNS6_5CRectIiEEPSD_PNS3_6SColorEb	mac-vtable:_ZTVN5daisy5video10CVideoNullE:44
0x4df3f0	2	_ZN5daisy5video10CVideoNull11draw2DImageEPN2ox5video8ITextureERKNS2_4core11CPosition2dIiEERKNS6_5CRectIiEEPSD_NS3_6SColorEb	mac-vtable:_ZTVN5daisy5video10CVideoNullE:42
0x4df400	2	_ZN5daisy5video10CVideoNull15draw2DRectangleEN2ox5video6SColorERKNS2_4core5CRectIiEEPS8_	mac-vtable:_ZTVN5daisy5video10CVideoNullE:47
0x4df410	2	_ZN5daisy5video10CVideoNull10draw2DLineERKN2ox4core11CPosition2dIiEES7_NS2_5video6SColorE	mac-vtable:_ZTVN5daisy5video10CVideoNullE:49
0x4df420	2	_ZN5daisy5video10CVideoNull15draw2DLineFloatERKN2ox4core11CPosition2dIfEES7_NS2_5video6SColorE	mac-vtable:_ZTVN5daisy5video10CVideoNullE:50
0x4df430	556	_ZN5daisy5video10CVideoNull12draw2DBezierERKN2ox4core9CVector2dIfEES7_S7_S7_fNS2_5video6SColorE	mac-vtable:_ZTVN5daisy5video10CVideoNullE:51
0x4df660	513	_ZN5daisy5video10CVideoNull13draw2DHermiteERKN2ox4core9CVector2dIfEES7_S7_S7_fNS2_5video6SColorE	mac-vtable:_ZTVN5daisy5video10CVideoNullE:52
0x4df870	101	_ZN5daisy5video10CVideoNull18update2dViewValuesEii	mac-vtable:_ZTVN5daisy5video10CVideoNullE:111
0x4df8e0	21	_ZN5daisy5video10CVideoNull13getScreenSizeEv	mac-vtable:_ZTVN5daisy5video10CVideoNullE:57
0x4df900	21	_ZN5daisy5video10CVideoNull21getPhysicalScreenSizeEv	mac-vtable:_ZTVN5daisy5video10CVideoNullE:58
0x4df920	58	_ZN5daisy5video10CVideoNull19setRenderScreenSizeEii	mac-vtable:_ZTVN5daisy5video10CVideoNullE:85
0x4df960	59	_ZN5daisy5video10CVideoNull21setForcePointSamplingEb	mac-vtable:_ZTVN5daisy5video10CVideoNullE:86
0x4df9a0	7	_ZN5daisy5video10CVideoNull20getNumStatusSwitchesEv	mac-vtable:_ZTVN5daisy5video10CVideoNullE:60
0x4df9b0	7	_ZN5daisy5video10CVideoNull22getPrimitiveCountDrawnEv	mac-vtable:_ZTVN5daisy5video10CVideoNullE:61
0x4df9c0	2	_ZN5daisy5video10CVideoNull15setAmbientLightERKN2ox5video7SColorfE	mac-vtable:_ZTVN5daisy5video10CVideoNullE:64
0x4df9d0	6	_ZN5daisy5video10CVideoNull7getNameEv	mac-vtable:_ZTVN5daisy5video10CVideoNullE:68
0x4df9e0	2	_ZN5daisy5video10CVideoNull23drawStencilShadowVolumeEPKN2ox4core9CVector3dIfEEib	mac-vtable:_ZTVN5daisy5video10CVideoNullE:53
0x4df9f0	2	_ZN5daisy5video10CVideoNull17drawStencilShadowEbN2ox5video6SColorES4_S4_S4_	mac-vtable:_ZTVN5daisy5video10CVideoNullE:54
0x4dfa00	15	_ZN5daisy5video10CVideoNull22deleteAllDynamicLightsEv	mac-vtable:_ZTVN5daisy5video10CVideoNullE:62
0x4dfa10	3	_ZN5daisy5video10CVideoNull28getMaximalDynamicLightAmountEv	mac-vtable:_ZTVN5daisy5video10CVideoNullE:65
0x4dfa20	33	_ZN5daisy5video10CVideoNull20getDynamicLightCountEv	mac-vtable:_ZTVN5daisy5video10CVideoNullE:66
0x4dfa50	66	_ZN5daisy5video10CVideoNull15getDynamicLightEi	mac-vtable:_ZTVN5daisy5video10CVideoNullE:67
0x4dfaa0	6	_ZN5daisy5video10CVideoNull24getMaximalPrimitiveCountEv	mac-vtable:_ZTVN5daisy5video10CVideoNullE:70
0x4dfab0	193	_ZN5daisy5video10CVideoNull22setTextureCreationFlagEN2ox5video23E_TEXTURE_CREATION_FLAGEb	mac-vtable:_ZTVN5daisy5video10CVideoNullE:71
0x4dfb80	10	_ZN5daisy5video10CVideoNull22getTextureCreationFlagEN2ox5video23E_TEXTURE_CREATION_FLAGE	mac-vtable:_ZTVN5daisy5video10CVideoNullE:72
0x4dfb90	337	_ZN5daisy5video10CVideoNull19createImageFromFileEPN2ox2io9IReadFileE	mac-vtable:_ZTVN5daisy5video10CVideoNullE:74
0x4dfcf0	50	_ZN5daisy5video10CVideoNull6setFogEN2ox5video6SColorEbfffbb	mac-vtable:_ZTVN5daisy5video10CVideoNullE:56
0x4dfd30	255	_ZN5daisy5video10CVideoNull14drawMeshBufferEPN2ox5scene11IMeshBufferE	mac-vtable:_ZTVN5daisy5video10CVideoNullE:55
0x4dfe30	97	_ZN5daisy5video10CVideoNull8OnResizeERKN2ox4core12CDimension2dIiEE	mac-vtable:_ZTVN5daisy5video10CVideoNullE:76
0x4dfea0	36	_ZN5daisy5video10CVideoNull19getExposedVideoDataEv	mac-vtable:_ZTVN5daisy5video10CVideoNullE:80
0x4dfed0	3	_ZN5daisy5video10CVideoNull13getDriverTypeEv	mac-vtable:_ZTVN5daisy5video10CVideoNullE:81
0x4dfee0	61	_ZN5daisy5video10CVideoNull19getMaterialRendererEi	mac-vtable:_ZTVN5daisy5video10CVideoNullE:79
0x4dff20	3	_ZN5daisy5video10CVideoNull25getGPUProgrammingServicesEv	mac-vtable:_ZTVN5daisy5video10CVideoNullE:87
0x4dff30	3	_ZN5daisy5video10CVideoNull25getPostProcessingServicesEv	mac-vtable:_ZTVN5daisy5video10CVideoNullE:88
0x4dff50	59	_ZN5daisy5video10CVideoNull19captureScreenBufferEj	mac-vtable:_ZTVN5daisy5video10CVideoNullE:102
0x4dffa0	22	_ZN5daisy5video10CVideoNull17getCapturedBufferEj	mac-vtable:_ZTVN5daisy5video10CVideoNullE:104
0x4dffd0	64	_ZN5daisy5video10CVideoNull11runPPShaderEi	mac-vtable:_ZTVN5daisy5video10CVideoNullE:105
0x4e0010	2	_ZN5daisy5video10CVideoNull11drawPPImageERKN2ox4core5CRectIiEES7_RKNS3_12CDimension2dIiEEPS6_PSA_	mac-vtable:_ZTVN5daisy5video10CVideoNullE:108
0x4e0030	521	_ZN5daisy5video10CVideoNull11runPPShaderEiRN2ox4core5CRectIiEEPS5_S7_j	mac-vtable:_ZTVN5daisy5video10CVideoNullE:106
0x4e0280	17	_ZN5daisy5video10CVideoNull19captureScreenBufferEjRKN2ox4core5CRectIiEE	mac-vtable:_ZTVN5daisy5video10CVideoNullE:103
0x4e02b0	28	_ZN5daisy5video10CVideoNull19addCgShaderMaterialEPKcS3_S3_S3_PN2ox5video26IShaderConstantSetCallBackENS5_15E_MATERIAL_TYPEEbi	mac-vtable:_ZTVN5daisy5video10CVideoNullE:97
0x4e02d0	28	_ZN5daisy5video10CVideoNull19createScreenTextureERKN2ox4core12CDimension2dIiEE	mac-vtable:_ZTVN5daisy5video10CVideoNullE:30
0x4e0300	378	_ZN5daisy5video10CVideoNull28addCgShaderMaterialFromFilesEPN2ox2io9IReadFileEPKcS5_S7_PNS2_5video26IShaderConstantSetCallBackENS8_15E_MATERIAL_TYPEEbi	mac-vtable:_ZTVN5daisy5video10CVideoNullE:99
0x4e0490	314	_ZN5daisy5video10CVideoNull26addShaderMaterialFromFilesEPN2ox2io9IReadFileES5_PNS2_5video26IShaderConstantSetCallBackENS6_15E_MATERIAL_TYPEEi	mac-vtable:_ZTVN5daisy5video10CVideoNullE:95
0x4e05e0	357	_ZN5daisy5video10CVideoNull35addHighLevelShaderMaterialFromFilesEPN2ox2io9IReadFileEPKcNS2_5video20E_VERTEX_SHADER_TYPEES5_S7_NS8_19E_PIXEL_SHADER_TYPEEPNS8_26IShaderConstantSetCallBackENS8_15E_MATERIAL_TYPEEi	mac-vtable:_ZTVN5daisy5video10CVideoNullE:93
0x4e0760	28	_ZN5daisy5video10CVideoNull17addShaderMaterialEPKcS3_PN2ox5video26IShaderConstantSetCallBackENS5_15E_MATERIAL_TYPEEi	mac-vtable:_ZTVN5daisy5video10CVideoNullE:94
0x4e0790	28	_ZN5daisy5video10CVideoNull26addHighLevelShaderMaterialEPKcS3_N2ox5video20E_VERTEX_SHADER_TYPEES3_S3_NS5_19E_PIXEL_SHADER_TYPEEPNS5_26IShaderConstantSetCallBackENS5_15E_MATERIAL_TYPEEi	mac-vtable:_ZTVN5daisy5video10CVideoNullE:91
0x4e07b0	499	_ZN5daisy5video10CVideoNull19makeColorKeyTextureEPN2ox5video8ITextureENS2_4core11CPosition2dIiEE	mac-vtable:_ZTVN5daisy5video10CVideoNullE:28
0x4e09b0	507	_ZN5daisy5video10CVideoNull19makeColorKeyTextureEPN2ox5video8ITextureENS3_6SColorE	mac-vtable:_ZTVN5daisy5video10CVideoNullE:27
0x4e0bb0	146	_ZN5daisy5video10CVideoNull15addDynamicLightERKN2ox5video6SLightE	mac-vtable:_ZTVN5daisy5video10CVideoNullE:63
0x4e0c50	108	_ZN5daisy5video10CVideoNull19createImageFromDataEN2ox5video13ECOLOR_FORMATERKNS2_4core12CDimension2dIiEEPv	mac-vtable:_ZTVN5daisy5video10CVideoNullE:75
0x4e0d50	12	_ZN5daisy5video10CVideoNull6getFPSEv	mac-vtable:_ZTVN5daisy5video10CVideoNullE:59
0x4e0d60	565	_ZN5daisy5video10CVideoNull10draw3DLineERKN2ox4core9CVector3dIfEES7_NS2_5video6SColorE	mac-vtable:_ZTVN5daisy5video10CVideoNullE:38
0x4e0fa0	78	_ZN5daisy5video10CVideoNull28createDeviceDependentTextureEPN2ox5video6IImageE	mac-vtable:_ZTVN5daisy5video10CVideoNullE:114
0x4e0ff0	54	_ZN5daisy5video10CVideoNull8endSceneEv	mac-vtable:_ZTVN5daisy5video10CVideoNullE:6
0x4e11b0	5	_ZN5daisy5video10CVideoNull17removeAllTexturesEv	mac-vtable:_ZTVN5daisy5video10CVideoNullE:19
0x4e11c0	182	_ZN5daisy5video10CVideoNull25removeAllParticlePackagesEv	mac-vtable:_ZTVN5daisy5video10CVideoNullE:26
0x4e1280	182	_ZN5daisy5video10CVideoNull23removeAllSpritePackagesEv	mac-vtable:_ZTVN5daisy5video10CVideoNullE:23
0x4e1350	171	_ZN5daisy5video10CVideoNull14freePPSurfacesEv	mac-vtable:_ZTVN5daisy5video10CVideoNullE:101
0x4e1400	142	_ZN5daisy5video10CVideoNull19createImageFromFileEPKc	mac-vtable:_ZTVN5daisy5video10CVideoNullE:73
0x4e1570	380	_ZN5daisy5video10CVideoNull26addShaderMaterialFromFilesEPKcS3_PN2ox5video26IShaderConstantSetCallBackENS5_15E_MATERIAL_TYPEEi	mac-vtable:_ZTVN5daisy5video10CVideoNullE:96
0x4e1700	476	_ZN5daisy5video10CVideoNull35addHighLevelShaderMaterialFromFilesEPKcS3_N2ox5video20E_VERTEX_SHADER_TYPEES3_S3_NS5_19E_PIXEL_SHADER_TYPEEPNS5_26IShaderConstantSetCallBackENS5_15E_MATERIAL_TYPEEi	mac-vtable:_ZTVN5daisy5video10CVideoNullE:92
0x4e18f0	460	_ZN5daisy5video10CVideoNull28addCgShaderMaterialFromFilesEPKcS3_S3_S3_PN2ox5video26IShaderConstantSetCallBackENS5_15E_MATERIAL_TYPEEbi	mac-vtable:_ZTVN5daisy5video10CVideoNullE:98
0x4e1ad0	146	_ZN5daisy5video10CVideoNull15setInputTextureEiPN2ox5video8ITextureE	mac-vtable:_ZTVN5daisy5video10CVideoNullE:107
0x4e1b80	265	_ZN5daisy5video10CVideoNull18allocatePPSurfacesEj	mac-vtable:_ZTVN5daisy5video10CVideoNullE:100
0x4e1c90	94	_ZN5daisy5video10CVideoNull22addExternalImageLoaderEPN2ox5video12IImageLoaderE	mac-vtable:_ZTVN5daisy5video10CVideoNullE:69
0x4e1cf0	617	_ZN5daisy5video10CVideoNullD1Ev	mac-vtable:_ZTVN5daisy5video10CVideoNullE:2
0x4e2730	623	_ZN5daisy5video10CVideoNullD0Ev	mac-vtable:_ZTVN5daisy5video10CVideoNullE:3
0x4e31d0	617	_ZN5daisy5video10CVideoNull19findParticlePackageEPKc	mac-vtable:_ZTVN5daisy5video10CVideoNullE:113
0x4e3440	617	_ZN5daisy5video10CVideoNull17findSpritePackageEPKc	mac-vtable:_ZTVN5daisy5video10CVideoNullE:112
0x4e36b0	287	_ZN5daisy5video10CVideoNull23setMaterialRendererNameEiPKc	mac-vtable:_ZTVN5daisy5video10CVideoNullE:78
0x4e37d0	157	_ZN5daisy5video10CVideoNull13removeTextureEPN2ox5video8ITextureE	mac-vtable:_ZTVN5daisy5video10CVideoNullE:17
0x4e3870	476	_ZN5daisy5video10CVideoNull13removeTextureEPKc	mac-vtable:_ZTVN5daisy5video10CVideoNullE:18
0x4e3a50	665	_ZN5daisy5video10CVideoNull21removeParticlePackageEPKc	mac-vtable:_ZTVN5daisy5video10CVideoNullE:25
0x4e3cf0	665	_ZN5daisy5video10CVideoNull19removeSpritePackageEPKc	mac-vtable:_ZTVN5daisy5video10CVideoNullE:22
0x4e3f90	803	_ZN5daisy5video10CVideoNull19addMaterialRendererEPN2ox5video17IMaterialRendererEPKc	mac-vtable:_ZTVN5daisy5video10CVideoNullE:77
0x4e42c0	762	_ZN5daisy5video10CVideoNull18getParticlePackageEPKc	mac-vtable:_ZTVN5daisy5video10CVideoNullE:24
0x4e47e0	222	_ZN5daisy5video10CVideoNull10addTextureERKN2ox4core12CDimension2dIiEEPKcNS2_5video13ECOLOR_FORMATE	mac-vtable:_ZTVN5daisy5video10CVideoNullE:15
0x4e48c0	127	_ZN5daisy5video10CVideoNull10addTextureEPKcPN2ox5video6IImageE	mac-vtable:_ZTVN5daisy5video10CVideoNullE:16
0x4e4940	178	_ZN5daisy5video10CVideoNull10getTextureEPN2ox2io9IReadFileE	mac-vtable:_ZTVN5daisy5video10CVideoNullE:14
0x4e4a00	201	_ZN5daisy5video10CVideoNull10getTextureEPKc	mac-vtable:_ZTVN5daisy5video10CVideoNullE:13
0x4e4ad0	778	_ZN5daisy5video10CVideoNull16getSpritePackageEPKcb	mac-vtable:_ZTVN5daisy5video10CVideoNullE:21
0x4e4de0	8	_ZN2ox5video12IVideoDriverD1Ev	mac-vtable:_ZTVN2ox5video12IVideoDriverE:2
0x4e4df0	2	_ZN5daisy5video10CVideoNull11clearScreenEbN2ox5video6SColorE	mac-vtable:_ZTVN5daisy5video10CVideoNullE:5
0x4e4e00	2	_ZN5daisy5video10CVideoNull22useMaterialShaderFor2DEb	mac-vtable:_ZTVN5daisy5video10CVideoNullE:11
0x4e4e10	2	_ZN5daisy5video10CVideoNull11flushRenderEv	mac-vtable:_ZTVN5daisy5video10CVideoNullE:12
0x4e4e20	2	_ZN5daisy5video10CVideoNull17drawScaled2DImageEPN2ox5video8ITextureERKNS2_4core11CPosition2dIfEERKNS6_5CRectIiEEfNS3_6SColorEb	mac-vtable:_ZTVN5daisy5video10CVideoNullE:43
0x4e4e30	2	_ZN5daisy5video10CVideoNull11draw2DImageEPN2ox5video8ITextureERKNS2_4core11CPosition2dIiEESA_SA_SA_RKNS6_5CRectIiEEPNS3_6SColorEb	mac-vtable:_ZTVN5daisy5video10CVideoNullE:45
0x4e4e40	2	_ZN5daisy5video10CVideoNull11draw2DImageEPN2ox5video8ITextureERKNS2_4core11CPosition2dIfEESA_SA_SA_RKNS6_5CRectIiEEPKNS3_11SColorArrayEb	mac-vtable:_ZTVN5daisy5video10CVideoNullE:46
0x4e4e50	2	_ZN5daisy5video10CVideoNull18draw2DTriangleListEPN2ox5video8ITextureEPNS2_4core11CPosition2dIfEES9_PNS3_6SColorEPiii	mac-vtable:_ZTVN5daisy5video10CVideoNullE:48
0x4e4e60	8	_ZN5daisy5video10CVideoNull13getFileSystemEv	mac-vtable:_ZTVN5daisy5video10CVideoNullE:89
0x4e4e70	3	_ZN5daisy5video10CVideoNull12isFullscreenEv	mac-vtable:_ZTVN5daisy5video10CVideoNullE:82
0x4e4e80	3	_ZN5daisy5video10CVideoNull13setFullscreenEb	mac-vtable:_ZTVN5daisy5video10CVideoNullE:83
0x4e4e90	3	_ZN5daisy5video10CVideoNull18saveJpegScreenshotEPKcS3_	mac-vtable:_ZTVN5daisy5video10CVideoNullE:90
0x4e4ea0	3	_ZN5daisy5video10CVideoNull19renderStatusChangedEPN2ox5video8ITextureEbbi	mac-vtable:_ZTVN5daisy5video10CVideoNullE:109
0x4e4eb0	2	_ZN5daisy5video10CVideoNull16flush2dRenderingEv	mac-vtable:_ZTVN5daisy5video10CVideoNullE:110
0x4e4ec0	2	_ZN5daisy5video10CVideoNull14setScissorRectEPN2ox4core5CRectIiEE	mac-vtable:_ZTVN5daisy5video10CVideoNullE:84
0x4e4ed0	12	_ZN2ox5video12IVideoDriverD0Ev	mac-vtable:_ZTVN2ox5video12IVideoDriverE:3
0x4eaaa0	87	_ZN5daisy5video12CVideoOpenGL12getTransformEN2ox5video22E_TRANSFORMATION_STATEE	mac-vtable:_ZTVN5daisy5video12CVideoOpenGLE:9
0x4eab00	143	_ZN5daisy5video12CVideoOpenGL11draw2DImageEPN2ox5video8ITextureERKNS2_4core11CPosition2dIiEE	mac-vtable:_ZTVN5daisy5video12CVideoOpenGLE:41
0x4eab90	168	_ZN5daisy5video12CVideoOpenGL12queryFeatureEN2ox5video22E_VIDEO_DRIVER_FEATUREE	mac-vtable:_ZTVN5daisy5video12CVideoOpenGLE:7
0x4eac40	6	_ZN5daisy5video12CVideoOpenGL7getNameEv	mac-vtable:_ZTVN5daisy5video12CVideoOpenGLE:68
0x4eac50	6	_ZN5daisy5video12CVideoOpenGL28getMaximalDynamicLightAmountEv	mac-vtable:_ZTVN5daisy5video12CVideoOpenGLE:65
0x4eac60	6	_ZN5daisy5video12CVideoOpenGL13getDriverTypeEv	mac-vtable:_ZTVN5daisy5video12CVideoOpenGLE:81
0x4eb320	73	_ZN5daisy5video12CVideoOpenGL23setVertexShaderConstantEPKfii	mac-vtable:_ZTVN5daisy5video12CVideoOpenGLE:116
0x4eb380	73	_ZN5daisy5video12CVideoOpenGL22setPixelShaderConstantEPKfii	mac-vtable:_ZTVN5daisy5video12CVideoOpenGLE:117
0x4eb3e0	12	_ZN5daisy5video12CVideoOpenGL23setVertexShaderConstantEPKcPKfi	mac-vtable:_ZTVN5daisy5video12CVideoOpenGLE:118
0x4eb400	4	_ZN5daisy5video12CVideoOpenGL14getVideoDriverEv	mac-vtable:_ZTVN5daisy5video12CVideoOpenGLE:120
0x4eb410	5	_ZN5daisy5video12CVideoOpenGL25getGPUProgrammingServicesEv	mac-vtable:_ZTVN5daisy5video12CVideoOpenGLE:87
0x4eb420	5	_ZN5daisy5video12CVideoOpenGL25getPostProcessingServicesEv	mac-vtable:_ZTVN5daisy5video12CVideoOpenGLE:88
0x4eb430	6	_ZN5daisy5video12CVideoOpenGL15setRenderTargetEPN2ox5video8ITextureEbbNS3_6SColorE	mac-vtable:_ZTVN5daisy5video12CVideoOpenGLE:31
0x4eb450	2	_ZN5daisy5video12CVideoOpenGL19captureScreenBufferEjRKN2ox4core5CRectIiEE	mac-vtable:_ZTVN5daisy5video12CVideoOpenGLE:103
0x4eb460	8	_ZN5daisy5video12CVideoOpenGL12isFullscreenEv	mac-vtable:_ZTVN5daisy5video12CVideoOpenGLE:82
0x4eb4b0	296	_ZN5daisy5video12CVideoOpenGL17drawScaled2DImageEPN2ox5video8ITextureERKNS2_4core11CPosition2dIfEERKNS6_5CRectIiEEfNS3_6SColorEb	mac-vtable:_ZTVN5daisy5video12CVideoOpenGLE:43
0x4eb5e0	65	_ZN5daisy5video12CVideoOpenGL19createScreenTextureERKN2ox4core12CDimension2dIiEE	mac-vtable:_ZTVN5daisy5video12CVideoOpenGLE:30
0x4eb630	145	_ZN5daisy5video12CVideoOpenGL28createDeviceDependentTextureEPN2ox5video6IImageE	mac-vtable:_ZTVN5daisy5video12CVideoOpenGLE:114
0x4eb6e0	294	_ZN5daisy5video12CVideoOpenGL19addCgShaderMaterialEPKcS3_S3_S3_PN2ox5video26IShaderConstantSetCallBackENS5_15E_MATERIAL_TYPEEbi	mac-vtable:_ZTVN5daisy5video12CVideoOpenGLE:97
0x4eb820	25	_ZN5daisy5video12CVideoOpenGL22setPixelShaderConstantEPKcPKfi	mac-vtable:_ZTVN5daisy5video12CVideoOpenGLE:119
0x4eb840	24	_ZN5daisy5video12CVideoOpenGL8OnResizeERKN2ox4core12CDimension2dIiEE	mac-vtable:_ZTVN5daisy5video12CVideoOpenGLE:76
0x4eb860	173	_ZN5daisy5video12CVideoOpenGL11setViewPortERKN2ox4core5CRectIiEE	mac-vtable:_ZTVN5daisy5video12CVideoOpenGLE:32
0x4eb910	244	_ZN5daisy5video12CVideoOpenGL6setFogEN2ox5video6SColorEbfffbb	mac-vtable:_ZTVN5daisy5video12CVideoOpenGLE:56
0x4eba10	508	_ZN5daisy5video12CVideoOpenGL17drawStencilShadowEbN2ox5video6SColorES4_S4_S4_	mac-vtable:_ZTVN5daisy5video12CVideoOpenGLE:54
0x4ebc10	762	_ZN5daisy5video12CVideoOpenGL23drawStencilShadowVolumeEPKN2ox4core9CVector3dIfEEib	mac-vtable:_ZTVN5daisy5video12CVideoOpenGLE:53
0x4ebf10	48	_ZN5daisy5video12CVideoOpenGL15setAmbientLightERKN2ox5video7SColorfE	mac-vtable:_ZTVN5daisy5video12CVideoOpenGLE:64
0x4ebf40	408	_ZN5daisy5video12CVideoOpenGL15addDynamicLightERKN2ox5video6SLightE	mac-vtable:_ZTVN5daisy5video12CVideoOpenGLE:63
0x4ec0e0	70	_ZN5daisy5video12CVideoOpenGL22deleteAllDynamicLightsEv	mac-vtable:_ZTVN5daisy5video12CVideoOpenGLE:62
0x4ec430	120	_ZN5daisy5video12CVideoOpenGL14setScissorRectEPN2ox4core5CRectIiEE	mac-vtable:_ZTVN5daisy5video12CVideoOpenGLE:84
0x4ec4c0	1201	_ZN5daisy5video12CVideoOpenGL20setBasicRenderStatesERKN2ox5video9SMaterialES6_b	mac-vtable:_ZTVN5daisy5video12CVideoOpenGLE:115
0x4ecbf0	17	_ZN5daisy5video12CVideoOpenGL16flush2dRenderingEv	mac-vtable:_ZTVN5daisy5video12CVideoOpenGLE:110
0x4ecc10	1227	_ZN5daisy5video12CVideoOpenGL11draw2DImageEPN2ox5video8ITextureERKNS2_4core11CPosition2dIiEERKNS6_5CRectIiEEPSD_PNS3_6SColorEb	mac-vtable:_ZTVN5daisy5video12CVideoOpenGLE:44
0x4ed0e0	1035	_ZN5daisy5video12CVideoOpenGL11draw2DImageEPN2ox5video8ITextureERKNS2_4core11CPosition2dIiEERKNS6_5CRectIiEEPSD_NS3_6SColorEb	mac-vtable:_ZTVN5daisy5video12CVideoOpenGLE:42
0x4ed4f0	102	_ZN5daisy5video12CVideoOpenGL11setMaterialERKN2ox5video9SMaterialE	mac-vtable:_ZTVN5daisy5video12CVideoOpenGLE:10
0x4ed5b0	559	_ZN5daisy5video12CVideoOpenGL15draw2DRectangleEN2ox5video6SColorERKNS2_4core5CRectIiEEPS8_	mac-vtable:_ZTVN5daisy5video12CVideoOpenGLE:47
0x4ed7e0	350	_ZN5daisy5video12CVideoOpenGL15draw2DLineFloatERKN2ox4core11CPosition2dIfEES7_NS2_5video6SColorE	mac-vtable:_ZTVN5daisy5video12CVideoOpenGLE:50
0x4ed940	345	_ZN5daisy5video12CVideoOpenGL10draw2DLineERKN2ox4core11CPosition2dIiEES7_NS2_5video6SColorE	mac-vtable:_ZTVN5daisy5video12CVideoOpenGLE:49
0x4edaa0	97	_ZN5daisy5video12CVideoOpenGL11clearScreenEbN2ox5video6SColorE	mac-vtable:_ZTVN5daisy5video12CVideoOpenGLE:5
0x4edb10	187	_ZN5daisy5video12CVideoOpenGL10beginSceneEbbN2ox5video6SColorE	mac-vtable:_ZTVN5daisy5video12CVideoOpenGLE:4
0x4edbd0	26	_ZN5daisy5video12CVideoOpenGL8endSceneEv	mac-vtable:_ZTVN5daisy5video12CVideoOpenGLE:6
0x4edc00	161	_ZN5daisy5video12CVideoOpenGLD0Ev	mac-vtable:_ZTVN5daisy5video12CVideoOpenGLE:3
0x4edcc0	269	_ZN5daisy5video12CVideoOpenGL26addHighLevelShaderMaterialEPKcS3_N2ox5video20E_VERTEX_SHADER_TYPEES3_S3_NS5_19E_PIXEL_SHADER_TYPEEPNS5_26IShaderConstantSetCallBackENS5_15E_MATERIAL_TYPEEi	mac-vtable:_ZTVN5daisy5video12CVideoOpenGLE:91
0x4edde0	206	_ZN5daisy5video12CVideoOpenGL17addShaderMaterialEPKcS3_PN2ox5video26IShaderConstantSetCallBackENS5_15E_MATERIAL_TYPEEi	mac-vtable:_ZTVN5daisy5video12CVideoOpenGLE:94
0x4ee0f0	1163	_ZN5daisy5video12CVideoOpenGL11draw2DImageEPN2ox5video8ITextureERKNS2_4core11CPosition2dIiEESA_SA_SA_RKNS6_5CRectIiEEPNS3_6SColorEb	mac-vtable:_ZTVN5daisy5video12CVideoOpenGLE:45
0x4ee580	1225	_ZN5daisy5video12CVideoOpenGL11draw2DImageEPN2ox5video8ITextureERKNS2_4core11CPosition2dIfEESA_SA_SA_RKNS6_5CRectIiEEPKNS3_11SColorArrayEb	mac-vtable:_ZTVN5daisy5video12CVideoOpenGLE:46
0x4eea50	3428	_ZN5daisy5video12CVideoOpenGL18saveJpegScreenshotEPKcS3_	mac-vtable:_ZTVN5daisy5video12CVideoOpenGLE:90
0x4ef7d0	153	_ZN5daisy5video12CVideoOpenGLD1Ev	mac-vtable:_ZTVN5daisy5video12CVideoOpenGLE:2
0x4f1210	26	_ZN5daisy5video12CVideoOpenGL13setFullscreenEb	mac-vtable:_ZTVN5daisy5video12CVideoOpenGLE:83
0x4f1230	212	_ZN5daisy5video12CVideoOpenGL10draw3DLineERKN2ox4core9CVector3dIfEES7_NS2_5video6SColorE	mac-vtable:_ZTVN5daisy5video12CVideoOpenGLE:38
0x4f1310	648	_ZN5daisy5video12CVideoOpenGL22drawIndexedTriangleFanEPKN2ox5video17S3DVertex2TCoordsEiPKti	mac-vtable:_ZTVN5daisy5video12CVideoOpenGLE:37
0x4f15a0	464	_ZN5daisy5video12CVideoOpenGL22drawIndexedTriangleFanEPKN2ox5video9S3DVertexEiPKti	mac-vtable:_ZTVN5daisy5video12CVideoOpenGLE:36
0x4f1770	656	_ZN5daisy5video12CVideoOpenGL23drawIndexedTriangleListEPKN2ox5video17S3DVertex2TCoordsEiPKti	mac-vtable:_ZTVN5daisy5video12CVideoOpenGLE:35
0x4f1a00	464	_ZN5daisy5video12CVideoOpenGL23drawIndexedTriangleListEPKN2ox5video9S3DVertexEiPKti	mac-vtable:_ZTVN5daisy5video12CVideoOpenGLE:34
0x4f1bd0	2712	_ZN5daisy5video12CVideoOpenGL12setTransformEN2ox5video22E_TRANSFORMATION_STATEERKNS2_4core8CMatrix4E	mac-vtable:_ZTVN5daisy5video12CVideoOpenGLE:8
0x4f2670	8	_ZN2ox5video17IMaterialRendererD1Ev	mac-vtable:_ZTVN2ox5video17IMaterialRendererE:2
0x4f2680	2	_ZN2ox5video17IMaterialRenderer13OnSetMaterialERNS0_9SMaterialERKS2_bPNS0_25IMaterialRendererServicesE	mac-vtable:_ZTVN5daisy5video23COpenGLMaterialRendererE:4
0x4f2690	6	_ZN2ox5video17IMaterialRenderer8OnRenderEPNS0_25IMaterialRendererServicesENS0_13E_VERTEX_TYPEE	mac-vtable:_ZTVN5daisy5video29COpenGLMaterialRenderer_SOLIDE:5
0x4f26a0	2	_ZN2ox5video17IMaterialRenderer15OnUnsetMaterialEv	mac-vtable:_ZTVN5daisy5video29COpenGLMaterialRenderer_SOLIDE:6
0x4f26b0	3	_ZN2ox5video17IMaterialRenderer13isTransparentEv	mac-vtable:_ZTVN5daisy5video29COpenGLMaterialRenderer_SOLIDE:7
0x4f26c0	8	_ZN2ox5video25IMaterialRendererServicesD1Ev	mac-vtable:_ZTVN2ox5video25IMaterialRendererServicesE:2
0x4f26d0	15	_ZN5daisy5video12CVideoOpenGL22useMaterialShaderFor2DEb	mac-vtable:_ZTVN5daisy5video12CVideoOpenGLE:11
0x4f26e0	2	_ZN5daisy5video12CVideoOpenGL11flushRenderEv	mac-vtable:_ZTVN5daisy5video12CVideoOpenGLE:12
0x4f26f0	8	_ZN5daisy5video23COpenGLMaterialRendererD1Ev	mac-vtable:_ZTVN5daisy5video23COpenGLMaterialRendererE:2
0x4f2700	6	_ZN5daisy5video45COpenGLMaterialRenderer_TRANSPARENT_ADD_COLOR13isTransparentEv	mac-vtable:_ZTVN5daisy5video45COpenGLMaterialRenderer_TRANSPARENT_ADD_COLORE:7
0x4f2710	6	_ZN5daisy5video48COpenGLMaterialRenderer_TRANSPARENT_VERTEX_ALPHA13isTransparentEv	mac-vtable:_ZTVN5daisy5video48COpenGLMaterialRenderer_TRANSPARENT_VERTEX_ALPHAE:7
0x4f2720	6	_ZN5daisy5video49COpenGLMaterialRenderer_TRANSPARENT_ALPHA_CHANNEL13isTransparentEv	mac-vtable:_ZTVN5daisy5video49COpenGLMaterialRenderer_TRANSPARENT_ALPHA_CHANNELE:7
0x4f2730	6	_ZN5daisy5video54COpenGLMaterialRenderer_TRANSPARENT_REFLECTION_2_LAYER13isTransparentEv	mac-vtable:_ZTVN5daisy5video54COpenGLMaterialRenderer_TRANSPARENT_REFLECTION_2_LAYERE:7
0x4f2740	8	_ZN5daisy5video54COpenGLMaterialRenderer_TRANSPARENT_REFLECTION_2_LAYERD1Ev	mac-vtable:_ZTVN5daisy5video54COpenGLMaterialRenderer_TRANSPARENT_REFLECTION_2_LAYERE:2
0x4f2750	8	_ZN5daisy5video42COpenGLMaterialRenderer_REFLECTION_2_LAYERD1Ev	mac-vtable:_ZTVN5daisy5video42COpenGLMaterialRenderer_REFLECTION_2_LAYERE:2
0x4f2760	8	_ZN5daisy5video34COpenGLMaterialRenderer_SPHERE_MAPD1Ev	mac-vtable:_ZTVN5daisy5video34COpenGLMaterialRenderer_SPHERE_MAPE:2
0x4f2770	8	_ZN5daisy5video32COpenGLMaterialRenderer_LIGHTMAPD1Ev	mac-vtable:_ZTVN5daisy5video32COpenGLMaterialRenderer_LIGHTMAPE:2
0x4f2780	8	_ZN5daisy5video49COpenGLMaterialRenderer_TRANSPARENT_ALPHA_CHANNELD1Ev	mac-vtable:_ZTVN5daisy5video49COpenGLMaterialRenderer_TRANSPARENT_ALPHA_CHANNELE:2
0x4f2790	8	_ZN5daisy5video48COpenGLMaterialRenderer_TRANSPARENT_VERTEX_ALPHAD1Ev	mac-vtable:_ZTVN5daisy5video48COpenGLMaterialRenderer_TRANSPARENT_VERTEX_ALPHAE:2
0x4f27a0	8	_ZN5daisy5video45COpenGLMaterialRenderer_TRANSPARENT_ADD_COLORD1Ev	mac-vtable:_ZTVN5daisy5video45COpenGLMaterialRenderer_TRANSPARENT_ADD_COLORE:2
0x4f27b0	8	_ZN5daisy5video37COpenGLMaterialRenderer_SOLID_2_LAYERD1Ev	mac-vtable:_ZTVN5daisy5video37COpenGLMaterialRenderer_SOLID_2_LAYERE:2
0x4f27c0	8	_ZN5daisy5video29COpenGLMaterialRenderer_SOLIDD1Ev	mac-vtable:_ZTVN5daisy5video29COpenGLMaterialRenderer_SOLIDE:2
0x4f27d0	12	_ZN5daisy5video29COpenGLMaterialRenderer_SOLIDD0Ev	mac-vtable:_ZTVN5daisy5video29COpenGLMaterialRenderer_SOLIDE:3
0x4f27e0	12	_ZN5daisy5video23COpenGLMaterialRendererD0Ev	mac-vtable:_ZTVN5daisy5video23COpenGLMaterialRendererE:3
0x4f27f0	12	_ZN2ox5video17IMaterialRendererD0Ev	mac-vtable:_ZTVN2ox5video17IMaterialRendererE:3
0x4f2800	12	_ZN5daisy5video37COpenGLMaterialRenderer_SOLID_2_LAYERD0Ev	mac-vtable:_ZTVN5daisy5video37COpenGLMaterialRenderer_SOLID_2_LAYERE:3
0x4f2810	12	_ZN5daisy5video32COpenGLMaterialRenderer_LIGHTMAPD0Ev	mac-vtable:_ZTVN5daisy5video32COpenGLMaterialRenderer_LIGHTMAPE:3
0x4f2820	12	_ZN5daisy5video34COpenGLMaterialRenderer_SPHERE_MAPD0Ev	mac-vtable:_ZTVN5daisy5video34COpenGLMaterialRenderer_SPHERE_MAPE:3
0x4f2830	12	_ZN5daisy5video42COpenGLMaterialRenderer_REFLECTION_2_LAYERD0Ev	mac-vtable:_ZTVN5daisy5video42COpenGLMaterialRenderer_REFLECTION_2_LAYERE:3
0x4f2840	12	_ZN5daisy5video45COpenGLMaterialRenderer_TRANSPARENT_ADD_COLORD0Ev	mac-vtable:_ZTVN5daisy5video45COpenGLMaterialRenderer_TRANSPARENT_ADD_COLORE:3
0x4f2850	12	_ZN5daisy5video49COpenGLMaterialRenderer_TRANSPARENT_ALPHA_CHANNELD0Ev	mac-vtable:_ZTVN5daisy5video49COpenGLMaterialRenderer_TRANSPARENT_ALPHA_CHANNELE:3
0x4f2860	12	_ZN5daisy5video48COpenGLMaterialRenderer_TRANSPARENT_VERTEX_ALPHAD0Ev	mac-vtable:_ZTVN5daisy5video48COpenGLMaterialRenderer_TRANSPARENT_VERTEX_ALPHAE:3
0x4f2870	12	_ZN5daisy5video54COpenGLMaterialRenderer_TRANSPARENT_REFLECTION_2_LAYERD0Ev	mac-vtable:_ZTVN5daisy5video54COpenGLMaterialRenderer_TRANSPARENT_REFLECTION_2_LAYERE:3
0x4f2880	12	_ZN2ox5video25IMaterialRendererServicesD0Ev	mac-vtable:_ZTVN2ox5video25IMaterialRendererServicesE:3
0x4f2890	28	_ZN5daisy5video34COpenGLMaterialRenderer_SPHERE_MAP15OnUnsetMaterialEv	mac-vtable:_ZTVN5daisy5video34COpenGLMaterialRenderer_SPHERE_MAPE:6
0x4f28b0	28	_ZN5daisy5video54COpenGLMaterialRenderer_TRANSPARENT_REFLECTION_2_LAYER15OnUnsetMaterialEv	mac-vtable:_ZTVN5daisy5video54COpenGLMaterialRenderer_TRANSPARENT_REFLECTION_2_LAYERE:6
0x4f28d0	561	_ZN5daisy5video32COpenGLMaterialRenderer_LIGHTMAP13OnSetMaterialERN2ox5video9SMaterialERKS4_bPNS3_25IMaterialRendererServicesE	mac-vtable:_ZTVN5daisy5video32COpenGLMaterialRenderer_LIGHTMAPE:4
0x4f2b10	92	_ZN5daisy5video42COpenGLMaterialRenderer_REFLECTION_2_LAYER15OnUnsetMaterialEv	mac-vtable:_ZTVN5daisy5video42COpenGLMaterialRenderer_REFLECTION_2_LAYERE:6
0x4f2b70	178	_ZN5daisy5video29COpenGLMaterialRenderer_SOLID13OnSetMaterialERN2ox5video9SMaterialERKS4_bPNS3_25IMaterialRendererServicesE	mac-vtable:_ZTVN5daisy5video29COpenGLMaterialRenderer_SOLIDE:4
0x4f2c30	133	_ZN5daisy5video37COpenGLMaterialRenderer_SOLID_2_LAYER13OnSetMaterialERN2ox5video9SMaterialERKS4_bPNS3_25IMaterialRendererServicesE	mac-vtable:_ZTVN5daisy5video37COpenGLMaterialRenderer_SOLID_2_LAYERE:4
0x4f2cc0	234	_ZN5daisy5video45COpenGLMaterialRenderer_TRANSPARENT_ADD_COLOR13OnSetMaterialERN2ox5video9SMaterialERKS4_bPNS3_25IMaterialRendererServicesE	mac-vtable:_ZTVN5daisy5video45COpenGLMaterialRenderer_TRANSPARENT_ADD_COLORE:4
0x4f2db0	245	_ZN5daisy5video49COpenGLMaterialRenderer_TRANSPARENT_ALPHA_CHANNEL13OnSetMaterialERN2ox5video9SMaterialERKS4_bPNS3_25IMaterialRendererServicesE	mac-vtable:_ZTVN5daisy5video49COpenGLMaterialRenderer_TRANSPARENT_ALPHA_CHANNELE:4
0x4f2eb0	234	_ZN5daisy5video48COpenGLMaterialRenderer_TRANSPARENT_VERTEX_ALPHA13OnSetMaterialERN2ox5video9SMaterialERKS4_bPNS3_25IMaterialRendererServicesE	mac-vtable:_ZTVN5daisy5video48COpenGLMaterialRenderer_TRANSPARENT_VERTEX_ALPHAE:4
0x4f2fa0	316	_ZN5daisy5video34COpenGLMaterialRenderer_SPHERE_MAP13OnSetMaterialERN2ox5video9SMaterialERKS4_bPNS3_25IMaterialRendererServicesE	mac-vtable:_ZTVN5daisy5video34COpenGLMaterialRenderer_SPHERE_MAPE:4
0x4f30e0	316	_ZN5daisy5video42COpenGLMaterialRenderer_REFLECTION_2_LAYER13OnSetMaterialERN2ox5video9SMaterialERKS4_bPNS3_25IMaterialRendererServicesE	mac-vtable:_ZTVN5daisy5video42COpenGLMaterialRenderer_REFLECTION_2_LAYERE:4
0x4f3220	332	_ZN5daisy5video54COpenGLMaterialRenderer_TRANSPARENT_REFLECTION_2_LAYER13OnSetMaterialERN2ox5video9SMaterialERKS4_bPNS3_25IMaterialRendererServicesE	mac-vtable:_ZTVN5daisy5video54COpenGLMaterialRenderer_TRANSPARENT_REFLECTION_2_LAYERE:4
0x4f35c0	13	_ZN5daisy5video16CSoftwareTexture4lockEv	mac-vtable:_ZTVN5daisy5video16CSoftwareTextureE:4
0x4f35d0	5	_ZN5daisy5video16CSoftwareTexture15getOriginalSizeEv	mac-vtable:_ZTVN5daisy5video16CSoftwareTextureE:6
0x4f35e0	13	_ZN5daisy5video16CSoftwareTexture7getSizeEv	mac-vtable:_ZTVN5daisy5video16CSoftwareTextureE:7
0x4f35f0	5	_ZN5daisy5video16CSoftwareTexture8getImageEv	mac-vtable:_ZTVN5daisy5video16CSoftwareTextureE:11
0x4f3600	5	_ZN5daisy5video16CSoftwareTexture10getTextureEv	mac-vtable:_ZTVN5daisy5video16CSoftwareTextureE:12
0x4f3610	6	_ZN5daisy5video16CSoftwareTexture13getDriverTypeEv	mac-vtable:_ZTVN5daisy5video16CSoftwareTextureE:8
0x4f3620	3	_ZN5daisy5video16CSoftwareTexture14getColorFormatEv	mac-vtable:_ZTVN5daisy5video16CSoftwareTextureE:9
0x4f3630	23	_ZN5daisy5video16CSoftwareTexture8getPitchEv	mac-vtable:_ZTVN5daisy5video16CSoftwareTextureE:10
0x4f3680	58	_ZN5daisy5video16CSoftwareTexture6unlockEv	mac-vtable:_ZTVN5daisy5video16CSoftwareTextureE:5
0x4f39a0	98	_ZN5daisy5video16CSoftwareTextureD0Ev	mac-vtable:_ZTVN5daisy5video16CSoftwareTextureE:3
0x4f3a10	91	_ZN5daisy5video16CSoftwareTextureD1Ev	mac-vtable:_ZTVN5daisy5video16CSoftwareTextureE:2
0x4f3a70	8	_ZN2ox5video8ITextureD1Ev	mac-vtable:_ZTVN2ox5video8ITextureE:2
0x4f3a80	12	_ZN2ox5video8ITextureD0Ev	mac-vtable:_ZTVN2ox5video8ITextureE:3
0x4f3b90	19	_ZN5daisy5video14CVideoSoftware12queryFeatureEN2ox5video22E_VIDEO_DRIVER_FEATUREE	mac-vtable:_ZTVN5daisy5video14CVideoSoftwareE:7
0x4f3bb0	45	_ZN5daisy5video14CVideoSoftware12setTransformEN2ox5video22E_TRANSFORMATION_STATEERKNS2_4core8CMatrix4E	mac-vtable:_ZTVN5daisy5video14CVideoSoftwareE:8
0x4f3be0	234	_ZN5daisy5video14CVideoSoftware11setViewPortERKN2ox4core5CRectIiEE	mac-vtable:_ZTVN5daisy5video14CVideoSoftwareE:32
0x4f3ce0	6	_ZN5daisy5video14CVideoSoftware7getNameEv	mac-vtable:_ZTVN5daisy5video14CVideoSoftwareE:68
0x4f3cf0	6	_ZN5daisy5video14CVideoSoftware13getDriverTypeEv	mac-vtable:_ZTVN5daisy5video14CVideoSoftwareE:81
0x4f3d00	82	_ZN5daisy5video14CVideoSoftware12getTransformEN2ox5video22E_TRANSFORMATION_STATEE	mac-vtable:_ZTVN5daisy5video14CVideoSoftwareE:9
0x4f3d60	3	_ZN5daisy5video14CVideoSoftware12isFullscreenEv	mac-vtable:_ZTVN5daisy5video14CVideoSoftwareE:82
0x4f3da0	139	_ZN5daisy5video14CVideoSoftware15draw2DRectangleEN2ox5video6SColorERKNS2_4core5CRectIiEEPS8_	mac-vtable:_ZTVN5daisy5video14CVideoSoftwareE:47
0x4f3e30	406	_ZN5daisy5video14CVideoSoftware11draw2DImageEPN2ox5video8ITextureERKNS2_4core11CPosition2dIiEERKNS6_5CRectIiEEPSD_NS3_6SColorEb	mac-vtable:_ZTVN5daisy5video14CVideoSoftwareE:42
0x4f3fd0	163	_ZN5daisy5video14CVideoSoftware11draw2DImageEPN2ox5video8ITextureERKNS2_4core11CPosition2dIiEE	mac-vtable:_ZTVN5daisy5video14CVideoSoftwareE:41
0x4f4080	35	_ZN5daisy5video14CVideoSoftware8endSceneEv	mac-vtable:_ZTVN5daisy5video14CVideoSoftwareE:6
0x4f40b0	71	_ZN5daisy5video14CVideoSoftware10draw2DLineERKN2ox4core11CPosition2dIiEES7_NS2_5video6SColorE	mac-vtable:_ZTVN5daisy5video14CVideoSoftwareE:49
0x4f4100	163	_ZN5daisy5video14CVideoSoftware10beginSceneEbbN2ox5video6SColorE	mac-vtable:_ZTVN5daisy5video14CVideoSoftwareE:4
0x4f4290	130	_ZN5daisy5video14CVideoSoftware15setRenderTargetEPN2ox5video8ITextureE	mac-vtable:_ZTVN5daisy5video14CVideoSoftwareE:115
0x4f4760	75	_ZN5daisy5video14CVideoSoftware11setMaterialERKN2ox5video9SMaterialE	mac-vtable:_ZTVN5daisy5video14CVideoSoftwareE:10
0x4f47b0	388	_ZN5daisy5video14CVideoSoftware22drawIndexedTriangleFanEPKN2ox5video17S3DVertex2TCoordsEiPKti	mac-vtable:_ZTVN5daisy5video14CVideoSoftwareE:37
0x4f4940	388	_ZN5daisy5video14CVideoSoftware22drawIndexedTriangleFanEPKN2ox5video9S3DVertexEiPKti	mac-vtable:_ZTVN5daisy5video14CVideoSoftwareE:36
0x4f4ad0	305	_ZN5daisy5video14CVideoSoftwareD0Ev	mac-vtable:_ZTVN5daisy5video14CVideoSoftwareE:3
0x4f4c10	297	_ZN5daisy5video14CVideoSoftwareD1Ev	mac-vtable:_ZTVN5daisy5video14CVideoSoftwareE:2
0x4f65b0	3230	_ZN5daisy5video14CVideoSoftware23drawIndexedTriangleListEPKN2ox5video9S3DVertexEiPKti	mac-vtable:_ZTVN5daisy5video14CVideoSoftwareE:34
0x4f7250	3230	_ZN5daisy5video14CVideoSoftware23drawIndexedTriangleListEPKN2ox5video17S3DVertex2TCoordsEiPKti	mac-vtable:_ZTVN5daisy5video14CVideoSoftwareE:35
0x4f7ef0	2	_ZN5daisy5video14CVideoSoftware22useMaterialShaderFor2DEb	mac-vtable:_ZTVN5daisy5video14CVideoSoftwareE:11
0x4f8010	32	_ZN5daisy5video8CZBuffer5clearEv	mac-vtable:_ZTVN5daisy5video8CZBufferE:4
0x4f8030	5	_ZN5daisy5video8CZBuffer7getSizeEv	mac-vtable:_ZTVN5daisy5video8CZBufferE:6
0x4f8040	5	_ZN5daisy5video8CZBuffer4lockEv	mac-vtable:_ZTVN5daisy5video8CZBufferE:7
0x4f8050	2	_ZN5daisy5video8CZBuffer6unlockEv	mac-vtable:_ZTVN5daisy5video8CZBufferE:8
0x4f8090	41	_ZN5daisy5video8CZBufferD0Ev	mac-vtable:_ZTVN5daisy5video8CZBufferE:3
0x4f80c0	34	_ZN5daisy5video8CZBufferD1Ev	mac-vtable:_ZTVN5daisy5video8CZBufferE:2
0x4f80f0	34	_ZN5daisy5video8CZBufferD2Ev	match:daisy/video/Software/CZBuffer.cpp
0x4f8120	106	_ZN5daisy5video8CZBuffer7setSizeERKN2ox4core12CDimension2dIiEE	mac-vtable:_ZTVN5daisy5video8CZBufferE:5
0x4f8190	85	_ZN5daisy5video8CZBufferC1ERKN2ox4core12CDimension2dIiEE	match:daisy/video/Software/CZBuffer.cpp
0x4f81f0	78	_ZN5daisy5video13createZBufferERKN2ox4core12CDimension2dIiEE	match:daisy/video/Software/CZBuffer.cpp
0x4f8240	85	_ZN5daisy5video8CZBufferC2ERKN2ox4core12CDimension2dIiEE	match:daisy/video/Software/CZBuffer.cpp
0x4f82a0	8	_ZN5daisy5video8IZBufferD1Ev	mac-vtable:_ZTVN5daisy5video8IZBufferE:2
0x4f82b0	12	_ZN5daisy5video8IZBufferD0Ev	mac-vtable:_ZTVN5daisy5video8IZBufferE:3
0x4f8320	2	_ZN5daisy5audio13COpenALDriver21deviceDampenAllSoundsEf	mac-vtable:_ZTVN5daisy5audio13COpenALDriverE:41
0x4f84d0	8	_ZN5daisy5audio13COpenALDriver20deviceIsMusicPlayingEPNS0_14CMusicInfoStubE	mac-vtable:_ZTVN5daisy5audio13COpenALDriverE:49
0x4f8590	63	_ZN5daisy5audio13COpenALDriver17deviceUpdateMusicEPNS0_14CMusicInfoStubEf	mac-vtable:_ZTVN5daisy5audio13COpenALDriverE:48
0x4f85d0	33	_ZN5daisy5audio13COpenALDriver15deviceStopSoundEPNS0_14CSoundInfoStubE	mac-vtable:_ZTVN5daisy5audio13COpenALDriverE:44
0x4f8600	33	_ZN5daisy5audio13COpenALDriver19deviceStopLoopSoundEPNS0_14CSoundInfoStubE	mac-vtable:_ZTVN5daisy5audio13COpenALDriverE:43
0x4f8630	27	_ZN5daisy5audio13COpenALDriver22deviceStopTrackedSoundEPNS0_21CTrackedSoundInfoStubE	mac-vtable:_ZTVN5daisy5audio13COpenALDriverE:55
0x4f8830	8	_ZN5daisy5audio13COpenALDriver15deviceStopMusicEPNS0_14CMusicInfoStubE	mac-vtable:_ZTVN5daisy5audio13COpenALDriverE:47
0x4f8840	163	_ZN5daisy5audio13COpenALDriver24deviceUpdateTrackedSoundEPNS0_21CTrackedSoundInfoStubEffRKN2ox4core9CVector3dIfEES9_	mac-vtable:_ZTVN5daisy5audio13COpenALDriverE:56
0x4f8aa0	118	_ZN5daisy5audio13COpenALDriver15devicePlayMusicEPNS0_14CMusicInfoStubEfbb	mac-vtable:_ZTVN5daisy5audio13COpenALDriverE:46
0x4f8b40	459	_ZN5daisy5audio13COpenALDriver23deviceStartTrackedSoundEPNS0_14CSoundInfoStubEffRKN2ox4core9CVector3dIfEES9_f	mac-vtable:_ZTVN5daisy5audio13COpenALDriverE:54
0x4f8d10	61	_ZN5daisy5audio13COpenALDriver28deviceSetListenerOrientationERKN2ox4core9CVector3dIfEES7_	mac-vtable:_ZTVN5daisy5audio13COpenALDriverE:52
0x4f8d50	24	_ZN5daisy5audio13COpenALDriver25deviceSetListenerVelocityERKN2ox4core9CVector3dIfEE	mac-vtable:_ZTVN5daisy5audio13COpenALDriverE:51
0x4f8d70	24	_ZN5daisy5audio13COpenALDriver25deviceSetListenerPositionERKN2ox4core9CVector3dIfEE	mac-vtable:_ZTVN5daisy5audio13COpenALDriverE:50
0x4f8e70	400	_ZN5daisy5audio13COpenALDriver15deviceLoopSoundEPNS0_14CSoundInfoStubEffff	mac-vtable:_ZTVN5daisy5audio13COpenALDriverE:42
0x4f9000	415	_ZN5daisy5audio13COpenALDriver23devicePlayOrientedSoundEPNS0_14CSoundInfoStubEffRKN2ox4core9CVector3dIfEES9_	mac-vtable:_ZTVN5daisy5audio13COpenALDriverE:53
0x4f91a0	349	_ZN5daisy5audio13COpenALDriver15devicePlaySoundEPNS0_14CSoundInfoStubEfff	mac-vtable:_ZTVN5daisy5audio13COpenALDriverE:40
0x4f9520	11	_ZN5daisy5audio13COpenALDriver22setOpenAlDistanceModelEi	mac-vtable:_ZTVN5daisy5audio13COpenALDriverE:15
0x4f9530	275	_ZN5daisy5audio13COpenALDriver22setGlobalPitchModifierEf	mac-vtable:_ZTVN5daisy5audio13COpenALDriverE:12
0x4f9650	153	_ZN5daisy5audio13COpenALDriver20periodicStreamUpdateEv	mac-vtable:_ZTVN5daisy5audio13COpenALDriverE:5
0x4f9aa0	201	_ZN5daisy5audio13COpenALDriverD0Ev	mac-vtable:_ZTVN5daisy5audio13COpenALDriverE:3
0x4f9b70	193	_ZN5daisy5audio13COpenALDriverD1Ev	mac-vtable:_ZTVN5daisy5audio13COpenALDriverE:2
0x4f9c40	823	_ZN5daisy5audio13COpenALDriver15deviceLoadMusicEPKc	mac-vtable:_ZTVN5daisy5audio13COpenALDriverE:45
0x4fa3d0	1081	_ZN5daisy5audio13COpenALDriver15deviceLoadSoundEPKc	mac-vtable:_ZTVN5daisy5audio13COpenALDriverE:39
0x4fa810	8	_ZN5daisy5audio14CSoundInfoStubD1Ev	mac-vtable:_ZTVN5daisy5audio14CSoundInfoStubE:2
0x4fa820	8	_ZN5daisy5audio21CTrackedSoundInfoStubD1Ev	mac-vtable:_ZTVN5daisy5audio21CTrackedSoundInfoStubE:2
0x4fa830	8	_ZN5daisy5audio14CMusicInfoStubD1Ev	mac-vtable:_ZTVN5daisy5audio14CMusicInfoStubE:2
0x4fa840	9	_ZN5daisy5audio12CAudioDriver16setSoundPriorityEf	mac-vtable:_ZTVN5daisy5audio13COpenALDriverE:16
0x4fa850	8	_ZN5daisy5audio16COpenALSoundInfoD1Ev	mac-vtable:_ZTVN5daisy5audio16COpenALSoundInfoE:2
0x4fa860	8	_ZN5daisy5audio23COpenALTrackedSoundInfoD1Ev	mac-vtable:_ZTVN5daisy5audio23COpenALTrackedSoundInfoE:2
0x4fa870	12	_ZN5daisy5audio23COpenALTrackedSoundInfoD0Ev	mac-vtable:_ZTVN5daisy5audio23COpenALTrackedSoundInfoE:3
0x4fa880	12	_ZN5daisy5audio21CTrackedSoundInfoStubD0Ev	mac-vtable:_ZTVN5daisy5audio21CTrackedSoundInfoStubE:3
0x4fa890	12	_ZN5daisy5audio14CMusicInfoStubD0Ev	mac-vtable:_ZTVN5daisy5audio14CMusicInfoStubE:3
0x4fa8a0	12	_ZN5daisy5audio16COpenALSoundInfoD0Ev	mac-vtable:_ZTVN5daisy5audio16COpenALSoundInfoE:3
0x4fa8b0	12	_ZN5daisy5audio14CSoundInfoStubD0Ev	mac-vtable:_ZTVN5daisy5audio14CSoundInfoStubE:3
0x4fa8c0	93	_ZN5daisy5audio16COpenALMusicInfoD0Ev	mac-vtable:_ZTVN5daisy5audio16COpenALMusicInfoE:3
0x4fa920	86	_ZN5daisy5audio16COpenALMusicInfoD1Ev	mac-vtable:_ZTVN5daisy5audio16COpenALMusicInfoE:2
0x4fa980	617	_ZN5daisy3gui15CGUIEnvironment7drawAllEv	mac-vtable:_ZTVN5daisy3gui15CGUIEnvironmentE:5
0x4fabf0	69	_ZN5daisy3gui15CGUIEnvironment8setFocusEPN2ox3gui11IGUIElementE	mac-vtable:_ZTVN5daisy3gui15CGUIEnvironmentE:6
0x4fac40	92	_ZN5daisy3gui15CGUIEnvironment11removeFocusEPN2ox3gui11IGUIElementE	mac-vtable:_ZTVN5daisy3gui15CGUIEnvironmentE:7
0x4faca0	11	_ZN5daisy3gui15CGUIEnvironment8hasFocusEPN2ox3gui11IGUIElementE	mac-vtable:_ZTVN5daisy3gui15CGUIEnvironmentE:8
0x4facb0	8	_ZN5daisy3gui15CGUIEnvironment14getVideoDriverEv	mac-vtable:_ZTVN5daisy3gui15CGUIEnvironmentE:9
0x4face0	43	_ZN5daisy3gui15CGUIEnvironment7OnEventERKN2ox5event6SEventE	mac-vtable:_ZTVN5daisy3gui15CGUIEnvironmentE:48
0x4fad10	8	_ZN5daisy3gui15CGUIEnvironment20setUserEventReceiverEPN2ox5event14IEventReceiverE	mac-vtable:_ZTVN5daisy3gui15CGUIEnvironmentE:11
0x4fad20	8	_ZN5daisy3gui15CGUIEnvironment7getSkinEv	mac-vtable:_ZTVN5daisy3gui15CGUIEnvironmentE:12
0x4fad30	8	_ZN5daisy3gui15CGUIEnvironment16getMousePositionEv	mac-vtable:_ZTVN5daisy3gui15CGUIEnvironmentE:15
0x4fad40	360	_ZN5daisy3gui15CGUIEnvironment19addHoverDescriptionEPN2ox3gui11IGUIElementEPKwPNS2_5video6SColorE	mac-vtable:_ZTVN5daisy3gui15CGUIEnvironmentE:25
0x4faeb0	239	_ZN5daisy3gui15CGUIEnvironment13addStaticTextEPKwPKcPN2ox3gui11IGUIElementEPNS7_8IGUIFontEi	mac-vtable:_ZTVN5daisy3gui15CGUIEnvironmentE:36
0x4fafa0	24	_ZN5daisy3gui15CGUIEnvironment14getBuiltInFontEv	mac-vtable:_ZTVN5daisy3gui15CGUIEnvironmentE:14
0x4fafc0	5	_ZN5daisy3gui15CGUIEnvironment17getRootGUIElementEv	mac-vtable:_ZTVN5daisy3gui15CGUIEnvironmentE:16
0x4fb000	503	_ZN5daisy3gui15CGUIEnvironment13addStaticTextEPKwiPN2ox3gui11IGUIElementEPNS5_8IGUIFontEiS3_	mac-vtable:_ZTVN5daisy3gui15CGUIEnvironmentE:35
0x4fb200	117	_ZN5daisy3gui15CGUIEnvironment13clearElementsEv	mac-vtable:_ZTVN5daisy3gui15CGUIEnvironmentE:4
0x4fb440	417	_ZN5daisy3gui15CGUIEnvironmentD0Ev	mac-vtable:_ZTVN5daisy3gui15CGUIEnvironmentE:3
0x4fb5f0	1110	_ZN5daisy3gui15CGUIEnvironment7getFontEPKc	mac-vtable:_ZTVN5daisy3gui15CGUIEnvironmentE:13
0x4fc210	296	_ZN5daisy3gui15CGUIEnvironment12addPopupMenuERKN2ox4core11CPosition2dIiEEiPKwPNS2_3gui8IGUIFontESC_PNSA_11IGUIElementEi	mac-vtable:_ZTVN5daisy3gui15CGUIEnvironmentE:46
0x4fc340	172	_ZN5daisy3gui15CGUIEnvironment12addClickAreaERKN2ox4core5CRectIiEEPNS2_3gui11IGUIElementEi	mac-vtable:_ZTVN5daisy3gui15CGUIEnvironmentE:47
0x4fc3f0	172	_ZN5daisy3gui15CGUIEnvironment11addComboBoxERKN2ox4core5CRectIiEEPNS2_3gui11IGUIElementEi	mac-vtable:_ZTVN5daisy3gui15CGUIEnvironmentE:45
0x4fc4a0	240	_ZN5daisy3gui15CGUIEnvironment13addInOutFaderEPKN2ox4core5CRectIiEEPNS2_3gui11IGUIElementEi	mac-vtable:_ZTVN5daisy3gui15CGUIEnvironmentE:38
0x4fc590	177	_ZN5daisy3gui15CGUIEnvironment10addToolBarEPN2ox3gui11IGUIElementEi	mac-vtable:_ZTVN5daisy3gui15CGUIEnvironmentE:44
0x4fc650	189	_ZN5daisy3gui15CGUIEnvironment7addMenuEPN2ox3gui11IGUIElementEi	mac-vtable:_ZTVN5daisy3gui15CGUIEnvironmentE:43
0x4fc710	178	_ZN5daisy3gui15CGUIEnvironment14addContextMenuERKN2ox4core5CRectIiEEPNS2_3gui11IGUIElementEi	mac-vtable:_ZTVN5daisy3gui15CGUIEnvironmentE:42
0x4fc7d0	163	_ZN5daisy3gui15CGUIEnvironment6addTabERKN2ox4core5CRectIiEEPNS2_3gui11IGUIElementEi	mac-vtable:_ZTVN5daisy3gui15CGUIEnvironmentE:41
0x4fc880	168	_ZN5daisy3gui15CGUIEnvironment15addTabButtonRowERKN2ox4core11CPosition2dIiEEiPNS2_3gui11IGUIElementEi	mac-vtable:_ZTVN5daisy3gui15CGUIEnvironmentE:40
0x4fc930	192	_ZN5daisy3gui15CGUIEnvironment13addTabControlERKN2ox4core5CRectIiEEPNS2_3gui11IGUIElementEbbi	mac-vtable:_ZTVN5daisy3gui15CGUIEnvironmentE:39
0x4fc9f0	193	_ZN5daisy3gui15CGUIEnvironment10addEditBoxEPKwRKN2ox4core5CRectIiEEbPNS4_3gui11IGUIElementEi	mac-vtable:_ZTVN5daisy3gui15CGUIEnvironmentE:37
0x4fcac0	213	_ZN5daisy3gui15CGUIEnvironment13addStaticTextEPKwRKN2ox4core5CRectIiEEbbPNS4_3gui11IGUIElementEiS3_	mac-vtable:_ZTVN5daisy3gui15CGUIEnvironmentE:34
0x4fcba0	109	_ZN5daisy3gui15CGUIEnvironment14addModalScreenEv	mac-vtable:_ZTVN5daisy3gui15CGUIEnvironmentE:18
0x4fcc10	242	_ZN5daisy3gui15CGUIEnvironment17addFileOpenDialogEPKwbPN2ox3gui11IGUIElementEiPKcS9_	mac-vtable:_ZTVN5daisy3gui15CGUIEnvironmentE:33
0x4fcd10	210	_ZN5daisy3gui15CGUIEnvironment10addListBoxERKN2ox4core5CRectIiEEPNS2_3gui11IGUIElementEib	mac-vtable:_ZTVN5daisy3gui15CGUIEnvironmentE:31
0x4fcdf0	257	_ZN5daisy3gui15CGUIEnvironment14addLayoutGroupERKN2ox4core5CRectIiEEPNS2_3gui11IGUIElementE	mac-vtable:_ZTVN5daisy3gui15CGUIEnvironmentE:24
0x4fcf00	193	_ZN5daisy3gui15CGUIEnvironment12addScrollBarEbRKN2ox4core5CRectIiEEPNS2_3gui11IGUIElementEi	mac-vtable:_ZTVN5daisy3gui15CGUIEnvironmentE:27
0x4fcfd0	172	_ZN5daisy3gui15CGUIEnvironment12addRadioListERKN2ox4core5CRectIiEEPNS2_3gui11IGUIElementEi	mac-vtable:_ZTVN5daisy3gui15CGUIEnvironmentE:30
0x4fd080	219	_ZN5daisy3gui15CGUIEnvironment11addCheckBoxEbRKN2ox4core5CRectIiEEPNS2_3gui11IGUIElementEiPKw	mac-vtable:_ZTVN5daisy3gui15CGUIEnvironmentE:29
0x4fd160	206	_ZN5daisy3gui15CGUIEnvironment13addMeshViewerERKN2ox4core5CRectIiEEPNS2_3gui11IGUIElementEiPKw	mac-vtable:_ZTVN5daisy3gui15CGUIEnvironmentE:32
0x4fd230	206	_ZN5daisy3gui15CGUIEnvironment8addImageERKN2ox4core5CRectIiEEPNS2_3gui11IGUIElementEiPKw	mac-vtable:_ZTVN5daisy3gui15CGUIEnvironmentE:28
0x4fd300	230	_ZN5daisy3gui15CGUIEnvironment18addDetachableFrameERKN2ox4core5CRectIiEEPNS2_3gui11IGUIElementEijbb	mac-vtable:_ZTVN5daisy3gui15CGUIEnvironmentE:23
0x4fd3f0	178	_ZN5daisy3gui15CGUIEnvironment8addFrameERKN2ox4core5CRectIiEEPNS2_3gui11IGUIElementEi	mac-vtable:_ZTVN5daisy3gui15CGUIEnvironmentE:22
0x4fd4b0	287	_ZN5daisy3gui15CGUIEnvironment9addWindowERKN2ox4core5CRectIiEEbPKwPNS2_3gui11IGUIElementEi	mac-vtable:_ZTVN5daisy3gui15CGUIEnvironmentE:21
0x4fd5d0	258	_ZN5daisy3gui15CGUIEnvironment13addTextButtonEPKwPKcPcPN2ox3gui8IGUIFontENS7_5video6SColorEPNS8_11IGUIElementEi	mac-vtable:_ZTVN5daisy3gui15CGUIEnvironmentE:20
0x4fd6e0	195	_ZN5daisy3gui15CGUIEnvironment9addButtonERKN2ox4core5CRectIiEEPNS2_3gui11IGUIElementEiPKw	mac-vtable:_ZTVN5daisy3gui15CGUIEnvironmentE:19
0x4fd7b0	452	_ZN5daisy3gui15CGUIEnvironment13addMessageBoxEPKwS3_biPN2ox3gui11IGUIElementEi	mac-vtable:_ZTVN5daisy3gui15CGUIEnvironmentE:26
0x4fd990	178	_ZN5daisy3gui15CGUIEnvironment8addChildEPN2ox3gui11IGUIElementE	mac-vtable:_ZTVN5daisy3gui15CGUIEnvironmentE:49
0x4fe3a0	377	_ZN5daisy3gui15CGUIEnvironment17postEventFromUserEN2ox5event6SEventE	mac-vtable:_ZTVN5daisy3gui15CGUIEnvironmentE:10
0x4fe540	514	_ZN5daisy3gui15CGUIEnvironmentD1Ev	mac-vtable:_ZTVN5daisy3gui15CGUIEnvironmentE:2
0x4fe750	89	_ZN2ox3gui11IGUIElement19setRelativePositionERKNS_4core5CRectIiEE	mac-vtable:_ZTVN5daisy3gui15CGUIEnvironmentE:55
0x4fe7b0	84	_ZN2ox3gui11IGUIElement29getParentAbsoluteClippingRectEb	mac-vtable:_ZTVN2ox3gui15IGUIHoverParentE:5
0x4fe810	233	_ZN2ox3gui11IGUIElement22updateAbsolutePositionEv	mac-vtable:_ZTVN5daisy3gui15CGUIEnvironmentE:57
0x4fe900	232	_ZN2ox3gui11IGUIElement4drawEv	mac-vtable:_ZTVN5daisy3gui15CGUIEnvironmentE:62
0x4fe9f0	31	_ZN2ox3gui11IGUIElement4moveENS_4core11CPosition2dIiEE	mac-vtable:_ZTVN5daisy3gui15CGUIEnvironmentE:63
0x4fea10	60	_ZN2ox3gui11IGUIElement6moveToENS_4core11CPosition2dIiEE	mac-vtable:_ZTVN5daisy3gui15CGUIEnvironmentE:64
0x4fea50	70	_ZN2ox3gui11IGUIElement12centerOnRectERKNS_4core5CRectIiEE	mac-vtable:_ZTVN5daisy3gui15CGUIEnvironmentE:65
0x4feaa0	52	_ZN2ox3gui11IGUIElement14centerOnParentEv	mac-vtable:_ZTVN5daisy3gui15CGUIEnvironmentE:66
0x4feae0	5	_ZN2ox3gui11IGUIElement9isVisibleEv	mac-vtable:_ZTVN5daisy3gui15CGUIEnvironmentE:67
0x4feaf0	5	_ZN2ox3gui11IGUIElement10setVisibleEb	mac-vtable:_ZTVN5daisy3gui15CGUIEnvironmentE:68
0x4feb00	5	_ZN2ox3gui11IGUIElement9isEnabledEv	mac-vtable:_ZTVN5daisy3gui15CGUIEnvironmentE:69
0x4feb10	61	_ZN2ox3gui11IGUIElement10setEnabledEb	mac-vtable:_ZTVN5daisy3gui15CGUIEnvironmentE:70
0x4feb50	5	_ZN2ox3gui11IGUIElement7isFixedEv	mac-vtable:_ZTVN5daisy3gui15CGUIEnvironmentE:71
0x4feb60	5	_ZN2ox3gui11IGUIElement8setFixedEb	mac-vtable:_ZTVN5daisy3gui15CGUIEnvironmentE:72
0x4feb70	5	_ZN2ox3gui11IGUIElement11isInvisibleEv	mac-vtable:_ZTVN5daisy3gui15CGUIEnvironmentE:73
0x4feb80	5	_ZN2ox3gui11IGUIElement12setInvisibleEb	mac-vtable:_ZTVN5daisy3gui15CGUIEnvironmentE:74
0x4feb90	9	_ZN2ox3gui11IGUIElement16doesReportOnDrawEv	mac-vtable:_ZTVN5daisy3gui15CGUIEnvironmentE:75
0x4feba0	4	_ZN2ox3gui11IGUIElement15setReportOnDrawEi	mac-vtable:_ZTVN5daisy3gui15CGUIEnvironmentE:76
0x4febb0	8	_ZNK2ox3gui11IGUIElement7getTextEv	mac-vtable:_ZTVN5daisy3gui15CGUIEnvironmentE:78
0x4febc0	7	_ZN2ox3gui11IGUIElement5getIDEv	mac-vtable:_ZTVN5daisy3gui15CGUIEnvironmentE:79
0x4febd0	7	_ZN2ox3gui11IGUIElement5setIDEi	mac-vtable:_ZTVN5daisy3gui15CGUIEnvironmentE:80
0x4febe0	7	_ZN2ox3gui11IGUIElement7getTypeEv	mac-vtable:_ZTVN5daisy3gui15CGUIEnvironmentE:81
0x4fec00	100	_ZN2ox3gui11IGUIElement7OnEventERKNS_5event6SEventE	mac-vtable:_ZTVN2ox3gui10IGUILayoutE:31
0x4fec70	87	_ZN2ox3gui11IGUIElement22OnEventInNonFocusStateERKNS_5event6SEventE	mac-vtable:_ZTVN5daisy3gui15CGUIEnvironmentE:83
0x4fecd0	5	_ZN2ox3gui11IGUIElement11getChildrenEv	mac-vtable:_ZTVN5daisy3gui15CGUIEnvironmentE:85
0x4fece0	135	_ZN2ox3gui11IGUIElement16getElementFromIdEib	mac-vtable:_ZTVN5daisy3gui15CGUIEnvironmentE:86
0x4fed70	8	_ZN2ox3gui11IGUIElement12getHoverItemEv	mac-vtable:_ZTVN5daisy3gui15CGUIEnvironmentE:87
0x4fed80	74	_ZN2ox3gui11IGUIElement12setHoverItemEPS1_	mac-vtable:_ZTVN5daisy3gui15CGUIEnvironmentE:88
0x4fedd0	21	_ZN2ox3gui11IGUIElement16getPreferredSizeEv	mac-vtable:_ZTVN5daisy3gui15CGUIEnvironmentE:89
0x4fedf0	639	_ZN2ox3gui10IGUILayout8sortFlowEiibb	mac-vtable:_ZTVN5daisy3gui15CGUIEnvironmentE:90
0x4ff070	267	_ZN2ox3gui10IGUILayout14sortVerticallyEib	mac-vtable:_ZTVN5daisy3gui15CGUIEnvironmentE:91
0x4ff180	235	_ZN2ox3gui10IGUILayout16sortHorizontallyEi	mac-vtable:_ZTVN5daisy3gui15CGUIEnvironmentE:92
0x4ff270	35	_ZN2ox3gui10IGUILayout14getContentAreaEv	mac-vtable:_ZTVN5daisy3gui15CGUIEnvironmentE:94
0x4ff2a0	136	_ZN2ox3gui10IGUILayout28updateChildrenForContentAreaEv	mac-vtable:_ZTVN5daisy3gui15CGUIEnvironmentE:95
0x4ff330	256	_ZN2ox3gui10IGUILayout29getParentAbsoluteClippingRectEb	mac-vtable:_ZTVN5daisy3gui15CGUIEnvironmentE:56
0x4ff430	8	_ZN2ox3gui15IGUIEnvironmentD1Ev	mac-vtable:_ZTVN2ox3gui15IGUIEnvironmentE:2
0x4ff440	8	_ZN5daisy3gui15CGUIEnvironment21getHoverParentElementEv	mac-vtable:_ZTVN5daisy3gui15CGUIEnvironmentE:17
0x4ff510	12	_ZN2ox3gui15IGUIEnvironmentD0Ev	mac-vtable:_ZTVN2ox3gui15IGUIEnvironmentE:3
0x4ff6a0	9	_ZN2ox3gui11IGUIElement7setTextEPKw	mac-vtable:_ZTVN5daisy3gui15CGUIEnvironmentE:77
0x4ff6f0	71	_ZN2ox3gui11IGUIElement11removeChildEPS1_	mac-vtable:_ZTVN2ox3gui10IGUILayoutE:8
0x4ff740	113	_ZN2ox3gui11IGUIElement12bringToFrontEPS1_	mac-vtable:_ZTVN5daisy3gui15CGUIEnvironmentE:84
0x4ff7c0	76	_ZN2ox3gui11IGUIElement8addChildEPS1_	mac-vtable:_ZTVN2ox3gui10IGUILayoutE:7
0x501e20	4523	_ZN2ox3gui10IGUILayout9sortRiverEbiib	mac-vtable:_ZTVN5daisy3gui15CGUIEnvironmentE:93
0x5043c0	139	_ZN2ox3gui11IGUIElement17removeAllChildrenEv	mac-vtable:_ZTVN5daisy3gui15CGUIEnvironmentE:60
0x5045b0	33	_ZN2ox3gui10IGUILayoutD0Ev	mac-vtable:_ZTVN2ox3gui10IGUILayoutE:3
0x5045f0	20	_ZN2ox3gui10IGUILayoutD1Ev	mac-vtable:_ZTVN2ox3gui10IGUILayoutE:2
0x504640	132	_ZN2ox3gui15IGUIHoverParentD0Ev	mac-vtable:_ZTVN2ox3gui15IGUIHoverParentE:3
0x5046e0	124	_ZN2ox3gui15IGUIHoverParentD1Ev	mac-vtable:_ZTVN2ox3gui15IGUIHoverParentE:2
0x504bc0	165	_ZN5daisy3gui15CGUIEnvironment11removeChildEPN2ox3gui11IGUIElementE	mac-vtable:_ZTVN5daisy3gui15CGUIEnvironmentE:50
0x504c70	8	_ZN5daisy3gui18CGUIFileOpenDialog11getFilenameEv	mac-vtable:_ZTVN5daisy3gui18CGUIFileOpenDialogE:39
0x504d10	115	_ZN5daisy3gui18CGUIFileOpenDialog11removeChildEPN2ox3gui11IGUIElementE	mac-vtable:_ZTVN5daisy3gui18CGUIFileOpenDialogE:8
0x504d90	232	_ZN5daisy3gui18CGUIFileOpenDialog4drawEv	mac-vtable:_ZTVN5daisy3gui18CGUIFileOpenDialogE:11
0x5050a0	517	_ZN5daisy3gui18CGUIFileOpenDialogD0Ev	mac-vtable:_ZTVN5daisy3gui18CGUIFileOpenDialogE:3
0x5052c0	514	_ZN5daisy3gui18CGUIFileOpenDialogD1Ev	mac-vtable:_ZTVN5daisy3gui18CGUIFileOpenDialogE:2
0x507630	2219	_ZN5daisy3gui18CGUIFileOpenDialog7OnEventERKN2ox5event6SEventE	mac-vtable:_ZTVN5daisy3gui18CGUIFileOpenDialogE:31
0x507ef0	343	_ZN2ox3gui18IGUIFileOpenDialogD0Ev	mac-vtable:_ZTVN2ox3gui18IGUIFileOpenDialogE:3
0x508060	338	_ZN2ox3gui18IGUIFileOpenDialogD1Ev	mac-vtable:_ZTVN2ox3gui18IGUIFileOpenDialogE:2
0x5081c0	86	_ZN5daisy3gui8CGUIFont12getDimensionEPKw	mac-vtable:_ZTVN5daisy3gui8CGUIFontE:5
0x508220	377	_ZN5daisy3gui8CGUIFont4drawEPKwRKN2ox4core5CRectIiEENS4_5video6SColorENS4_3gui20EFontHorizontalAlignENSC_18EFontVerticalAlignEPS8_	mac-vtable:_ZTVN5daisy3gui8CGUIFontE:4
0x5083a0	94	_ZN5daisy3gui8CGUIFont19getCharacterFromPosEPKwi	mac-vtable:_ZTVN5daisy3gui8CGUIFontE:6
0x508a70	137	_ZN5daisy3gui8CGUIFontD1Ev	mac-vtable:_ZTVN5daisy3gui8CGUIFontE:2
0x508d00	144	_ZN5daisy3gui8CGUIFontD0Ev	mac-vtable:_ZTVN5daisy3gui8CGUIFontE:3
0x508e20	8	_ZN2ox3gui8IGUIFontD1Ev	mac-vtable:_ZTVN2ox3gui8IGUIFontE:2
0x508e30	2	_ZN5daisy3gui8CGUIFont16setOriginalColorERKN2ox5video6SColorE	mac-vtable:_ZTVN5daisy3gui8CGUIFontE:7
0x508e40	6	_ZN5daisy3gui8CGUIFont14getRecentColorEv	mac-vtable:_ZTVN5daisy3gui8CGUIFontE:8
0x509090	12	_ZN2ox3gui8IGUIFontD0Ev	mac-vtable:_ZTVN2ox3gui8IGUIFontE:3
0x5090a0	7	_ZN5daisy3gui9CGUIImage16setOverrideColorEN2ox5video6SColorE	mac-vtable:_ZTVN5daisy3gui9CGUIImageE:41
0x5090e0	100	_ZN5daisy3gui9CGUIImage8setImageEPN2ox5video8ITextureE	mac-vtable:_ZTVN5daisy3gui9CGUIImageE:39
0x509150	433	_ZN5daisy3gui9CGUIImage12setAnimationEPKcPN2ox5video14ISpritePackageE	mac-vtable:_ZTVN5daisy3gui9CGUIImageE:40
0x509890	578	_ZN5daisy3gui9CGUIImage4drawEv	mac-vtable:_ZTVN5daisy3gui9CGUIImageE:11
0x509d90	450	_ZN5daisy3gui9CGUIImageD0Ev	mac-vtable:_ZTVN5daisy3gui9CGUIImageE:3
0x509f70	441	_ZN5daisy3gui9CGUIImageD1Ev	mac-vtable:_ZTVN5daisy3gui9CGUIImageE:2
0x50a140	341	_ZN2ox3gui9IGUIImageD1Ev	mac-vtable:_ZTVN2ox3gui9IGUIImageE:2
0x50a2b0	348	_ZN2ox3gui9IGUIImageD0Ev	mac-vtable:_ZTVN2ox3gui9IGUIImageE:3
0x50a410	7	_ZNK5daisy3gui14CGUIInOutFader8getColorEv	mac-vtable:_ZTVN5daisy3gui14CGUIInOutFaderE:39
0x50a420	117	_ZN5daisy3gui14CGUIInOutFader8setColorEN2ox5video6SColorE	mac-vtable:_ZTVN5daisy3gui14CGUIInOutFaderE:40
0x50a4d0	84	_ZN5daisy3gui14CGUIInOutFader7fadeOutEj	mac-vtable:_ZTVN5daisy3gui14CGUIInOutFaderE:42
0x50a530	84	_ZN5daisy3gui14CGUIInOutFader6fadeInEj	mac-vtable:_ZTVN5daisy3gui14CGUIInOutFaderE:41
0x50a590	20	_ZNK5daisy3gui14CGUIInOutFader7isReadyEv	mac-vtable:_ZTVN5daisy3gui14CGUIInOutFaderE:43
0x50ab50	594	_ZN5daisy3gui14CGUIInOutFader4drawEv	mac-vtable:_ZTVN5daisy3gui14CGUIInOutFaderE:11
0x50adc0	348	_ZN5daisy3gui14CGUIInOutFaderD0Ev	mac-vtable:_ZTVN5daisy3gui14CGUIInOutFaderE:3
0x50af30	341	_ZN5daisy3gui14CGUIInOutFaderD1Ev	mac-vtable:_ZTVN5daisy3gui14CGUIInOutFaderE:2
0x50b200	341	_ZN2ox3gui14IGUIInOutFaderD1Ev	mac-vtable:_ZTVN2ox3gui14IGUIInOutFaderE:2
0x50b370	348	_ZN2ox3gui14IGUIInOutFaderD0Ev	mac-vtable:_ZTVN2ox3gui14IGUIInOutFaderE:3
0x50b4d0	53	_ZN5daisy3gui11CGUIListBox12getItemCountEv	mac-vtable:_ZTVN5daisy3gui11CGUIListBoxE:39
0x50b510	100	_ZN5daisy3gui11CGUIListBox11getListItemEi	mac-vtable:_ZTVN5daisy3gui11CGUIListBoxE:40
0x50b580	8	_ZN5daisy3gui11CGUIListBox13getListParentEv	mac-vtable:_ZTVN5daisy3gui11CGUIListBoxE:41
0x50b590	147	_ZN5daisy3gui11CGUIListBox9sortItemsEb	mac-vtable:_ZTVN5daisy3gui11CGUIListBoxE:43
0x50b630	151	_ZN5daisy3gui11CGUIListBox5clearEv	mac-vtable:_ZTVN5daisy3gui11CGUIListBoxE:47
0x50b6d0	197	_ZN5daisy3gui11CGUIListBox21recalculateItemHeightEv	mac-vtable:_ZTVN5daisy3gui11CGUIListBoxE:42
0x50b7a0	7	_ZN5daisy3gui11CGUIListBox11getSelectedEv	mac-vtable:_ZTVN5daisy3gui11CGUIListBoxE:49
0x50b7b0	130	_ZN5daisy3gui11CGUIListBox11setSelectedEi	mac-vtable:_ZTVN5daisy3gui11CGUIListBoxE:50
0x50b840	86	_ZN5daisy3gui11CGUIListBox13setSelectableEb	mac-vtable:_ZTVN5daisy3gui11CGUIListBoxE:48
0x50b8a0	115	_ZN5daisy3gui11CGUIListBox10removeItemEi	mac-vtable:_ZTVN5daisy3gui11CGUIListBoxE:51
0x50b920	8	_ZN5daisy3gui11CGUIListBox25selectionWasDoubleClickedEv	mac-vtable:_ZTVN5daisy3gui11CGUIListBoxE:52
0x50b930	8	_ZN5daisy3gui11CGUIListBox12getScrollBarEv	mac-vtable:_ZTVN5daisy3gui11CGUIListBoxE:53
0x50b940	7	_ZN5daisy3gui11CGUIListBox14setItemSpacingEi	mac-vtable:_ZTVN5daisy3gui11CGUIListBoxE:44
0x50b990	344	_ZN5daisy3gui11CGUIListBox19setRelativePositionERKN2ox4core5CRectIiEE	mac-vtable:_ZTVN5daisy3gui11CGUIListBoxE:4
0x50baf0	71	_ZN5daisy3gui11CGUIListBox11setIconFontEPN2ox3gui8IGUIFontE	mac-vtable:_ZTVN5daisy3gui11CGUIListBoxE:54
0x50c450	743	_ZN5daisy3gui11CGUIListBox7OnEventERKN2ox5event6SEventE	mac-vtable:_ZTVN5daisy3gui11CGUIListBoxE:31
0x50cd70	236	_ZN5daisy3gui11CGUIListBox17setTextItemIndentEPKw	mac-vtable:_ZTVN5daisy3gui11CGUIListBoxE:46
0x50d770	488	_ZN5daisy3gui11CGUIListBoxD0Ev	mac-vtable:_ZTVN5daisy3gui11CGUIListBoxE:3
0x50d970	482	_ZN5daisy3gui11CGUIListBoxD1Ev	mac-vtable:_ZTVN5daisy3gui11CGUIListBoxE:2
0x50db60	808	_ZN5daisy3gui11CGUIListBox11addTextItemEPKwPN2ox3gui8IGUIFontENS4_5video6SColorEbb	mac-vtable:_ZTVN5daisy3gui11CGUIListBoxE:45
0x50de90	1265	_ZN5daisy3gui11CGUIListBox4drawEv	mac-vtable:_ZTVN5daisy3gui11CGUIListBoxE:11
0x50e3a0	343	_ZN2ox3gui11IGUIListBoxD0Ev	mac-vtable:_ZTVN2ox3gui11IGUIListBoxE:3
0x50e510	338	_ZN2ox3gui11IGUIListBoxD1Ev	mac-vtable:_ZTVN2ox3gui11IGUIListBoxE:2
0x50e670	1309	_ZN5daisy3gui8CGUIMenu4drawEv	mac-vtable:_ZTVN5daisy3gui8CGUIMenuE:11
0x50eb90	503	_ZN5daisy3gui8CGUIMenu15recalculateSizeEv	mac-vtable:_ZTVN5daisy3gui8CGUIMenuE:52
0x50ed90	39	_ZN5daisy3gui8CGUIMenu8getHRectERNS0_15CGUIContextMenu5SItemERN2ox4core5CRectIiEE	mac-vtable:_ZTVN5daisy3gui8CGUIMenuE:55
0x50edc0	18	_ZN5daisy3gui8CGUIMenu7getRectERNS0_15CGUIContextMenu5SItemERN2ox4core5CRectIiEE	mac-vtable:_ZTVN5daisy3gui8CGUIMenuE:56
0x50ee90	454	_ZN5daisy3gui8CGUIMenu7OnEventERKN2ox5event6SEventE	mac-vtable:_ZTVN5daisy3gui8CGUIMenuE:31
0x50f060	253	_ZN5daisy3gui8CGUIMenu22updateAbsolutePositionEv	mac-vtable:_ZTVN5daisy3gui8CGUIMenuE:6
0x50f1a0	33	_ZN5daisy3gui8CGUIMenuD0Ev	mac-vtable:_ZTVN5daisy3gui8CGUIMenuE:3
0x50f1e0	20	_ZN5daisy3gui8CGUIMenuD1Ev	mac-vtable:_ZTVN5daisy3gui8CGUIMenuE:2
0x50f300	8	_ZN5daisy3gui14CGUIMeshViewer11getMaterialEv	mac-vtable:_ZTVN5daisy3gui14CGUIMeshViewerE:41
0x50f320	27	_ZN5daisy3gui14CGUIMeshViewer7OnEventERKN2ox5event6SEventE	mac-vtable:_ZTVN5daisy3gui14CGUIMeshViewerE:31
0x50f370	64	_ZN5daisy3gui14CGUIMeshViewer11setMaterialERKN2ox5video9SMaterialE	mac-vtable:_ZTVN5daisy3gui14CGUIMeshViewerE:40
0x50f3b0	132	_ZN5daisy3gui14CGUIMeshViewer7setMeshEPN2ox5scene13IAnimatedMeshE	mac-vtable:_ZTVN5daisy3gui14CGUIMeshViewerE:39
0x50fae0	1252	_ZN5daisy3gui14CGUIMeshViewer4drawEv	mac-vtable:_ZTVN5daisy3gui14CGUIMeshViewerE:11
0x510280	432	_ZN5daisy3gui14CGUIMeshViewerD0Ev	mac-vtable:_ZTVN5daisy3gui14CGUIMeshViewerE:3
0x510440	425	_ZN5daisy3gui14CGUIMeshViewerD1Ev	mac-vtable:_ZTVN5daisy3gui14CGUIMeshViewerE:2
0x510600	341	_ZN2ox3gui14IGUIMeshViewerD1Ev	mac-vtable:_ZTVN2ox3gui14IGUIMeshViewerE:2
0x510770	348	_ZN2ox3gui14IGUIMeshViewerD0Ev	mac-vtable:_ZTVN2ox3gui14IGUIMeshViewerE:3
0x5108d0	220	_ZN5daisy3gui14CGUIMessageBox22OnEventInNonFocusStateERKN2ox5event6SEventE	mac-vtable:_ZTVN5daisy3gui14CGUIMessageBoxE:32
0x5109f0	174	_ZN5daisy3gui14CGUIMessageBox7OnEventERKN2ox5event6SEventE	mac-vtable:_ZTVN5daisy3gui14CGUIMessageBoxE:31
0x510ab0	248	_ZN5daisy3gui14CGUIMessageBoxD1Ev	mac-vtable:_ZTVN5daisy3gui14CGUIMessageBoxE:2
0x510bc0	256	_ZN5daisy3gui14CGUIMessageBoxD0Ev	mac-vtable:_ZTVN5daisy3gui14CGUIMessageBoxE:3
0x5119e0	58	_ZN5daisy3gui15CGUIModalScreen19getLastBlockedEventEv	mac-vtable:_ZTVN5daisy3gui15CGUIModalScreenE:45
0x511a50	115	_ZN5daisy3gui15CGUIModalScreen11removeChildEPN2ox3gui11IGUIElementE	mac-vtable:_ZTVN5daisy3gui15CGUIModalScreenE:8
0x511ae0	241	_ZN5daisy3gui15CGUIModalScreen7OnEventERKN2ox5event6SEventE	mac-vtable:_ZTVN5daisy3gui15CGUIModalScreenE:31
0x511be0	295	_ZN5daisy3gui15CGUIModalScreen22updateAbsolutePositionEv	mac-vtable:_ZTVN5daisy3gui15CGUIModalScreenE:6
0x511fc0	355	_ZN5daisy3gui15CGUIModalScreen4drawEv	mac-vtable:_ZTVN5daisy3gui15CGUIModalScreenE:11
0x5123f0	348	_ZN5daisy3gui15CGUIModalScreenD0Ev	mac-vtable:_ZTVN5daisy3gui15CGUIModalScreenE:3
0x512560	341	_ZN5daisy3gui15CGUIModalScreenD1Ev	mac-vtable:_ZTVN5daisy3gui15CGUIModalScreenE:2
0x512830	341	_ZN2ox3gui15IGUIModalScreenD1Ev	mac-vtable:_ZTVN2ox3gui15IGUIModalScreenE:2
0x5129a0	348	_ZN2ox3gui15IGUIModalScreenD0Ev	mac-vtable:_ZTVN2ox3gui15IGUIModalScreenE:3
0x512b00	233	_ZN5daisy3gui13CGUIPopupMenu13addMenuOptionEPKwi	mac-vtable:_ZTVN5daisy3gui13CGUIPopupMenuE:39
0x512bf0	8	_ZN5daisy3gui13CGUIPopupMenu18setSelectionParentEPN2ox3gui11IGUIElementE	mac-vtable:_ZTVN5daisy3gui13CGUIPopupMenuE:40
0x512c10	696	_ZN5daisy3gui13CGUIPopupMenu7OnEventERKN2ox5event6SEventE	mac-vtable:_ZTVN5daisy3gui13CGUIPopupMenuE:31
0x513760	896	_ZN5daisy3gui13CGUIPopupMenu4drawEv	mac-vtable:_ZTVN5daisy3gui13CGUIPopupMenuE:11
0x513af0	348	_ZN5daisy3gui13CGUIPopupMenuD0Ev	mac-vtable:_ZTVN5daisy3gui13CGUIPopupMenuE:3
0x513c60	341	_ZN5daisy3gui13CGUIPopupMenuD1Ev	mac-vtable:_ZTVN5daisy3gui13CGUIPopupMenuE:2
0x513f30	348	_ZN2ox3gui13IGUIPopupMenuD0Ev	mac-vtable:_ZTVN2ox3gui13IGUIPopupMenuE:3
0x5140a0	341	_ZN2ox3gui13IGUIPopupMenuD1Ev	mac-vtable:_ZTVN2ox3gui13IGUIPopupMenuE:2
0x514210	346	_ZN5daisy3gui13CGUIRadioList7OnEventERKN2ox5event6SEventE	mac-vtable:_ZTVN5daisy3gui13CGUIRadioListE:31
0x514370	19	_ZN5daisy3gui13CGUIRadioList13getRadioCountEv	mac-vtable:_ZTVN5daisy3gui13CGUIRadioListE:40
0x514390	40	_ZN5daisy3gui13CGUIRadioList14getRadioButtonEi	mac-vtable:_ZTVN5daisy3gui13CGUIRadioListE:41
0x5143c0	145	_ZN5daisy3gui13CGUIRadioList16checkRadioButtonEi	mac-vtable:_ZTVN5daisy3gui13CGUIRadioListE:42
0x514460	7	_ZN5daisy3gui13CGUIRadioList12getSelectionEv	mac-vtable:_ZTVN5daisy3gui13CGUIRadioListE:43
0x514470	7	_ZN5daisy3gui13CGUIRadioList12setTextColorEN2ox5video6SColorE	mac-vtable:_ZTVN5daisy3gui13CGUIRadioListE:44
0x5144b0	841	_ZN5daisy3gui13CGUIRadioList14addRadioButtonEPKw	mac-vtable:_ZTVN5daisy3gui13CGUIRadioListE:39
0x514f70	540	_ZN5daisy3gui13CGUIRadioListD0Ev	mac-vtable:_ZTVN5daisy3gui13CGUIRadioListE:3
0x5151a0	533	_ZN5daisy3gui13CGUIRadioListD1Ev	mac-vtable:_ZTVN5daisy3gui13CGUIRadioListE:2
0x515790	348	_ZN2ox3gui13IGUIRadioListD0Ev	mac-vtable:_ZTVN2ox3gui13IGUIRadioListE:3
0x515900	341	_ZN2ox3gui13IGUIRadioListD1Ev	mac-vtable:_ZTVN2ox3gui13IGUIRadioListE:2
0x515b00	193	_ZN5daisy3gui13CGUIScrollBar6setPosEi	mac-vtable:_ZTVN5daisy3gui13CGUIScrollBarE:43
0x515bd0	142	_ZN5daisy3gui13CGUIScrollBar6setMaxEi	mac-vtable:_ZTVN5daisy3gui13CGUIScrollBarE:39
0x515c60	28	_ZN5daisy3gui13CGUIScrollBar12setStepSizesEii	mac-vtable:_ZTVN5daisy3gui13CGUIScrollBarE:41
0x515c80	7	_ZN5daisy3gui13CGUIScrollBar6getMaxEv	mac-vtable:_ZTVN5daisy3gui13CGUIScrollBarE:40
0x515c90	8	_ZN5daisy3gui13CGUIScrollBar10isDraggingEv	mac-vtable:_ZTVN5daisy3gui13CGUIScrollBarE:44
0x515ca0	7	_ZN5daisy3gui13CGUIScrollBar6getPosEv	mac-vtable:_ZTVN5daisy3gui13CGUIScrollBarE:42
0x515e10	1171	_ZN5daisy3gui13CGUIScrollBar7OnEventERKN2ox5event6SEventE	mac-vtable:_ZTVN5daisy3gui13CGUIScrollBarE:31
0x5162e0	232	_ZN5daisy3gui13CGUIScrollBar19setRelativePositionERKN2ox4core5CRectIiEE	mac-vtable:_ZTVN5daisy3gui13CGUIScrollBarE:4
0x5163d0	1343	_ZN5daisy3gui13CGUIScrollBar4drawEv	mac-vtable:_ZTVN5daisy3gui13CGUIScrollBarE:11
0x516be0	491	_ZN5daisy3gui13CGUIScrollBarD0Ev	mac-vtable:_ZTVN5daisy3gui13CGUIScrollBarE:3
0x516de0	484	_ZN5daisy3gui13CGUIScrollBarD1Ev	mac-vtable:_ZTVN5daisy3gui13CGUIScrollBarE:2
0x516fd0	3776	_ZN5daisy3gui13CGUIScrollBar13setAnimationsEPN2ox5video14ISpritePackageEPKc	mac-vtable:_ZTVN5daisy3gui13CGUIScrollBarE:45
0x518e40	348	_ZN2ox3gui13IGUIScrollBarD0Ev	mac-vtable:_ZTVN2ox3gui13IGUIScrollBarE:3
0x518fb0	341	_ZN2ox3gui13IGUIScrollBarD1Ev	mac-vtable:_ZTVN2ox3gui13IGUIScrollBarE:2
0x519110	8	_ZN5daisy3gui8CGUISkin8getColorEN2ox3gui18EGUI_DEFAULT_COLORE	mac-vtable:_ZTVN5daisy3gui8CGUISkinE:4
0x519120	14	_ZN5daisy3gui8CGUISkin8setColorEN2ox3gui18EGUI_DEFAULT_COLORENS2_5video6SColorE	mac-vtable:_ZTVN5daisy3gui8CGUISkinE:5
0x519130	8	_ZN5daisy3gui8CGUISkin7getSizeEN2ox3gui17EGUI_DEFAULT_SIZEE	mac-vtable:_ZTVN5daisy3gui8CGUISkinE:6
0x519140	14	_ZN5daisy3gui8CGUISkin7setSizeEN2ox3gui17EGUI_DEFAULT_SIZEEi	mac-vtable:_ZTVN5daisy3gui8CGUISkinE:9
0x519150	8	_ZN5daisy3gui8CGUISkin7getFontEv	mac-vtable:_ZTVN5daisy3gui8CGUISkinE:10
0x519160	16	_ZN5daisy3gui8CGUISkin14getDefaultTextEN2ox3gui17EGUI_DEFAULT_TEXTE	mac-vtable:_ZTVN5daisy3gui8CGUISkinE:7
0x519170	8	_ZN5daisy3gui8CGUISkin16getSpritePackageEv	mac-vtable:_ZTVN5daisy3gui8CGUISkinE:12
0x5191b0	71	_ZN5daisy3gui8CGUISkin7setFontEPN2ox3gui8IGUIFontE	mac-vtable:_ZTVN5daisy3gui8CGUISkinE:11
0x519200	710	_ZN5daisy3gui8CGUISkin16setSpritePackageEPN2ox5video14ISpritePackageE	mac-vtable:_ZTVN5daisy3gui8CGUISkinE:13
0x5194d0	177	_ZN5daisy3gui8CGUISkinD0Ev	mac-vtable:_ZTVN5daisy3gui8CGUISkinE:3
0x519640	170	_ZN5daisy3gui8CGUISkinD1Ev	mac-vtable:_ZTVN5daisy3gui8CGUISkinE:2
0x5196f0	249	_ZN5daisy3gui8CGUISkin14setDefaultTextEN2ox3gui17EGUI_DEFAULT_TEXTEPKw	mac-vtable:_ZTVN5daisy3gui8CGUISkinE:8
0x51a060	8	_ZN2ox3gui8IGUISkinD1Ev	mac-vtable:_ZTVN2ox3gui8IGUISkinE:2
0x51a070	12	_ZN2ox3gui8IGUISkinD0Ev	mac-vtable:_ZTVN2ox3gui8IGUISkinE:3
0x51a080	13	_ZN5daisy3gui14CGUIStaticText16setTextAlignmentEN2ox3gui20EFontHorizontalAlignENS3_18EFontVerticalAlignE	mac-vtable:_ZTVN5daisy3gui14CGUIStaticTextE:44
0x51a090	7	_ZN5daisy3gui14CGUIStaticText16getOverrideColorEv	mac-vtable:_ZTVN5daisy3gui14CGUIStaticTextE:41
0x51a0a0	14	_ZN5daisy3gui14CGUIStaticText16setOverrideColorEN2ox5video6SColorE	mac-vtable:_ZTVN5daisy3gui14CGUIStaticTextE:40
0x51a0b0	8	_ZN5daisy3gui14CGUIStaticText19enableOverrideColorEb	mac-vtable:_ZTVN5daisy3gui14CGUIStaticTextE:42
0x51a0c0	149	_ZN5daisy3gui14CGUIStaticText16getPreferredSizeEv	mac-vtable:_ZTVN5daisy3gui14CGUIStaticTextE:38
0x51a160	121	_ZN5daisy3gui14CGUIStaticText13getTextHeightEv	mac-vtable:_ZTVN5daisy3gui14CGUIStaticTextE:45
0x51a1e0	366	_ZN5daisy3gui14CGUIStaticText8packSizeEv	mac-vtable:_ZTVN5daisy3gui14CGUIStaticTextE:50
0x51a350	8	_ZN5daisy3gui14CGUIStaticText42activateOffsetScrollingToEnsureVisibleTextEv	mac-vtable:_ZTVN5daisy3gui14CGUIStaticTextE:49
0x51a360	277	_ZN5daisy3gui14CGUIStaticText23getTotalProgressiveTimeEv	mac-vtable:_ZTVN5daisy3gui14CGUIStaticTextE:48
0x51a4b0	55	_ZN5daisy3gui14CGUIStaticText25activateProgressiveRevealEj	mac-vtable:_ZTVN5daisy3gui14CGUIStaticTextE:47
0x51af80	562	_ZN5daisy3gui14CGUIStaticTextD0Ev	mac-vtable:_ZTVN5daisy3gui14CGUIStaticTextE:3
0x51b1d0	552	_ZN5daisy3gui14CGUIStaticTextD1Ev	mac-vtable:_ZTVN5daisy3gui14CGUIStaticTextE:2
0x51bf80	1154	_ZN5daisy3gui14CGUIStaticText16setParagraphIconEPKcPN2ox5video14ISpritePackageEb	mac-vtable:_ZTVN5daisy3gui14CGUIStaticTextE:46
0x51c410	235	_ZN5daisy3gui14CGUIStaticText7setTextEPKw	mac-vtable:_ZTVN5daisy3gui14CGUIStaticTextE:26
0x51c500	12	_ZN5daisy3gui14CGUIStaticText11setWordWrapEb	mac-vtable:_ZTVN5daisy3gui14CGUIStaticTextE:43
0x51c510	78	_ZN5daisy3gui14CGUIStaticText15setOverrideFontEPN2ox3gui8IGUIFontE	mac-vtable:_ZTVN5daisy3gui14CGUIStaticTextE:39
0x51c560	2845	_ZN5daisy3gui14CGUIStaticText4drawEv	mac-vtable:_ZTVN5daisy3gui14CGUIStaticTextE:11
0x51d090	338	_ZN2ox3gui14IGUIStaticTextD1Ev	mac-vtable:_ZTVN2ox3gui14IGUIStaticTextE:2
0x51d200	343	_ZN2ox3gui14IGUIStaticTextD0Ev	mac-vtable:_ZTVN2ox3gui14IGUIStaticTextE:3
0x51d360	7	_ZN5daisy3gui7CGUITab9getNumberEv	mac-vtable:_ZTVN5daisy3gui7CGUITabE:45
0x51d370	7	_ZN5daisy3gui7CGUITab9setNumberEi	mac-vtable:_ZTVN5daisy3gui7CGUITabE:48
0x51d380	8	_ZN5daisy3gui7CGUITab17setDrawBackgroundEb	mac-vtable:_ZTVN5daisy3gui7CGUITabE:46
0x51d390	7	_ZN5daisy3gui7CGUITab18setBackgroundColorEN2ox5video6SColorE	mac-vtable:_ZTVN5daisy3gui7CGUITabE:47
0x51d3a0	19	_ZN5daisy3gui14CGUITabControl11getTabcountEv	mac-vtable:_ZTVN5daisy3gui14CGUITabControlE:40
0x51d3c0	40	_ZN5daisy3gui14CGUITabControl6getTabEi	mac-vtable:_ZTVN5daisy3gui14CGUITabControlE:41
0x51d5d0	193	_ZN5daisy3gui14CGUITabControl7OnEventERKN2ox5event6SEventE	mac-vtable:_ZTVN5daisy3gui14CGUITabControlE:31
0x51d6a0	7	_ZN5daisy3gui14CGUITabControl12getActiveTabEv	mac-vtable:_ZTVN5daisy3gui14CGUITabControlE:43
0x51d6b0	239	_ZN5daisy3gui14CGUITabControl12setActiveTabEi	mac-vtable:_ZTVN5daisy3gui14CGUITabControlE:42
0x51d7a0	7	_ZN5daisy3gui14CGUITabControl12setTextColorEN2ox5video6SColorE	mac-vtable:_ZTVN5daisy3gui14CGUITabControlE:45
0x51d7b0	41	_ZN5daisy3gui16CGUITabButtonRow21setTabButtonHighlightEib	mac-vtable:_ZTVN5daisy3gui16CGUITabButtonRowE:43
0x51d7e0	7	_ZN5daisy3gui16CGUITabButtonRow17setHighlightColorEN2ox5video6SColorE	mac-vtable:_ZTVN5daisy3gui16CGUITabButtonRowE:48
0x51d7f0	19	_ZN5daisy3gui16CGUITabButtonRow11getTabCountEv	mac-vtable:_ZTVN5daisy3gui16CGUITabButtonRowE:40
0x51d810	54	_ZN5daisy3gui16CGUITabButtonRow13getTabCaptionEi	mac-vtable:_ZTVN5daisy3gui16CGUITabButtonRowE:41
0x51d850	7	_ZN5daisy3gui16CGUITabButtonRow18getActiveTabButtonEv	mac-vtable:_ZTVN5daisy3gui16CGUITabButtonRowE:44
0x51d860	2103	_ZN5daisy3gui16CGUITabButtonRow4drawEv	mac-vtable:_ZTVN5daisy3gui16CGUITabButtonRowE:11
0x51e0a0	7	_ZN5daisy3gui16CGUITabButtonRow12setTextColorEN2ox5video6SColorE	mac-vtable:_ZTVN5daisy3gui16CGUITabButtonRowE:46
0x51e0b0	8	_ZN5daisy3gui16CGUITabButtonRow11setTextFontEPN2ox3gui8IGUIFontE	mac-vtable:_ZTVN5daisy3gui16CGUITabButtonRowE:47
0x51e180	11	_ZN5daisy3gui16CGUITabButtonRow18setActiveTabButtonEi	mac-vtable:_ZTVN5daisy3gui16CGUITabButtonRowE:42
0x51e1a0	852	_ZN5daisy3gui16CGUITabButtonRow7OnEventERKN2ox5event6SEventE	mac-vtable:_ZTVN5daisy3gui16CGUITabButtonRowE:31
0x51e560	33	_ZN5daisy3gui7CGUITabD0Ev	mac-vtable:_ZTVN5daisy3gui7CGUITabE:3
0x51e5a0	20	_ZN5daisy3gui7CGUITabD1Ev	mac-vtable:_ZTVN5daisy3gui7CGUITabE:2
0x51e5c0	88	_ZN5daisy3gui16CGUITabButtonRow19setRelativePositionERKN2ox4core5CRectIiEE	mac-vtable:_ZTVN5daisy3gui16CGUITabButtonRowE:4
0x51e8e0	363	_ZN5daisy3gui14CGUITabControl11removeChildEPN2ox3gui11IGUIElementE	mac-vtable:_ZTVN5daisy3gui14CGUITabControlE:8
0x51ea50	457	_ZN5daisy3gui16CGUITabButtonRow6addTabEPKwb	mac-vtable:_ZTVN5daisy3gui16CGUITabButtonRowE:39
0x51ee00	274	_ZN5daisy3gui14CGUITabControlD0Ev	mac-vtable:_ZTVN5daisy3gui14CGUITabControlE:3
0x51ef30	177	_ZN5daisy3gui16CGUITabButtonRowD1Ev	mac-vtable:_ZTVN5daisy3gui16CGUITabButtonRowE:2
0x51f000	266	_ZN5daisy3gui14CGUITabControlD1Ev	mac-vtable:_ZTVN5daisy3gui14CGUITabControlE:2
0x51f110	1504	_ZN5daisy3gui14CGUITabControl13setAnimationsEPN2ox5video14ISpritePackageEPKc	mac-vtable:_ZTVN5daisy3gui14CGUITabControlE:44
0x51f6f0	1448	_ZN5daisy3gui16CGUITabButtonRow13setAnimationsEPN2ox5video14ISpritePackageEPKc	mac-vtable:_ZTVN5daisy3gui16CGUITabButtonRowE:45
0x51fca0	299	_ZN5daisy3gui7CGUITab4drawEv	mac-vtable:_ZTVN5daisy3gui7CGUITabE:11
0x51fdd0	4899	_ZN5daisy3gui14CGUITabControl4drawEv	mac-vtable:_ZTVN5daisy3gui14CGUITabControlE:11
0x521f60	374	_ZN5daisy3gui14CGUITabControl6addTabEPwi	mac-vtable:_ZTVN5daisy3gui14CGUITabControlE:39
0x5220f0	185	_ZN5daisy3gui16CGUITabButtonRowD0Ev	mac-vtable:_ZTVN5daisy3gui16CGUITabButtonRowE:3
0x5226a0	33	_ZN2ox3gui14IGUITabControlD0Ev	mac-vtable:_ZTVN2ox3gui14IGUITabControlE:3
0x5226e0	20	_ZN2ox3gui14IGUITabControlD1Ev	mac-vtable:_ZTVN2ox3gui14IGUITabControlE:2
0x522710	33	_ZN2ox3gui7IGUITabD0Ev	mac-vtable:_ZTVN2ox3gui7IGUITabE:3
0x522750	20	_ZN2ox3gui7IGUITabD1Ev	mac-vtable:_ZTVN2ox3gui7IGUITabE:2
0x522ac0	348	_ZN2ox3gui16IGUITabButtonRowD0Ev	mac-vtable:_ZTVN2ox3gui16IGUITabButtonRowE:3
0x522c30	341	_ZN2ox3gui16IGUITabButtonRowD1Ev	mac-vtable:_ZTVN2ox3gui16IGUITabButtonRowE:2
0x522dc0	249	_ZN5daisy3gui11CGUIToolBar9addButtonEiPKwPN2ox5video8ITextureES7_b	mac-vtable:_ZTVN5daisy3gui11CGUIToolBarE:39
0x522ec0	253	_ZN5daisy3gui11CGUIToolBar22updateAbsolutePositionEv	mac-vtable:_ZTVN5daisy3gui11CGUIToolBarE:6
0x5236a0	491	_ZN5daisy3gui11CGUIToolBar4drawEv	mac-vtable:_ZTVN5daisy3gui11CGUIToolBarE:11
0x5238a0	348	_ZN5daisy3gui11CGUIToolBarD0Ev	mac-vtable:_ZTVN5daisy3gui11CGUIToolBarE:3
0x523a10	341	_ZN5daisy3gui11CGUIToolBarD1Ev	mac-vtable:_ZTVN5daisy3gui11CGUIToolBarE:2
0x523ce0	348	_ZN2ox3gui11IGUIToolBarD0Ev	mac-vtable:_ZTVN2ox3gui11IGUIToolBarE:3
0x523e50	341	_ZN2ox3gui11IGUIToolBarD1Ev	mac-vtable:_ZTVN2ox3gui11IGUIToolBarE:2
0x523fc0	587	_ZN5daisy3gui10CGUIWindow7OnEventERKN2ox5event6SEventE	mac-vtable:_ZTVN5daisy3gui10CGUIWindowE:31
0x524210	8	_ZN5daisy3gui10CGUIWindow14getCloseButtonEv	mac-vtable:_ZTVN5daisy3gui14CGUIMessageBoxE:45
0x524220	8	_ZN5daisy3gui10CGUIWindow17getMinimizeButtonEv	mac-vtable:_ZTVN5daisy3gui14CGUIMessageBoxE:46
0x524230	8	_ZN5daisy3gui10CGUIWindow17getMaximizeButtonEv	mac-vtable:_ZTVN5daisy3gui14CGUIMessageBoxE:47
0x524350	39	_ZN5daisy3gui10CGUIWindow14getContentAreaEv	mac-vtable:_ZTVN5daisy3gui14CGUIMessageBoxE:43
0x524380	8	_ZN5daisy3gui19CGUIDetachableFrame21setPopupMenuTitleFontEPN2ox3gui8IGUIFontE	mac-vtable:_ZTVN5daisy3gui19CGUIDetachableFrameE:46
0x524390	8	_ZN5daisy3gui19CGUIDetachableFrame21setPopupMenuItemsFontEPN2ox3gui8IGUIFontE	mac-vtable:_ZTVN5daisy3gui19CGUIDetachableFrameE:47
0x5243a0	30	_ZN5daisy3gui19CGUIDetachableFrame11setFadeableEb	mac-vtable:_ZTVN5daisy3gui19CGUIDetachableFrameE:52
0x5243c0	37	_ZN5daisy3gui19CGUIDetachableFrame11setLockableEb	mac-vtable:_ZTVN5daisy3gui19CGUIDetachableFrameE:53
0x5243f0	63	_ZN5daisy3gui19CGUIDetachableFrame11setHideableEb	mac-vtable:_ZTVN5daisy3gui19CGUIDetachableFrameE:54
0x524430	18	_ZN5daisy3gui19CGUIDetachableFrame9setLockedEb	mac-vtable:_ZTVN5daisy3gui19CGUIDetachableFrameE:51
0x5244c0	25	_ZN5daisy3gui19CGUIDetachableFrame12setResizableEbRKN2ox4core12CDimension2dIiEE	mac-vtable:_ZTVN5daisy3gui19CGUIDetachableFrameE:50
0x5244e0	63	_ZN5daisy3gui19CGUIDetachableFrame14setMenuVisibleEb	mac-vtable:_ZTVN5daisy3gui19CGUIDetachableFrameE:49
0x5248f0	39	_ZN5daisy3gui19CGUIDetachableFrame14getContentAreaEv	mac-vtable:_ZTVN5daisy3gui19CGUIDetachableFrameE:43
0x524920	8	_ZN5daisy3gui19CGUIDetachableFrame12stopDraggingEv	mac-vtable:_ZTVN5daisy3gui19CGUIDetachableFrameE:55
0x524970	1974	_ZN5daisy3gui19CGUIDetachableFrame7OnEventERKN2ox5event6SEventE	mac-vtable:_ZTVN5daisy3gui19CGUIDetachableFrameE:31
0x525130	236	_ZN5daisy3gui10CGUIWindow19setRelativePositionERKN2ox4core5CRectIiEE	mac-vtable:_ZTVN5daisy3gui14CGUIMessageBoxE:4
0x525220	104	_ZN5daisy3gui19CGUIDetachableFrame19setRelativePositionERKN2ox4core5CRectIiEE	mac-vtable:_ZTVN5daisy3gui19CGUIDetachableFrameE:4
0x5252a0	245	_ZN5daisy3gui10CGUIWindowD0Ev	mac-vtable:_ZTVN5daisy3gui10CGUIWindowE:3
0x5253b0	237	_ZN5daisy3gui10CGUIWindowD1Ev	mac-vtable:_ZTVN5daisy3gui10CGUIWindowE:2
0x525590	442	_ZN5daisy3gui19CGUIDetachableFrame13addMenuOptionEPKwi	mac-vtable:_ZTVN5daisy3gui19CGUIDetachableFrameE:48
0x525750	3624	_ZN5daisy3gui10CGUIWindow4drawEv	mac-vtable:_ZTVN5daisy3gui14CGUIMessageBoxE:11
0x526580	3190	_ZN5daisy3gui19CGUIDetachableFrame4drawEv	mac-vtable:_ZTVN5daisy3gui19CGUIDetachableFrameE:11
0x527200	2724	_ZN5daisy3gui10CGUIWindow13setAnimationsEPN2ox5video14ISpritePackageEPKc	mac-vtable:_ZTVN5daisy3gui14CGUIMessageBoxE:48
0x528c30	3786	_ZN5daisy3gui19CGUIDetachableFrame13setAnimationsEPN2ox5video14ISpritePackageEPKc	mac-vtable:_ZTVN5daisy3gui19CGUIDetachableFrameE:45
0x529b10	242	_ZN5daisy3gui19CGUIDetachableFrameD0Ev	mac-vtable:_ZTVN5daisy3gui19CGUIDetachableFrameE:3
0x529c20	234	_ZN5daisy3gui19CGUIDetachableFrameD1Ev	mac-vtable:_ZTVN5daisy3gui19CGUIDetachableFrameE:2
0x52ab80	33	_ZN2ox3gui19IGUIDetachableFrameD0Ev	mac-vtable:_ZTVN2ox3gui19IGUIDetachableFrameE:3
0x52abc0	20	_ZN2ox3gui19IGUIDetachableFrameD1Ev	mac-vtable:_ZTVN2ox3gui19IGUIDetachableFrameE:2
0x52ac10	33	_ZN2ox3gui10IGUIWindowD0Ev	mac-vtable:_ZTVN2ox3gui10IGUIWindowE:3
0x52b280	341	_ZN2ox3gui10IGUIWindowD1Ev	mac-vtable:_ZTVN2ox3gui10IGUIWindowE:2
0x52b5d0	250	_ZN5daisy3gui12CUnicodeFontD0Ev	mac-vtable:_ZTVN5daisy3gui12CUnicodeFontE:3
0x52b6d0	243	_ZN5daisy3gui12CUnicodeFontD1Ev	mac-vtable:_ZTVN5daisy3gui12CUnicodeFontE:2
0x52baf0	802	_ZN5daisy3gui12CUnicodeFont4drawEPKwRKN2ox4core5CRectIiEENS4_5video6SColorENS4_3gui20EFontHorizontalAlignENSC_18EFontVerticalAlignEPS8_	mac-vtable:_ZTVN5daisy3gui12CUnicodeFontE:4
0x52be20	374	_ZN5daisy3gui12CUnicodeFont19getCharacterFromPosEPKwi	mac-vtable:_ZTVN5daisy3gui12CUnicodeFontE:6
0x52bfa0	376	_ZN5daisy3gui12CUnicodeFont12getDimensionEPKw	mac-vtable:_ZTVN5daisy3gui12CUnicodeFontE:5
0x52c120	6	_ZN5daisy3gui12CUnicodeFont16setOriginalColorERKN2ox5video6SColorE	mac-vtable:_ZTVN5daisy3gui12CUnicodeFontE:7
0x52c130	4	_ZN5daisy3gui12CUnicodeFont14getRecentColorEv	mac-vtable:_ZTVN5daisy3gui12CUnicodeFontE:8
0x52c590	2	_ZN5daisy5input19CJoystickNullDriver26setXboxControllerVibrationEiii	mac-vtable:_ZTVN5daisy5input19CJoystickNullDriverE:7
0x52c5b0	8	_ZN5daisy5input19CJoystickNullDriverD1Ev	mac-vtable:_ZTVN5daisy5input19CJoystickNullDriverE:2
0x52c5c0	3	_ZN5daisy5input19CJoystickNullDriver23getNumAttachedJoysticksEv	mac-vtable:_ZTVN5daisy5input19CJoystickNullDriverE:4
0x52c5d0	3	_ZN5daisy5input19CJoystickNullDriver15isButtonPressedEii	mac-vtable:_ZTVN5daisy5input19CJoystickNullDriverE:5
0x52c5e0	14	_ZN5daisy5input19CJoystickNullDriver15getJoystickAxesEii	mac-vtable:_ZTVN5daisy5input19CJoystickNullDriverE:6
0x52c620	12	_ZN5daisy5input19CJoystickNullDriverD0Ev	mac-vtable:_ZTVN5daisy5input19CJoystickNullDriverE:3
0x52c630	5	_ZN5daisy2io11CFileSystem19getWorkingDirectoryEv	mac-vtable:_ZTVN5daisy2io11CFileSystemE:9
0x52c670	78	_ZN5daisy2io11CFileSystem15createXMLWriterEPN2ox2io10IWriteFileE	manual:CFileSystem Linux slot 21; cache-clearing slot 12 shifts Mac prefix
0x52c6c0	155	_ZN5daisy2io11CFileSystem14zipInflateDataEPhjS2_jRj	mac-vtable:_ZTVN5daisy2io11CFileSystemE:8
0x52c760	163	_ZN5daisy2io11CFileSystem14zipDeflateDataEPhjS2_jRj	mac-vtable:_ZTVN5daisy2io11CFileSystemE:7
0x52c810	75	_ZN5daisy2io11CFileSystem15createXMLWriterEPKc	manual:CFileSystem Linux slot 20; cache-clearing slot 12 shifts Mac prefix
0x52c860	80	_ZN5daisy2io11CFileSystem15createXMLReaderEPKc	manual:CFileSystem Linux slot 18; cache-clearing slot 12 shifts Mac prefix
0x52c8b0	159	_ZN5daisy2io11CFileSystem15createXMLReaderEPN2ox2io9IReadFileE	manual:CFileSystem Linux slot 19; cache-clearing slot 12 shifts Mac prefix
0x52c950	185	_ZN5daisy2io11CFileSystem18readFileIntoMemoryEPKc	mac-vtable:_ZTVN5daisy2io11CFileSystemE:5
0x52caa0	267	_ZN5daisy2io11CFileSystemD0Ev	mac-vtable:_ZTVN5daisy2io11CFileSystemE:3
0x52ccc0	260	_ZN5daisy2io11CFileSystemD1Ev	mac-vtable:_ZTVN5daisy2io11CFileSystemE:2
0x52cdd0	1214	_ZN5daisy2io11CFileSystem12getZipInPathEPKc	manual:CFileSystem Linux slot 25; cache-clearing slot 12 shifts Mac prefix
0x52d290	671	_ZN5daisy2io11CFileSystem11addZipAliasEPKc	mac-vtable:_ZTVN5daisy2io11CFileSystemE:11
0x52d530	843	_ZN5daisy2io11CFileSystem21getDirectoryFromAliasEPKc	manual:CFileSystem Linux slot 13; alias-map lookup returns stored char pointer
0x52d880	1042	_ZN5daisy2io11CFileSystem17addDirectoryAliasEPKcS3_	mac-vtable:_ZTVN5daisy2io11CFileSystemE:10
0x52f3e0	147	_ZN5daisy2io11CFileSystem10renameFileEPKcS3_	manual:CFileSystem Linux slot 23; cache-clearing slot 12 shifts Mac prefix
0x52f480	58	_ZN5daisy2io11CFileSystem10deleteFileEPKc	manual:CFileSystem Linux slot 22; cache-clearing slot 12 shifts Mac prefix
0x52f4c0	948	_ZN5daisy2io11CFileSystem9existFileEPKcb	manual:CFileSystem Linux slot 17; CHelpIO call at vptr+0x78 and fopen/fclose checks
0x52f880	315	_ZN5daisy2io11CFileSystem14resolveAliasesEPKc	manual:CFileSystem Linux slot 14; constructs CFilePath with vtable 0x617430
0x52f9c0	1336	_ZN5daisy2io11CFileSystem14createFileListEPKcS3_N2ox2io9EFileListE	manual:CFileSystem Linux slot 16; cache-clearing slot 12 shifts Mac prefix
0x52ff00	63	_ZN5daisy2io11CFileSystem15createDirectoryEPKc	manual:CFileSystem Linux slot 15; normalized path passed to mkdir
0x52ff40	1437	_ZN5daisy2io11CFileSystem12getZipReaderEPKc	manual:CFileSystem Linux slot 26; cache-clearing slot 12 shifts Mac prefix
0x5304e0	95	_ZN5daisy2io11CFileSystem18createAndWriteFileEPKcb	mac-vtable:_ZTVN5daisy2io11CFileSystemE:6
0x530540	1450	_ZN5daisy2io11CFileSystem24changeWorkingDirectoryToEPKc	manual:CFileSystem Linux slot 24; cache-clearing slot 12 shifts Mac prefix
0x530af0	1170	_ZN5daisy2io11CFileSystem17createAndOpenFileEPKc	mac-vtable:_ZTVN5daisy2io11CFileSystemE:4
0x530f90	8	_ZN2ox2io9IFilePathD1Ev	mac-vtable:_ZTVN2ox2io9IFilePathE:2
0x530fa0	8	_ZN2ox2io11IFileSystemD1Ev	mac-vtable:_ZTVN2ox2io11IFileSystemE:2
0x530fb0	5	_ZN5daisy2io9CFilePath7getPathEv	mac-vtable:_ZTVN5daisy2io9CFilePathE:4
0x530fc0	12	_ZN2ox2io9IFilePathD0Ev	mac-vtable:_ZTVN2ox2io9IFilePathE:3
0x530fd0	12	_ZN2ox2io11IFileSystemD0Ev	mac-vtable:_ZTVN2ox2io11IFileSystemE:3
0x531050	41	_ZN5daisy2io9CFilePathD0Ev	mac-vtable:_ZTVN5daisy2io9CFilePathE:3
0x531080	34	_ZN5daisy2io9CFilePathD1Ev	mac-vtable:_ZTVN5daisy2io9CFilePathE:2
0x531fc0	5	_ZN5daisy2io15CMemoryReadFile11getFileNameEv	mac-vtable:_ZTVN5daisy2io15CMemoryReadFileE:9
0x532000	42	_ZN5daisy2io15CMemoryReadFileD0Ev	mac-vtable:_ZTVN5daisy2io15CMemoryReadFileE:3
0x532030	34	_ZN5daisy2io15CMemoryReadFileD1Ev	mac-vtable:_ZTVN5daisy2io15CMemoryReadFileE:2
0x5323b0	3	_ZN2ox2io12CMemReadFile8readLineEPci	mac-vtable:_ZTVN5daisy2io15CMemoryReadFileE:5
0x5323c0	3	_ZN2ox2io12CMemReadFile15getModifiedDateEv	mac-vtable:_ZTVN5daisy2io15CMemoryReadFileE:10
0x5323d0	4	_ZN5daisy2io9CReadFile7getSizeEv	mac-vtable:_ZTVN5daisy2io9CReadFileE:7
0x5323e0	5	_ZN5daisy2io9CReadFile11getFileNameEv	mac-vtable:_ZTVN5daisy2io9CReadFileE:9
0x532420	36	_ZN5daisy2io9CReadFile4seekEib	mac-vtable:_ZTVN5daisy2io9CReadFileE:6
0x5324b0	18	_ZN5daisy2io9CReadFile6getPosEv	mac-vtable:_ZTVN5daisy2io9CReadFileE:8
0x5324d0	44	_ZN5daisy2io9CReadFile15getModifiedDateEv	mac-vtable:_ZTVN5daisy2io9CReadFileE:10
0x532500	35	_ZN5daisy2io9CReadFile8readLineEPci	mac-vtable:_ZTVN5daisy2io9CReadFileE:5
0x532530	39	_ZN5daisy2io9CReadFile4readEPvi	mac-vtable:_ZTVN5daisy2io9CReadFileE:4
0x5326b0	102	_ZN5daisy2io9CReadFileD0Ev	mac-vtable:_ZTVN5daisy2io9CReadFileE:3
0x532720	95	_ZN5daisy2io9CReadFileD1Ev	mac-vtable:_ZTVN5daisy2io9CReadFileE:2
0x5329b0	8	_ZN2ox2io9IReadFileD1Ev	mac-vtable:_ZTVN2ox2io9IReadFileE:2
0x5329c0	12	_ZN2ox2io9IReadFileD0Ev	mac-vtable:_ZTVN2ox2io9IReadFileE:3
0x532cf0	34	_ZN5daisy2io11CTextReaderD1Ev	mac-vtable:_ZTVN5daisy2io11CTextReaderE:2
0x532d50	41	_ZN5daisy2io11CTextReaderD0Ev	mac-vtable:_ZTVN5daisy2io11CTextReaderE:3
0x532d80	5	_ZN5daisy2io10CWriteFile11getFileNameEv	mac-vtable:_ZTVN5daisy2io10CWriteFileE:7
0x532dc0	36	_ZN5daisy2io10CWriteFile4seekEib	mac-vtable:_ZTVN5daisy2io10CWriteFileE:5
0x532e60	18	_ZN5daisy2io10CWriteFile6getPosEv	mac-vtable:_ZTVN5daisy2io10CWriteFileE:6
0x532e80	39	_ZN5daisy2io10CWriteFile5writeEPKvi	mac-vtable:_ZTVN5daisy2io10CWriteFileE:4
0x533010	102	_ZN5daisy2io10CWriteFileD0Ev	mac-vtable:_ZTVN5daisy2io10CWriteFileE:3
0x533080	95	_ZN5daisy2io10CWriteFileD1Ev	mac-vtable:_ZTVN5daisy2io10CWriteFileE:2
0x533330	8	_ZN2ox2io10IWriteFileD1Ev	mac-vtable:_ZTVN2ox2io10IWriteFileE:2
0x533340	5	_ZN5daisy2io10CWriteFile12getStdioFileEv	mac-vtable:_ZTVN5daisy2io10CWriteFileE:8
0x533350	12	_ZN2ox2io10IWriteFileD0Ev	mac-vtable:_ZTVN2ox2io10IWriteFileE:3
0x533390	4	_ZN5daisy2io10CXMLReader11getNodeTypeEv	mac-vtable:_ZTVN5daisy2io10CXMLReaderE:5
0x5333a0	13	_ZN5daisy2io10CXMLReader17getAttributeCountEv	mac-vtable:_ZTVN5daisy2io10CXMLReaderE:6
0x5333b0	44	_ZN5daisy2io10CXMLReader16getAttributeNameEi	mac-vtable:_ZTVN5daisy2io10CXMLReaderE:7
0x5333e0	45	_ZN5daisy2io10CXMLReader17getAttributeValueEi	mac-vtable:_ZTVN5daisy2io10CXMLReaderE:8
0x533410	19	_ZN5daisy2io10CXMLReader22getAttributeValueAsIntEPKw	mac-vtable:_ZTVN5daisy2io10CXMLReaderE:11
0x533430	5	_ZN5daisy2io10CXMLReader11getNodeNameEv	mac-vtable:_ZTVN5daisy2io10CXMLReaderE:13
0x533440	5	_ZN5daisy2io10CXMLReader11getNodeDataEv	mac-vtable:_ZTVN5daisy2io10CXMLReaderE:14
0x533450	5	_ZN5daisy2io10CXMLReader14isEmptyElementEv	mac-vtable:_ZTVN5daisy2io10CXMLReaderE:15
0x5335a0	31	_ZN5daisy2io10CXMLReader21getAttributeValueSafeEPKw	mac-vtable:_ZTVN5daisy2io10CXMLReaderE:10
0x5335c0	28	_ZN5daisy2io10CXMLReader17getAttributeValueEPKw	mac-vtable:_ZTVN5daisy2io10CXMLReaderE:9
0x5335e0	847	_ZN5daisy2io10CXMLReader24getAttributeValueAsFloatEPKw	mac-vtable:_ZTVN5daisy2io10CXMLReaderE:12
0x533e10	184	_ZN5daisy2io10CXMLReaderD0Ev	mac-vtable:_ZTVN5daisy2io10CXMLReaderE:3
0x533ed0	177	_ZN5daisy2io10CXMLReaderD1Ev	mac-vtable:_ZTVN5daisy2io10CXMLReaderE:2
0x535580	63	_ZN5daisy2io10CXMLReader4readEv	mac-vtable:_ZTVN5daisy2io10CXMLReaderE:4
0x5355c0	8	_ZN2ox2io10IXMLReaderD1Ev	mac-vtable:_ZTVN2ox2io10IXMLReaderE:2
0x5355d0	12	_ZN2ox2io10IXMLReaderD0Ev	mac-vtable:_ZTVN2ox2io10IXMLReaderE:3
0x536070	34	_ZN5daisy2io10CXMLWriter14writeLineBreakEv	mac-vtable:_ZTVN5daisy2io10CXMLWriterE:9
0x5360d0	146	_ZN5daisy2io10CXMLWriter15writeClosingTagEPKw	mac-vtable:_ZTVN5daisy2io10CXMLWriterE:7
0x536170	146	_ZN5daisy2io10CXMLWriter12writeCommentEPKw	mac-vtable:_ZTVN5daisy2io10CXMLWriterE:6
0x5362f0	423	_ZN5daisy2io10CXMLWriter12writeElementEPKwbS3_S3_S3_S3_S3_S3_S3_S3_S3_S3_	mac-vtable:_ZTVN5daisy2io10CXMLWriterE:5
0x5364a0	105	_ZN5daisy2io10CXMLWriter14writeXMLHeaderEv	mac-vtable:_ZTVN5daisy2io10CXMLWriterE:4
0x536510	70	_ZN5daisy2io10CXMLWriterD0Ev	mac-vtable:_ZTVN5daisy2io10CXMLWriterE:3
0x536560	63	_ZN5daisy2io10CXMLWriterD1Ev	mac-vtable:_ZTVN5daisy2io10CXMLWriterE:2
0x5365a0	762	_ZN5daisy2io10CXMLWriter9writeTextEPKw	mac-vtable:_ZTVN5daisy2io10CXMLWriterE:8
0x5368a0	8	_ZN2ox2io10IXMLWriterD1Ev	mac-vtable:_ZTVN2ox2io10IXMLWriterE:2
0x5368b0	12	_ZN2ox2io10IXMLWriterD0Ev	mac-vtable:_ZTVN2ox2io10IXMLWriterE:3
0x5368c0	27	_ZN5daisy2io12CZipFileList12getFileCountEv	mac-vtable:_ZTVN5daisy2io12CZipFileListE:4
0x5368e0	60	_ZN5daisy2io12CZipFileList11getFileNameEi	mac-vtable:_ZTVN5daisy2io12CZipFileListE:5
0x536920	61	_ZN5daisy2io12CZipFileList15getFullFileNameEi	mac-vtable:_ZTVN5daisy2io12CZipFileListE:6
0x536960	61	_ZN5daisy2io12CZipFileList11isDirectoryEi	mac-vtable:_ZTVN5daisy2io12CZipFileListE:7
0x5369d0	96	_ZN5daisy2io12CZipFileListD1Ev	mac-vtable:_ZTVN5daisy2io12CZipFileListE:2
0x536a90	103	_ZN5daisy2io12CZipFileListD0Ev	mac-vtable:_ZTVN5daisy2io12CZipFileListE:3
0x538da0	8	_ZN2ox2io9IFileListD1Ev	mac-vtable:_ZTVN2ox2io9IFileListE:2
0x538db0	12	_ZN2ox2io9IFileListD0Ev	mac-vtable:_ZTVN2ox2io9IFileListE:3
0x53ac10	36	_ZN5daisy2io10CZipReader8openFileEPKc	mac-vtable:_ZTVN5daisy2io10CZipReaderE:4
0x53b470	175	_ZN5daisy2io10CZipReaderD0Ev	mac-vtable:_ZTVN5daisy2io10CZipReaderE:3
0x53b520	168	_ZN5daisy2io10CZipReaderD1Ev	mac-vtable:_ZTVN5daisy2io10CZipReaderE:2
0x53f940	140	_ZN5daisy3net21CWinsockNetworkDevice16broadcastMessageEPviii	mac-vtable:_ZTVN5daisy3net21CWinsockNetworkDeviceE:9
0x53fa20	2	_ZN5daisy3net21CWinsockNetworkDevice10pollDeviceEv	mac-vtable:_ZTVN5daisy3net21CWinsockNetworkDeviceE:12
0x53fa60	289	_ZN5daisy3net21CWinsockNetworkDevice10createHostEPN2ox5event14IEventReceiverERKNS2_3net11SServerInfoE	mac-vtable:_ZTVN5daisy3net21CWinsockNetworkDeviceE:4
0x53fb90	397	_ZN5daisy3net21CWinsockNetworkDevice10getLocalIpEv	mac-vtable:_ZTVN5daisy3net21CWinsockNetworkDeviceE:7
0x53fd20	160	_ZN5daisy3net21CWinsockNetworkDevice13decryptPacketEPKvi	mac-vtable:_ZTVN5daisy3net21CWinsockNetworkDeviceE:10
0x53fdc0	652	_ZN5daisy3net21CWinsockNetworkDevice8joinHostEPN2ox5event14IEventReceiverERKNS2_3net11SServerInfoE	mac-vtable:_ZTVN5daisy3net21CWinsockNetworkDeviceE:5
0x540050	395	_ZN5daisy3net21CWinsockNetworkDevice10disconnectEv	mac-vtable:_ZTVN5daisy3net21CWinsockNetworkDeviceE:6
0x540440	5	_ZN5daisy3net21CWinsockNetworkDevice10kickClientEi	mac-vtable:_ZTVN5daisy3net21CWinsockNetworkDeviceE:11
0x540450	350	_ZN5daisy3net21CWinsockNetworkDevice11sendMessageEiPvii	mac-vtable:_ZTVN5daisy3net21CWinsockNetworkDeviceE:8
0x540c10	245	_ZN5daisy3net21CWinsockNetworkDeviceD0Ev	mac-vtable:_ZTVN5daisy3net21CWinsockNetworkDeviceE:3
0x540d10	238	_ZN5daisy3net21CWinsockNetworkDeviceD1Ev	mac-vtable:_ZTVN5daisy3net21CWinsockNetworkDeviceE:2
0x541630	8	_ZN2ox3net14INetworkDeviceD1Ev	mac-vtable:_ZTVN2ox3net14INetworkDeviceE:2
0x541640	12	_ZN2ox3net14INetworkDeviceD0Ev	mac-vtable:_ZTVN2ox3net14INetworkDeviceE:3
0x5422c0	28	_ZN5daisy5scene18C3DSMeshFileLoader24isALoadableFileExtensionEPKc	mac-vtable:_ZTVN5daisy5scene18C3DSMeshFileLoaderE:4
0x5428c0	397	_ZN5daisy5scene18C3DSMeshFileLoaderD1Ev	mac-vtable:_ZTVN5daisy5scene18C3DSMeshFileLoaderE:2
0x543490	404	_ZN5daisy5scene18C3DSMeshFileLoaderD0Ev	mac-vtable:_ZTVN5daisy5scene18C3DSMeshFileLoaderE:3
0x544ca0	2171	_ZN5daisy5scene18C3DSMeshFileLoader10createMeshEPN2ox2io9IReadFileE	mac-vtable:_ZTVN5daisy5scene18C3DSMeshFileLoaderE:5
0x545520	8	_ZN2ox5scene11IMeshBufferD1Ev	mac-vtable:_ZTVN2ox5scene11IMeshBufferE:2
0x545530	8	_ZN2ox5scene5IMeshD1Ev	mac-vtable:_ZTVN2ox5scene5IMeshE:2
0x545540	8	_ZN2ox5scene13IAnimatedMeshD1Ev	mac-vtable:_ZTVN2ox5scene13IAnimatedMeshE:2
0x545550	3	_ZNK2ox5scene13IAnimatedMesh11getMeshTypeEv	mac-vtable:_ZTVN2ox5scene13IAnimatedMeshE:7
0x545560	13	_ZN2ox5scene13SAnimatedMesh13getFrameCountEv	mac-vtable:_ZTVN2ox5scene13SAnimatedMeshE:4
0x545570	12	_ZN2ox5scene13SAnimatedMesh7getMeshEiiii	mac-vtable:_ZTVN2ox5scene13SAnimatedMeshE:5
0x545580	5	_ZNK2ox5scene13SAnimatedMesh14getBoundingBoxEv	mac-vtable:_ZTVN2ox5scene13SAnimatedMeshE:6
0x545590	4	_ZNK2ox5scene13SAnimatedMesh11getMeshTypeEv	mac-vtable:_ZTVN2ox5scene13SAnimatedMeshE:7
0x5455a0	13	_ZN2ox5scene5SMesh18getMeshBufferCountEv	mac-vtable:_ZTVN2ox5scene5SMeshE:4
0x5455b0	12	_ZN2ox5scene5SMesh13getMeshBufferEi	mac-vtable:_ZTVN2ox5scene5SMeshE:5
0x5455c0	5	_ZNK2ox5scene5SMesh14getBoundingBoxEv	mac-vtable:_ZTVN2ox5scene5SMeshE:6
0x5455d0	5	_ZN2ox5scene5SMesh14getBoundingBoxEv	mac-vtable:_ZTVN2ox5scene5SMeshE:7
0x5455e0	99	_ZN2ox5scene5SMesh15setMaterialFlagENS_5video15E_MATERIAL_FLAGEb	mac-vtable:_ZTVN2ox5scene5SMeshE:8
0x545650	5	_ZNK2ox5scene11SMeshBuffer11getMaterialEv	mac-vtable:_ZTVN2ox5scene11SMeshBufferE:5
0x545660	5	_ZN2ox5scene11SMeshBuffer11getMaterialEv	mac-vtable:_ZTVN2ox5scene11SMeshBufferE:4
0x545670	5	_ZNK2ox5scene11SMeshBuffer11getVerticesEv	mac-vtable:_ZTVN2ox5scene11SMeshBufferE:7
0x545680	5	_ZN2ox5scene11SMeshBuffer11getVerticesEv	mac-vtable:_ZTVN2ox5scene11SMeshBufferE:8
0x545690	27	_ZNK2ox5scene11SMeshBuffer14getVertexCountEv	mac-vtable:_ZTVN2ox5scene11SMeshBufferE:9
0x5456b0	5	_ZNK2ox5scene11SMeshBuffer10getIndicesEv	mac-vtable:_ZTVN2ox5scene11SMeshBufferE:10
0x5456c0	5	_ZN2ox5scene11SMeshBuffer10getIndicesEv	mac-vtable:_ZTVN2ox5scene11SMeshBufferE:11
0x5456d0	12	_ZNK2ox5scene11SMeshBuffer13getIndexCountEv	mac-vtable:_ZTVN2ox5scene11SMeshBufferE:12
0x5456e0	8	_ZNK2ox5scene11SMeshBuffer14getBoundingBoxEv	mac-vtable:_ZTVN2ox5scene11SMeshBufferE:13
0x5456f0	8	_ZN2ox5scene11SMeshBuffer14getBoundingBoxEv	mac-vtable:_ZTVN2ox5scene11SMeshBufferE:14
0x545700	3	_ZNK2ox5scene11SMeshBuffer13getVertexTypeEv	mac-vtable:_ZTVN2ox5scene11SMeshBufferE:6
0x545710	12	_ZN2ox5scene11IMeshBufferD0Ev	mac-vtable:_ZTVN2ox5scene11IMeshBufferE:3
0x545a90	12	_ZN2ox5scene5IMeshD0Ev	mac-vtable:_ZTVN2ox5scene5IMeshE:3
0x545aa0	12	_ZN2ox5scene13IAnimatedMeshD0Ev	mac-vtable:_ZTVN2ox5scene13IAnimatedMeshE:3
0x545ab0	55	_ZN2ox5scene11SMeshBufferD0Ev	mac-vtable:_ZTVN2ox5scene11SMeshBufferE:3
0x545af0	48	_ZN2ox5scene11SMeshBufferD1Ev	mac-vtable:_ZTVN2ox5scene11SMeshBufferE:2
0x545b90	168	_ZN2ox5scene5SMeshD0Ev	mac-vtable:_ZTVN2ox5scene5SMeshE:3
0x545c40	161	_ZN2ox5scene5SMeshD1Ev	mac-vtable:_ZTVN2ox5scene5SMeshE:2
0x545cf0	168	_ZN2ox5scene13SAnimatedMeshD0Ev	mac-vtable:_ZTVN2ox5scene13SAnimatedMeshE:3
0x545da0	161	_ZN2ox5scene13SAnimatedMeshD1Ev	mac-vtable:_ZTVN2ox5scene13SAnimatedMeshE:2
0x547400	2	_ZN5daisy5scene22CAnimatedMeshSceneNode15setCurrentFrameEi	mac-vtable:_ZTVN5daisy5scene22CAnimatedMeshSceneNodeE:35
0x547410	362	_ZN5daisy5scene22CAnimatedMeshSceneNode12OnPostRenderEj	mac-vtable:_ZTVN5daisy5scene22CAnimatedMeshSceneNodeE:5
0x547580	719	_ZN5daisy5scene22CAnimatedMeshSceneNode6renderEv	mac-vtable:_ZTVN5daisy5scene22CAnimatedMeshSceneNodeE:6
0x547850	7	_ZN5daisy5scene22CAnimatedMeshSceneNode17setAnimationSpeedEi	mac-vtable:_ZTVN5daisy5scene22CAnimatedMeshSceneNodeE:37
0x547860	8	_ZNK5daisy5scene22CAnimatedMeshSceneNode14getBoundingBoxEv	mac-vtable:_ZTVN5daisy5scene22CAnimatedMeshSceneNodeE:9
0x547870	71	_ZN5daisy5scene22CAnimatedMeshSceneNode11getMaterialEi	mac-vtable:_ZTVN5daisy5scene22CAnimatedMeshSceneNodeE:22
0x5478c0	33	_ZN5daisy5scene22CAnimatedMeshSceneNode16getMaterialCountEv	mac-vtable:_ZTVN5daisy5scene22CAnimatedMeshSceneNodeE:23
0x5478f0	137	_ZN5daisy5scene22CAnimatedMeshSceneNode15setMD2AnimationEN2ox5scene19EMD2_ANIMATION_TYPEE	mac-vtable:_ZTVN5daisy5scene22CAnimatedMeshSceneNodeE:40
0x547980	142	_ZN5daisy5scene22CAnimatedMeshSceneNode15setMD2AnimationEPKc	mac-vtable:_ZTVN5daisy5scene22CAnimatedMeshSceneNodeE:41
0x547a10	111	_ZN5daisy5scene22CAnimatedMeshSceneNode12setFrameLoopEii	mac-vtable:_ZTVN5daisy5scene22CAnimatedMeshSceneNodeE:36
0x547ab0	198	_ZN5daisy5scene22CAnimatedMeshSceneNode24addShadowVolumeSceneNodeEibf	mac-vtable:_ZTVN5daisy5scene22CAnimatedMeshSceneNodeE:38
0x547b80	223	_ZN5daisy5scene22CAnimatedMeshSceneNode11OnPreRenderEv	mac-vtable:_ZTVN5daisy5scene22CAnimatedMeshSceneNodeE:4
0x547c60	313	_ZN5daisy5scene22CAnimatedMeshSceneNode11removeChildEPN2ox5scene10ISceneNodeE	mac-vtable:_ZTVN5daisy5scene22CAnimatedMeshSceneNodeE:16
0x547da0	331	_ZN5daisy5scene22CAnimatedMeshSceneNode16getMS3DJointNodeEPKc	mac-vtable:_ZTVN5daisy5scene22CAnimatedMeshSceneNodeE:39
0x5497d0	645	_ZN5daisy5scene22CAnimatedMeshSceneNodeD0Ev	mac-vtable:_ZTVN5daisy5scene22CAnimatedMeshSceneNodeE:3
0x549a60	637	_ZN5daisy5scene22CAnimatedMeshSceneNodeD1Ev	mac-vtable:_ZTVN5daisy5scene22CAnimatedMeshSceneNodeE:2
0x549ce0	90	_ZN5daisy5scene22CAnimatedMeshSceneNode10getFrameNrEv	mac-vtable:_ZTVN5daisy5scene22CAnimatedMeshSceneNodeE:42
0x54a360	373	_ZN2ox5scene22IAnimatedMeshSceneNodeD0Ev	mac-vtable:_ZTVN2ox5scene22IAnimatedMeshSceneNodeE:3
0x54a4e0	361	_ZN2ox5scene22IAnimatedMeshSceneNodeD1Ev	mac-vtable:_ZTVN2ox5scene22IAnimatedMeshSceneNodeE:2
0x54a650	8	_ZNK5daisy5scene19CBillboardSceneNode14getBoundingBoxEv	mac-vtable:_ZTVN5daisy5scene19CBillboardSceneNodeE:9
0x54a660	18	_ZN5daisy5scene19CBillboardSceneNode7setSizeERKN2ox4core12CDimension2dIfEE	mac-vtable:_ZTVN5daisy5scene19CBillboardSceneNodeE:35
0x54a680	8	_ZN5daisy5scene19CBillboardSceneNode11getMaterialEi	mac-vtable:_ZTVN5daisy5scene19CBillboardSceneNodeE:22
0x54a690	6	_ZN5daisy5scene19CBillboardSceneNode16getMaterialCountEv	mac-vtable:_ZTVN5daisy5scene19CBillboardSceneNodeE:23
0x54a6a0	8	_ZN5daisy5scene19CBillboardSceneNode7getSizeEv	mac-vtable:_ZTVN5daisy5scene19CBillboardSceneNodeE:36
0x54a6e0	133	_ZN5daisy5scene19CBillboardSceneNode11OnPreRenderEv	mac-vtable:_ZTVN5daisy5scene19CBillboardSceneNodeE:4
0x54a770	1140	_ZN5daisy5scene19CBillboardSceneNode6renderEv	mac-vtable:_ZTVN5daisy5scene19CBillboardSceneNodeE:6
0x54b5d0	373	_ZN5daisy5scene19CBillboardSceneNodeD0Ev	mac-vtable:_ZTVN5daisy5scene19CBillboardSceneNodeE:3
0x54b750	361	_ZN5daisy5scene19CBillboardSceneNodeD1Ev	mac-vtable:_ZTVN5daisy5scene19CBillboardSceneNodeE:2
0x54c410	361	_ZN2ox5scene19IBillboardSceneNodeD1Ev	mac-vtable:_ZTVN2ox5scene19IBillboardSceneNodeE:2
0x54c580	373	_ZN2ox5scene19IBillboardSceneNodeD0Ev	mac-vtable:_ZTVN2ox5scene19IBillboardSceneNodeE:3
0x54c700	2	_ZN5daisy5scene17CBspTreeSceneNode6renderEv	mac-vtable:_ZTVN5daisy5scene17CBspTreeSceneNodeE:6
0x54c710	8	_ZNK5daisy5scene17CBspTreeSceneNode14getBoundingBoxEv	mac-vtable:_ZTVN5daisy5scene17CBspTreeSceneNodeE:9
0x54c810	122	_ZN5daisy5scene17CBspTreeSceneNode11OnPreRenderEv	mac-vtable:_ZTVN5daisy5scene17CBspTreeSceneNodeE:4
0x54d8d0	427	_ZN5daisy5scene17CBspTreeSceneNodeD0Ev	mac-vtable:_ZTVN5daisy5scene17CBspTreeSceneNodeE:3
0x54da80	421	_ZN5daisy5scene17CBspTreeSceneNodeD1Ev	mac-vtable:_ZTVN5daisy5scene17CBspTreeSceneNodeE:2
0x54dde0	373	_ZN2ox5scene17IBspTreeSceneNodeD0Ev	mac-vtable:_ZTVN2ox5scene17IBspTreeSceneNodeE:3
0x54df60	361	_ZN2ox5scene17IBspTreeSceneNodeD1Ev	mac-vtable:_ZTVN2ox5scene17IBspTreeSceneNodeE:2
0x54e0e0	153	_ZN5daisy5scene19CCameraFPSSceneNode7OnEventERKN2ox5event6SEventE	mac-vtable:_ZTVN5daisy5scene19CCameraFPSSceneNodeE:38
0x54ebd0	224	_ZN5daisy5scene19CCameraFPSSceneNode12OnPostRenderEj	mac-vtable:_ZTVN5daisy5scene19CCameraFPSSceneNodeE:5
0x54f1b0	1296	_ZN5daisy5scene19CCameraFPSSceneNode9setTargetERKN2ox4core9CVector3dIfEE	mac-vtable:_ZTVN5daisy5scene19CCameraFPSSceneNodeE:39
0x54f6d0	133	_ZN5daisy5scene19CCameraFPSSceneNodeD0Ev	mac-vtable:_ZTVN5daisy5scene19CCameraFPSSceneNodeE:3
0x54f770	141	_ZN5daisy5scene19CCameraFPSSceneNodeD1Ev	mac-vtable:_ZTVN5daisy5scene19CCameraFPSSceneNodeE:2
0x54fff0	321	_ZN5daisy5scene20CCameraMayaSceneNode7OnEventERKN2ox5event6SEventE	mac-vtable:_ZTVN5daisy5scene20CCameraMayaSceneNodeE:38
0x5501b0	36	_ZN5daisy5scene20CCameraMayaSceneNodeD0Ev	mac-vtable:_ZTVN5daisy5scene20CCameraMayaSceneNodeE:3
0x5501f0	23	_ZN5daisy5scene20CCameraMayaSceneNodeD1Ev	mac-vtable:_ZTVN5daisy5scene20CCameraMayaSceneNodeE:2
0x550530	61	_ZN5daisy5scene20CCameraMayaSceneNode11setPositionERKN2ox4core9CVector3dIfEE	mac-vtable:_ZTVN5daisy5scene20CCameraMayaSceneNodeE:29
0x5517c0	52	_ZN5daisy5scene20CCameraMayaSceneNode12OnPostRenderEj	mac-vtable:_ZTVN5daisy5scene20CCameraMayaSceneNodeE:5
0x551800	8	_ZN5daisy5scene16CCameraSceneNode23setInputReceiverEnabledEb	mac-vtable:_ZTVN5daisy5scene19CCameraFPSSceneNodeE:52
0x551810	8	_ZN5daisy5scene16CCameraSceneNode22isInputReceiverEnabledEv	mac-vtable:_ZTVN5daisy5scene19CCameraFPSSceneNodeE:53
0x551820	30	_ZN5daisy5scene16CCameraSceneNode19setProjectionMatrixERKN2ox4core8CMatrix4E	mac-vtable:_ZTVN5daisy5scene19CCameraFPSSceneNodeE:35
0x551840	8	_ZN5daisy5scene16CCameraSceneNode19getProjectionMatrixEv	mac-vtable:_ZTVN5daisy5scene19CCameraFPSSceneNodeE:36
0x551850	8	_ZN5daisy5scene16CCameraSceneNode13getViewMatrixEv	mac-vtable:_ZTVN5daisy5scene19CCameraFPSSceneNodeE:37
0x551870	3	_ZN5daisy5scene16CCameraSceneNode7OnEventERKN2ox5event6SEventE	mac-vtable:_ZTVN5daisy5scene16CCameraSceneNodeE:38
0x551880	27	_ZN5daisy5scene16CCameraSceneNode9setTargetERKN2ox4core9CVector3dIfEE	mac-vtable:_ZTVN5daisy5scene20CCameraMayaSceneNodeE:39
0x5518a0	30	_ZNK5daisy5scene16CCameraSceneNode9getTargetEv	mac-vtable:_ZTVN5daisy5scene19CCameraFPSSceneNodeE:40
0x5518c0	27	_ZN5daisy5scene16CCameraSceneNode11setUpVectorERKN2ox4core9CVector3dIfEE	mac-vtable:_ZTVN5daisy5scene19CCameraFPSSceneNodeE:41
0x5518e0	30	_ZNK5daisy5scene16CCameraSceneNode11getUpVectorEv	mac-vtable:_ZTVN5daisy5scene19CCameraFPSSceneNodeE:42
0x551900	9	_ZN5daisy5scene16CCameraSceneNode12getNearValueEv	mac-vtable:_ZTVN5daisy5scene19CCameraFPSSceneNodeE:43
0x551910	9	_ZN5daisy5scene16CCameraSceneNode11getFarValueEv	mac-vtable:_ZTVN5daisy5scene19CCameraFPSSceneNodeE:44
0x551920	9	_ZN5daisy5scene16CCameraSceneNode14getAspectRatioEv	mac-vtable:_ZTVN5daisy5scene19CCameraFPSSceneNodeE:45
0x551930	9	_ZN5daisy5scene16CCameraSceneNode6getFOVEv	mac-vtable:_ZTVN5daisy5scene19CCameraFPSSceneNodeE:46
0x551940	50	_ZN5daisy5scene16CCameraSceneNode6renderEv	mac-vtable:_ZTVN5daisy5scene19CCameraFPSSceneNodeE:6
0x551980	8	_ZNK5daisy5scene16CCameraSceneNode14getBoundingBoxEv	mac-vtable:_ZTVN5daisy5scene19CCameraFPSSceneNodeE:9
0x551990	8	_ZN5daisy5scene16CCameraSceneNode15getViewFrustrumEv	mac-vtable:_ZTVN5daisy5scene19CCameraFPSSceneNodeE:51
0x551ac0	13	_ZN5daisy5scene16CCameraSceneNode6setFOVEf	mac-vtable:_ZTVN5daisy5scene19CCameraFPSSceneNodeE:50
0x551ad0	13	_ZN5daisy5scene16CCameraSceneNode14setAspectRatioEf	mac-vtable:_ZTVN5daisy5scene19CCameraFPSSceneNodeE:49
0x551ae0	13	_ZN5daisy5scene16CCameraSceneNode11setFarValueEf	mac-vtable:_ZTVN5daisy5scene19CCameraFPSSceneNodeE:48
0x551af0	13	_ZN5daisy5scene16CCameraSceneNode12setNearValueEf	mac-vtable:_ZTVN5daisy5scene19CCameraFPSSceneNodeE:47
0x551b30	145	_ZN5daisy5scene16CCameraSceneNode12OnPostRenderEv	mac-vtable:_ZTVN5daisy5scene19CCameraFPSSceneNodeE:54
0x554580	1022	_ZN5daisy5scene16CCameraSceneNode11OnPreRenderEv	mac-vtable:_ZTVN5daisy5scene19CCameraFPSSceneNodeE:4
0x555d70	421	_ZN5daisy5scene16CCameraSceneNodeD0Ev	mac-vtable:_ZTVN5daisy5scene16CCameraSceneNodeE:3
0x555f30	412	_ZN5daisy5scene16CCameraSceneNodeD1Ev	mac-vtable:_ZTVN5daisy5scene16CCameraSceneNodeE:2
0x556280	412	_ZN2ox5scene16ICameraSceneNodeD1Ev	mac-vtable:_ZTVN2ox5scene16ICameraSceneNodeE:2
0x5565d0	421	_ZN2ox5scene16ICameraSceneNodeD0Ev	mac-vtable:_ZTVN2ox5scene16ICameraSceneNodeE:3
0x556830	89	_ZN5daisy5scene24CDefaultMeshFormatLoader24isALoadableFileExtensionEPKc	mac-vtable:_ZTVN5daisy5scene24CDefaultMeshFormatLoaderE:4
0x556890	91	_ZN5daisy5scene24CDefaultMeshFormatLoaderD1Ev	mac-vtable:_ZTVN5daisy5scene24CDefaultMeshFormatLoaderE:2
0x556950	98	_ZN5daisy5scene24CDefaultMeshFormatLoaderD0Ev	mac-vtable:_ZTVN5daisy5scene24CDefaultMeshFormatLoaderE:3
0x5569c0	554	_ZN5daisy5scene24CDefaultMeshFormatLoader10createMeshEPN2ox2io9IReadFileE	mac-vtable:_ZTVN5daisy5scene24CDefaultMeshFormatLoaderE:5
0x556bf0	8	_ZNK5daisy5scene29CDummyTransformationSceneNode14getBoundingBoxEv	mac-vtable:_ZTVN5daisy5scene29CDummyTransformationSceneNodeE:9
0x556c00	8	_ZN5daisy5scene29CDummyTransformationSceneNode31getRelativeTransformationMatrixEv	mac-vtable:_ZTVN5daisy5scene29CDummyTransformationSceneNodeE:35
0x556c10	91	_ZNK5daisy5scene29CDummyTransformationSceneNode25getRelativeTransformationEv	mac-vtable:_ZTVN5daisy5scene29CDummyTransformationSceneNodeE:10
0x5574e0	373	_ZN5daisy5scene29CDummyTransformationSceneNodeD0Ev	mac-vtable:_ZTVN5daisy5scene29CDummyTransformationSceneNodeE:3
0x557660	361	_ZN5daisy5scene29CDummyTransformationSceneNodeD1Ev	mac-vtable:_ZTVN5daisy5scene29CDummyTransformationSceneNodeE:2
0x558180	2	_ZN5daisy5scene29CDummyTransformationSceneNode6renderEv	mac-vtable:_ZTVN5daisy5scene29CDummyTransformationSceneNodeE:6
0x558190	361	_ZN2ox5scene29IDummyTransformationSceneNodeD1Ev	mac-vtable:_ZTVN2ox5scene29IDummyTransformationSceneNodeE:2
0x558300	373	_ZN2ox5scene29IDummyTransformationSceneNodeD0Ev	mac-vtable:_ZTVN2ox5scene29IDummyTransformationSceneNodeE:3
0x558480	2	_ZN5daisy5scene15CEmptySceneNode6renderEv	mac-vtable:_ZTVN5daisy5scene15CEmptySceneNodeE:6
0x558490	8	_ZNK5daisy5scene15CEmptySceneNode14getBoundingBoxEv	mac-vtable:_ZTVN5daisy5scene15CEmptySceneNodeE:9
0x5584d0	133	_ZN5daisy5scene15CEmptySceneNode11OnPreRenderEv	mac-vtable:_ZTVN5daisy5scene15CEmptySceneNodeE:4
0x559560	373	_ZN5daisy5scene15CEmptySceneNodeD0Ev	mac-vtable:_ZTVN5daisy5scene15CEmptySceneNodeE:3
0x5596e0	361	_ZN5daisy5scene15CEmptySceneNodeD1Ev	mac-vtable:_ZTVN5daisy5scene15CEmptySceneNodeE:2
0x55ba30	101	_ZN5daisy5scene15CLightSceneNode6renderEv	mac-vtable:_ZTVN5daisy5scene15CLightSceneNodeE:6
0x55baa0	8	_ZN5daisy5scene15CLightSceneNode12getLightDataEv	mac-vtable:_ZTVN5daisy5scene15CLightSceneNodeE:35
0x55bab0	8	_ZNK5daisy5scene15CLightSceneNode14getBoundingBoxEv	mac-vtable:_ZTVN5daisy5scene15CLightSceneNodeE:9
0x55baf0	361	_ZN5daisy5scene15CLightSceneNodeD1Ev	mac-vtable:_ZTVN5daisy5scene15CLightSceneNodeE:2
0x55bc60	133	_ZN5daisy5scene15CLightSceneNode11OnPreRenderEv	mac-vtable:_ZTVN5daisy5scene15CLightSceneNodeE:4
0x55c790	373	_ZN5daisy5scene15CLightSceneNodeD0Ev	mac-vtable:_ZTVN5daisy5scene15CLightSceneNodeE:3
0x55d240	373	_ZN2ox5scene15ILightSceneNodeD0Ev	mac-vtable:_ZTVN2ox5scene15ILightSceneNodeE:3
0x55d3c0	361	_ZN2ox5scene15ILightSceneNodeD1Ev	mac-vtable:_ZTVN2ox5scene15ILightSceneNodeE:2
0x55d580	8	_ZN5daisy5scene16CMeshManipulatorD1Ev	mac-vtable:_ZTVN5daisy5scene16CMeshManipulatorE:2
0x55d590	133	_ZNK5daisy5scene16CMeshManipulator12flipSurfacesEPN2ox5scene5IMeshE	mac-vtable:_ZTVN5daisy5scene16CMeshManipulatorE:4
0x55d620	310	_ZNK5daisy5scene16CMeshManipulator19setVertexColorAlphaEPN2ox5scene5IMeshEi	mac-vtable:_ZTVN5daisy5scene16CMeshManipulatorE:5
0x55d760	95	_ZNK5daisy5scene16CMeshManipulator12getPolyCountEPN2ox5scene5IMeshE	mac-vtable:_ZTVN5daisy5scene16CMeshManipulatorE:11
0x55d7c0	133	_ZNK5daisy5scene16CMeshManipulator12getPolyCountEPN2ox5scene13IAnimatedMeshE	mac-vtable:_ZTVN5daisy5scene16CMeshManipulatorE:12
0x55d880	12	_ZN5daisy5scene16CMeshManipulatorD0Ev	mac-vtable:_ZTVN5daisy5scene16CMeshManipulatorE:3
0x55d890	543	_ZNK5daisy5scene16CMeshManipulator22recalculateBoundingBoxEPN2ox5scene11IMeshBufferE	mac-vtable:_ZTVN5daisy5scene16CMeshManipulatorE:10
0x55dab0	1435	_ZNK5daisy5scene16CMeshManipulator9scaleMeshEPN2ox5scene5IMeshERKNS2_4core9CVector3dIfEE	mac-vtable:_ZTVN5daisy5scene16CMeshManipulatorE:7
0x55e050	1158	_ZNK5daisy5scene16CMeshManipulator18recalculateNormalsEPN2ox5scene5IMeshE	mac-vtable:_ZTVN5daisy5scene16CMeshManipulatorE:6
0x55e4e0	1540	_ZNK5daisy5scene16CMeshManipulator24makePlanarTextureMappingEPN2ox5scene5IMeshEf	mac-vtable:_ZTVN5daisy5scene16CMeshManipulatorE:9
0x55eaf0	1788	_ZNK5daisy5scene16CMeshManipulator14createMeshCopyEPN2ox5scene5IMeshE	mac-vtable:_ZTVN5daisy5scene16CMeshManipulatorE:8
0x55f1f0	8	_ZN2ox5scene16IMeshManipulatorD1Ev	mac-vtable:_ZTVN2ox5scene16IMeshManipulatorE:2
0x55f200	5	_ZNK2ox5scene19SMeshBufferLightMap11getMaterialEv	mac-vtable:_ZTVN2ox5scene19SMeshBufferLightMapE:5
0x55f210	5	_ZN2ox5scene19SMeshBufferLightMap11getMaterialEv	mac-vtable:_ZTVN2ox5scene19SMeshBufferLightMapE:4
0x55f220	5	_ZNK2ox5scene19SMeshBufferLightMap11getVerticesEv	mac-vtable:_ZTVN2ox5scene19SMeshBufferLightMapE:7
0x55f230	5	_ZN2ox5scene19SMeshBufferLightMap11getVerticesEv	mac-vtable:_ZTVN2ox5scene19SMeshBufferLightMapE:8
0x55f240	27	_ZNK2ox5scene19SMeshBufferLightMap14getVertexCountEv	mac-vtable:_ZTVN2ox5scene19SMeshBufferLightMapE:9
0x55f260	5	_ZNK2ox5scene19SMeshBufferLightMap10getIndicesEv	mac-vtable:_ZTVN2ox5scene19SMeshBufferLightMapE:10
0x55f270	5	_ZN2ox5scene19SMeshBufferLightMap10getIndicesEv	mac-vtable:_ZTVN2ox5scene19SMeshBufferLightMapE:11
0x55f280	12	_ZNK2ox5scene19SMeshBufferLightMap13getIndexCountEv	mac-vtable:_ZTVN2ox5scene19SMeshBufferLightMapE:12
0x55f290	8	_ZNK2ox5scene19SMeshBufferLightMap14getBoundingBoxEv	mac-vtable:_ZTVN2ox5scene19SMeshBufferLightMapE:13
0x55f2a0	8	_ZN2ox5scene19SMeshBufferLightMap14getBoundingBoxEv	mac-vtable:_ZTVN2ox5scene19SMeshBufferLightMapE:14
0x55f2b0	6	_ZNK2ox5scene19SMeshBufferLightMap13getVertexTypeEv	mac-vtable:_ZTVN2ox5scene19SMeshBufferLightMapE:6
0x55f2c0	12	_ZN2ox5scene16IMeshManipulatorD0Ev	mac-vtable:_ZTVN2ox5scene16IMeshManipulatorE:3
0x55f2d0	55	_ZN2ox5scene19SMeshBufferLightMapD0Ev	mac-vtable:_ZTVN2ox5scene19SMeshBufferLightMapE:3
0x55f310	48	_ZN2ox5scene19SMeshBufferLightMapD1Ev	mac-vtable:_ZTVN2ox5scene19SMeshBufferLightMapE:2
0x55f340	499	_ZN5daisy5scene14CMeshSceneNode6renderEv	mac-vtable:_ZTVN5daisy5scene22CWaterSurfaceSceneNodeE:6
0x55f540	40	_ZNK5daisy5scene14CMeshSceneNode14getBoundingBoxEv	mac-vtable:_ZTVN5daisy5scene22CWaterSurfaceSceneNodeE:9
0x55f570	71	_ZN5daisy5scene14CMeshSceneNode11getMaterialEi	mac-vtable:_ZTVN5daisy5scene22CWaterSurfaceSceneNodeE:22
0x55f5c0	33	_ZN5daisy5scene14CMeshSceneNode16getMaterialCountEv	mac-vtable:_ZTVN5daisy5scene22CWaterSurfaceSceneNodeE:23
0x55f620	122	_ZN5daisy5scene14CMeshSceneNode11OnPreRenderEv	mac-vtable:_ZTVN5daisy5scene14CMeshSceneNodeE:4
0x560b20	453	_ZN5daisy5scene14CMeshSceneNodeD0Ev	mac-vtable:_ZTVN5daisy5scene14CMeshSceneNodeE:3
0x560cf0	446	_ZN5daisy5scene14CMeshSceneNodeD1Ev	mac-vtable:_ZTVN5daisy5scene14CMeshSceneNodeE:2
0x5610d0	103	_ZNK5daisy5scene21CMetaTriangleSelector16getTriangleCountEv	mac-vtable:_ZTVN5daisy5scene21CMetaTriangleSelectorE:4
0x561140	159	_ZN5daisy5scene21CMetaTriangleSelector12getTrianglesEPN2ox4core11CTriangle3dIfEEiRiPKNS3_8CMatrix4E	mac-vtable:_ZTVN5daisy5scene21CMetaTriangleSelectorE:5
0x5611e0	165	_ZN5daisy5scene21CMetaTriangleSelector12getTrianglesEPN2ox4core11CTriangle3dIfEEiRiRKNS3_9CAabbox3dIfEEPKNS3_8CMatrix4E	mac-vtable:_ZTVN5daisy5scene21CMetaTriangleSelectorE:6
0x561290	165	_ZN5daisy5scene21CMetaTriangleSelector12getTrianglesEPN2ox4core11CTriangle3dIfEEiRiRKNS3_7CLine3dIfEEPKNS3_8CMatrix4E	mac-vtable:_ZTVN5daisy5scene21CMetaTriangleSelectorE:7
0x561340	104	_ZN5daisy5scene21CMetaTriangleSelector26removeAllTriangleSelectorsEv	mac-vtable:_ZTVN5daisy5scene21CMetaTriangleSelectorE:10
0x5613e0	93	_ZN5daisy5scene21CMetaTriangleSelectorD0Ev	mac-vtable:_ZTVN5daisy5scene21CMetaTriangleSelectorE:3
0x561440	86	_ZN5daisy5scene21CMetaTriangleSelectorD1Ev	mac-vtable:_ZTVN5daisy5scene21CMetaTriangleSelectorE:2
0x561500	168	_ZN5daisy5scene21CMetaTriangleSelector22removeTriangleSelectorEPN2ox5scene17ITriangleSelectorE	mac-vtable:_ZTVN5daisy5scene21CMetaTriangleSelectorE:9
0x5615b0	88	_ZN5daisy5scene21CMetaTriangleSelector19addTriangleSelectorEPN2ox5scene17ITriangleSelectorE	mac-vtable:_ZTVN5daisy5scene21CMetaTriangleSelectorE:8
0x561610	8	_ZN2ox5scene21IMetaTriangleSelectorD1Ev	mac-vtable:_ZTVN2ox5scene21IMetaTriangleSelectorE:2
0x561620	12	_ZN2ox5scene21IMetaTriangleSelectorD0Ev	mac-vtable:_ZTVN2ox5scene21IMetaTriangleSelectorE:3
0x5617d0	8	_ZNK5daisy5scene17COctTreeSceneNode14getBoundingBoxEv	mac-vtable:_ZTVN5daisy5scene17COctTreeSceneNodeE:9
0x5617e0	71	_ZN5daisy5scene17COctTreeSceneNode11getMaterialEi	mac-vtable:_ZTVN5daisy5scene17COctTreeSceneNodeE:22
0x561830	33	_ZN5daisy5scene17COctTreeSceneNode16getMaterialCountEv	mac-vtable:_ZTVN5daisy5scene17COctTreeSceneNodeE:23
0x561ad0	122	_ZN5daisy5scene17COctTreeSceneNode11OnPreRenderEv	mac-vtable:_ZTVN5daisy5scene17COctTreeSceneNodeE:4
0x561d60	541	_ZN5daisy5scene17COctTreeSceneNodeD0Ev	mac-vtable:_ZTVN5daisy5scene17COctTreeSceneNodeE:3
0x561f80	533	_ZN5daisy5scene17COctTreeSceneNodeD1Ev	mac-vtable:_ZTVN5daisy5scene17COctTreeSceneNodeE:2
0x5630d0	6604	_ZN5daisy5scene17COctTreeSceneNode6renderEv	mac-vtable:_ZTVN5daisy5scene17COctTreeSceneNodeE:6
0x56a150	4702	_ZN5daisy5scene24COctTreeTriangleSelector12getTrianglesEPN2ox4core11CTriangle3dIfEEiRiRKNS3_9CAabbox3dIfEEPKNS3_8CMatrix4E	mac-vtable:_ZTVN5daisy5scene24COctTreeTriangleSelectorE:6
0x56b3b0	165	_ZN5daisy5scene24COctTreeTriangleSelector12getTrianglesEPN2ox4core11CTriangle3dIfEEiRiRKNS3_7CLine3dIfEEPKNS3_8CMatrix4E	mac-vtable:_ZTVN5daisy5scene24COctTreeTriangleSelectorE:7
0x56c320	938	_ZN5daisy5scene24COctTreeTriangleSelectorD0Ev	mac-vtable:_ZTVN5daisy5scene24COctTreeTriangleSelectorE:3
0x56ca70	928	_ZN5daisy5scene24COctTreeTriangleSelectorD1Ev	mac-vtable:_ZTVN5daisy5scene24COctTreeTriangleSelectorE:2
0x56d3e0	8	_ZN5daisy5scene24CParticleSystemSceneNode11getMaterialEi	mac-vtable:_ZTVN5daisy5scene24CParticleSystemSceneNodeE:22
0x56d3f0	6	_ZN5daisy5scene24CParticleSystemSceneNode16getMaterialCountEv	mac-vtable:_ZTVN5daisy5scene24CParticleSystemSceneNodeE:23
0x56d400	8	_ZNK5daisy5scene24CParticleSystemSceneNode14getBoundingBoxEv	mac-vtable:_ZTVN5daisy5scene24CParticleSystemSceneNodeE:9
0x56d410	18	_ZN5daisy5scene24CParticleSystemSceneNode15setParticleSizeERKN2ox4core12CDimension2dIfEE	mac-vtable:_ZTVN5daisy5scene24CParticleSystemSceneNodeE:35
0x56d430	73	_ZN5daisy5scene24CParticleSystemSceneNode11addAffectorEPN2ox5scene17IParticleAffectorE	mac-vtable:_ZTVN5daisy5scene24CParticleSystemSceneNodeE:37
0x56db10	98	_ZN5daisy5scene24CParticleSystemSceneNode21createGravityAffectorEN2ox4core9CVector3dIfEEj	mac-vtable:_ZTVN5daisy5scene24CParticleSystemSceneNodeE:42
0x56db80	91	_ZN5daisy5scene24CParticleSystemSceneNode29createFadeOutParticleAffectorEN2ox5video6SColorEj	mac-vtable:_ZTVN5daisy5scene24CParticleSystemSceneNodeE:41
0x56dbe0	194	_ZN5daisy5scene24CParticleSystemSceneNode16createBoxEmitterEN2ox4core9CAabbox3dIfEENS3_9CVector3dIfEEjjNS2_5video6SColorES9_jji	mac-vtable:_ZTVN5daisy5scene24CParticleSystemSceneNodeE:40
0x56dcb0	160	_ZN5daisy5scene24CParticleSystemSceneNode18createPointEmitterEN2ox4core9CVector3dIfEEjjNS2_5video6SColorES7_jji	mac-vtable:_ZTVN5daisy5scene24CParticleSystemSceneNodeE:39
0x56dd50	87	_ZN5daisy5scene24CParticleSystemSceneNode18removeAllAffectorsEv	mac-vtable:_ZTVN5daisy5scene24CParticleSystemSceneNodeE:38
0x56ddb0	93	_ZN5daisy5scene24CParticleSystemSceneNode10setEmitterEPN2ox5scene16IParticleEmitterE	mac-vtable:_ZTVN5daisy5scene24CParticleSystemSceneNodeE:36
0x56de10	1768	_ZN5daisy5scene24CParticleSystemSceneNode6renderEv	mac-vtable:_ZTVN5daisy5scene24CParticleSystemSceneNodeE:6
0x56e500	200	_ZN5daisy5scene24CParticleSystemSceneNode11OnPreRenderEv	mac-vtable:_ZTVN5daisy5scene24CParticleSystemSceneNodeE:4
0x56fa90	622	_ZN5daisy5scene24CParticleSystemSceneNodeD0Ev	mac-vtable:_ZTVN5daisy5scene24CParticleSystemSceneNodeE:3
0x56fd00	615	_ZN5daisy5scene24CParticleSystemSceneNodeD1Ev	mac-vtable:_ZTVN5daisy5scene24CParticleSystemSceneNodeE:2
0x570830	361	_ZN2ox5scene24IParticleSystemSceneNodeD1Ev	mac-vtable:_ZTVN2ox5scene24IParticleSystemSceneNodeE:2
0x5709a0	373	_ZN2ox5scene24IParticleSystemSceneNodeD0Ev	mac-vtable:_ZTVN2ox5scene24IParticleSystemSceneNodeE:3
0x570b20	6	_ZN5daisy5scene12CQ3LevelMesh13getFrameCountEv	mac-vtable:_ZTVN5daisy5scene12CQ3LevelMeshE:4
0x570b30	8	_ZN5daisy5scene12CQ3LevelMesh7getMeshEiiii	mac-vtable:_ZTVN5daisy5scene12CQ3LevelMeshE:5
0x570be0	8	_ZNK5daisy5scene12CQ3LevelMesh14getBoundingBoxEv	mac-vtable:_ZTVN5daisy5scene12CQ3LevelMeshE:6
0x570bf0	6	_ZNK5daisy5scene12CQ3LevelMesh11getMeshTypeEv	mac-vtable:_ZTVN5daisy5scene12CQ3LevelMeshE:7
0x574060	519	_ZN5daisy5scene12CQ3LevelMeshD0Ev	mac-vtable:_ZTVN5daisy5scene12CQ3LevelMeshE:3
0x574270	512	_ZN5daisy5scene12CQ3LevelMeshD1Ev	mac-vtable:_ZTVN5daisy5scene12CQ3LevelMeshE:2
0x574670	8	_ZN2ox5scene12IQ3LevelMeshD1Ev	mac-vtable:_ZTVN2ox5scene12IQ3LevelMeshE:2
0x574750	12	_ZN2ox5scene12IQ3LevelMeshD0Ev	mac-vtable:_ZTVN2ox5scene12IQ3LevelMeshE:3
0x574800	1690	_ZN5daisy5scene22CSceneCollisionManager34getScreenCoordinatesFrom3DPositionEN2ox4core9CVector3dIfEEPNS2_5scene16ICameraSceneNodeE	mac-vtable:_ZTVN5daisy5scene22CSceneCollisionManagerE:7
0x575370	712	_ZN5daisy5scene22CSceneCollisionManager35getSceneNodeFromScreenCoordinatesBBEN2ox4core11CPosition2dIiEEi	mac-vtable:_ZTVN5daisy5scene22CSceneCollisionManagerE:8
0x575640	116	_ZN5daisy5scene22CSceneCollisionManagerD0Ev	mac-vtable:_ZTVN5daisy5scene22CSceneCollisionManagerE:3
0x5756c0	1868	_ZN5daisy5scene22CSceneCollisionManager17getCollisionPointERKN2ox4core7CLine3dIfEEPNS2_5scene17ITriangleSelectorERNS3_9CVector3dIfEERNS3_11CTriangle3dIfEE	mac-vtable:_ZTVN5daisy5scene22CSceneCollisionManagerE:4
0x575e10	429	_ZN5daisy5scene22CSceneCollisionManager21getSceneNodeFromRayBBEN2ox4core7CLine3dIfEEi	mac-vtable:_ZTVN5daisy5scene22CSceneCollisionManagerE:9
0x577310	312	_ZN5daisy5scene22CSceneCollisionManager24getSceneNodeFromCameraBBEPN2ox5scene16ICameraSceneNodeEi	mac-vtable:_ZTVN5daisy5scene22CSceneCollisionManagerE:10
0x578080	132	_ZN5daisy5scene22CSceneCollisionManager26getCollisionResultPositionEPN2ox5scene17ITriangleSelectorERKNS2_4core9CVector3dIfEESA_SA_RNS6_11CTriangle3dIfEERbfSA_	mac-vtable:_ZTVN5daisy5scene22CSceneCollisionManagerE:5
0x578110	109	_ZN5daisy5scene22CSceneCollisionManagerD1Ev	mac-vtable:_ZTVN5daisy5scene22CSceneCollisionManagerE:2
0x5781f0	2676	_ZN5daisy5scene22CSceneCollisionManager27getRayFromScreenCoordinatesEN2ox4core11CPosition2dIiEEPNS2_5scene16ICameraSceneNodeE	mac-vtable:_ZTVN5daisy5scene22CSceneCollisionManagerE:6
0x578c70	8	_ZN2ox5scene22ISceneCollisionManagerD1Ev	mac-vtable:_ZTVN2ox5scene22ISceneCollisionManagerE:2
0x578da0	12	_ZN2ox5scene22ISceneCollisionManagerD0Ev	mac-vtable:_ZTVN2ox5scene22ISceneCollisionManagerE:3
0x5795d0	46	_ZN5daisy5scene22CShadowVolumeSceneNode11OnPreRenderEv	mac-vtable:_ZTVN5daisy5scene22CShadowVolumeSceneNodeE:4
0x579600	166	_ZN5daisy5scene22CShadowVolumeSceneNode6renderEv	mac-vtable:_ZTVN5daisy5scene22CShadowVolumeSceneNodeE:6
0x5796b0	8	_ZNK5daisy5scene22CShadowVolumeSceneNode14getBoundingBoxEv	mac-vtable:_ZTVN5daisy5scene22CShadowVolumeSceneNodeE:9
0x5796c0	3	_ZN5daisy5scene22CShadowVolumeSceneNode11getMaterialEi	mac-vtable:_ZTVN5daisy5scene22CShadowVolumeSceneNodeE:22
0x5796d0	3	_ZN5daisy5scene22CShadowVolumeSceneNode16getMaterialCountEv	mac-vtable:_ZTVN5daisy5scene22CShadowVolumeSceneNodeE:23
0x57a010	4393	_ZN5daisy5scene22CShadowVolumeSceneNode19setMeshToRenderFromEPN2ox5scene5IMeshE	mac-vtable:_ZTVN5daisy5scene22CShadowVolumeSceneNodeE:35
0x57b9f0	581	_ZN5daisy5scene22CShadowVolumeSceneNodeD0Ev	mac-vtable:_ZTVN5daisy5scene22CShadowVolumeSceneNodeE:3
0x57bc40	574	_ZN5daisy5scene22CShadowVolumeSceneNodeD1Ev	mac-vtable:_ZTVN5daisy5scene22CShadowVolumeSceneNodeE:2
0x57c8e0	373	_ZN2ox5scene22IShadowVolumeSceneNodeD0Ev	mac-vtable:_ZTVN2ox5scene22IShadowVolumeSceneNodeE:3
0x57ca60	361	_ZN2ox5scene22IShadowVolumeSceneNodeD1Ev	mac-vtable:_ZTVN2ox5scene22IShadowVolumeSceneNodeE:2
0x57ccb0	6	_ZN5daisy5scene14CStaticMeshOBJ13getFrameCountEv	mac-vtable:_ZTVN5daisy5scene14CStaticMeshOBJE:4
0x57ccc0	5	_ZN5daisy5scene14CStaticMeshOBJ7getMeshEiiii	mac-vtable:_ZTVN5daisy5scene14CStaticMeshOBJE:5
0x57cf20	5	_ZNK5daisy5scene14CStaticMeshOBJ14getBoundingBoxEv	mac-vtable:_ZTVN5daisy5scene14CStaticMeshOBJE:6
0x57cf30	6	_ZNK5daisy5scene14CStaticMeshOBJ11getMeshTypeEv	mac-vtable:_ZTVN5daisy5scene14CStaticMeshOBJE:7
0x57cf70	191	_ZN5daisy5scene14CStaticMeshOBJD0Ev	mac-vtable:_ZTVN5daisy5scene14CStaticMeshOBJE:3
0x57d030	184	_ZN5daisy5scene14CStaticMeshOBJD1Ev	mac-vtable:_ZTVN5daisy5scene14CStaticMeshOBJE:2
0x57d1b0	5947	_ZN5daisy5scene14CStaticMeshOBJ8loadFileEPN2ox2io9IReadFileE	mac-vtable:_ZTVN5daisy5scene14CStaticMeshOBJE:8
0x57ed50	28	_ZN5daisy5scene17CXAnimationPlayer13getFrameCountEv	mac-vtable:_ZTVN5daisy5scene17CXAnimationPlayerE:4
0x57ed70	5	_ZNK5daisy5scene17CXAnimationPlayer14getBoundingBoxEv	mac-vtable:_ZTVN5daisy5scene17CXAnimationPlayerE:6
0x57ed80	6	_ZNK5daisy5scene17CXAnimationPlayer11getMeshTypeEv	mac-vtable:_ZTVN5daisy5scene17CXAnimationPlayerE:7
0x57ee30	67	_ZN5daisy5scene17CXAnimationPlayer16getMatrixOfJointEii	mac-vtable:_ZTVN5daisy5scene17CXAnimationPlayerE:8
0x57ee80	33	_ZNK5daisy5scene17CXAnimationPlayer13getJointCountEv	mac-vtable:_ZTVN5daisy5scene17CXAnimationPlayerE:9
0x57eeb0	67	_ZNK5daisy5scene17CXAnimationPlayer12getJointNameEi	mac-vtable:_ZTVN5daisy5scene17CXAnimationPlayerE:10
0x57f220	33	_ZNK5daisy5scene17CXAnimationPlayer17getAnimationCountEv	mac-vtable:_ZTVN5daisy5scene17CXAnimationPlayerE:13
0x57f250	60	_ZNK5daisy5scene17CXAnimationPlayer16getAnimationNameEi	mac-vtable:_ZTVN5daisy5scene17CXAnimationPlayerE:14
0x57f290	55	_ZN5daisy5scene17CXAnimationPlayer19setCurrentAnimationEi	mac-vtable:_ZTVN5daisy5scene17CXAnimationPlayerE:15
0x57f5e0	2801	_ZN5daisy5scene17CXAnimationPlayer19getDrawableSkeletonEi	mac-vtable:_ZTVN5daisy5scene17CXAnimationPlayerE:12
0x5800e0	395	_ZN5daisy5scene17CXAnimationPlayer19setCurrentAnimationEPKc	mac-vtable:_ZTVN5daisy5scene17CXAnimationPlayerE:16
0x580270	384	_ZNK5daisy5scene17CXAnimationPlayer14getJointNumberEPKc	mac-vtable:_ZTVN5daisy5scene17CXAnimationPlayerE:11
0x581fe0	652	_ZN5daisy5scene17CXAnimationPlayerD0Ev	mac-vtable:_ZTVN5daisy5scene17CXAnimationPlayerE:3
0x582270	645	_ZN5daisy5scene17CXAnimationPlayerD1Ev	mac-vtable:_ZTVN5daisy5scene17CXAnimationPlayerE:2
0x583e20	63	_ZN5daisy5scene17CXAnimationPlayer7getMeshEiiii	mac-vtable:_ZTVN5daisy5scene17CXAnimationPlayerE:5
0x585840	8	_ZN2ox5scene14IAnimatedMeshXD1Ev	mac-vtable:_ZTVN2ox5scene14IAnimatedMeshXE:2
0x585b40	12	_ZN2ox5scene14IAnimatedMeshXD0Ev	mac-vtable:_ZTVN2ox5scene14IAnimatedMeshXE:3
0x58f590	509	_ZN5daisy5scene12CXFileReaderD0Ev	mac-vtable:_ZTVN5daisy5scene12CXFileReaderE:3
0x58f790	502	_ZN5daisy5scene12CXFileReaderD1Ev	mac-vtable:_ZTVN5daisy5scene12CXFileReaderE:2
0x599c90	21	_ZN5daisy5video11CFPSCounterC2Ev	manual:Mac-unit-order+Irrlicht-0.7-body+amd64-FDE
0x599cb0	21	_ZN5daisy5video11CFPSCounterC1Ev	manual:Mac-unit-order+Irrlicht-0.7-body+amd64-FDE
0x599cd0	3	_ZN5daisy5video11CFPSCounter6getFPSEv	manual:Mac-unit-order+Irrlicht-0.7-body+amd64-FDE
0x599ce0	65	_ZN5daisy5video11CFPSCounter13registerFrameEj	manual:Mac-unit-order+Irrlicht-0.7-body+amd64-FDE
0x599dc0	38	_ZN5daisy5video15CImageLoaderBmp21isALoadableFileFormatEPN2ox2io9IReadFileE	mac-vtable:_ZTVN5daisy5video15CImageLoaderBmpE:5
0x59a260	1162	_ZN5daisy5video15CImageLoaderBmp9loadImageEPN2ox2io9IReadFileE	mac-vtable:_ZTVN5daisy5video15CImageLoaderBmpE:6
0x59a6f0	55	_ZN5daisy5video15CImageLoaderBmpD0Ev	mac-vtable:_ZTVN5daisy5video15CImageLoaderBmpE:3
0x59a730	48	_ZN5daisy5video15CImageLoaderBmpD1Ev	mac-vtable:_ZTVN5daisy5video15CImageLoaderBmpE:2
0x59a790	28	_ZN5daisy5video15CImageLoaderBmp24isALoadableFileExtensionEPKc	mac-vtable:_ZTVN5daisy5video15CImageLoaderBmpE:4
0x59a7b0	8	_ZN2ox5video12IImageLoaderD1Ev	mac-vtable:_ZTVN2ox5video12IImageLoaderE:2
0x59a7c0	12	_ZN2ox5video12IImageLoaderD0Ev	mac-vtable:_ZTVN2ox5video12IImageLoaderE:3
0x59a820	8	_ZN5daisy5video15CImageLoaderJPGD1Ev	mac-vtable:_ZTVN5daisy5video15CImageLoaderJPGE:2
0x59a890	88	_ZN5daisy5video15CImageLoaderJPG21isALoadableFileFormatEPN2ox2io9IReadFileE	mac-vtable:_ZTVN5daisy5video15CImageLoaderJPGE:5
0x59aae0	556	_ZN5daisy5video15CImageLoaderJPG9loadImageEPN2ox2io9IReadFileE	mac-vtable:_ZTVN5daisy5video15CImageLoaderJPGE:6
0x59ad10	12	_ZN5daisy5video15CImageLoaderJPGD0Ev	mac-vtable:_ZTVN5daisy5video15CImageLoaderJPGE:3
0x59ad20	28	_ZN5daisy5video15CImageLoaderJPG24isALoadableFileExtensionEPKc	mac-vtable:_ZTVN5daisy5video15CImageLoaderJPGE:4
0x59ada0	36	_ZN5daisy5video15CImageLoaderPCX21isALoadableFileFormatEPN2ox2io9IReadFileE	mac-vtable:_ZTVN5daisy5video15CImageLoaderPCXE:5
0x59ae40	48	_ZN5daisy5video15CImageLoaderPCXD1Ev	mac-vtable:_ZTVN5daisy5video15CImageLoaderPCXE:2
0x59aea0	55	_ZN5daisy5video15CImageLoaderPCXD0Ev	mac-vtable:_ZTVN5daisy5video15CImageLoaderPCXE:3
0x59aee0	1013	_ZN5daisy5video15CImageLoaderPCX9loadImageEPN2ox2io9IReadFileE	mac-vtable:_ZTVN5daisy5video15CImageLoaderPCXE:6
0x59b2e0	53	_ZN5daisy5video15CImageLoaderPCX24isALoadableFileExtensionEPKc	mac-vtable:_ZTVN5daisy5video15CImageLoaderPCXE:4
0x59b360	41	_ZN5daisy5video15CImageLoaderPSD21isALoadableFileFormatEPN2ox2io9IReadFileE	mac-vtable:_ZTVN5daisy5video15CImageLoaderPSDE:5
0x59b470	34	_ZN5daisy5video15CImageLoaderPSDD1Ev	mac-vtable:_ZTVN5daisy5video15CImageLoaderPSDE:2
0x59b9a0	950	_ZN5daisy5video15CImageLoaderPSD9loadImageEPN2ox2io9IReadFileE	mac-vtable:_ZTVN5daisy5video15CImageLoaderPSDE:6
0x59bd60	41	_ZN5daisy5video15CImageLoaderPSDD0Ev	mac-vtable:_ZTVN5daisy5video15CImageLoaderPSDE:3
0x59bd90	28	_ZN5daisy5video15CImageLoaderPSD24isALoadableFileExtensionEPKc	mac-vtable:_ZTVN5daisy5video15CImageLoaderPSDE:4
0x59be00	8	_ZN5daisy5video15CImageLoaderTGAD1Ev	mac-vtable:_ZTVN5daisy5video15CImageLoaderTGAE:2
0x59be10	41	_ZN5daisy5video15CImageLoaderTGA21isALoadableFileFormatEPN2ox2io9IReadFileE	mac-vtable:_ZTVN5daisy5video15CImageLoaderTGAE:5
0x59c000	12	_ZN5daisy5video15CImageLoaderTGAD0Ev	mac-vtable:_ZTVN5daisy5video15CImageLoaderTGAE:3
0x59c010	954	_ZN5daisy5video15CImageLoaderTGA9loadImageEPN2ox2io9IReadFileE	mac-vtable:_ZTVN5daisy5video15CImageLoaderTGAE:6
0x59c3d0	28	_ZN5daisy5video15CImageLoaderTGA24isALoadableFileExtensionEPKc	mac-vtable:_ZTVN5daisy5video15CImageLoaderTGAE:4
0x59c3f0	5	_ZN5daisy5video16CParticlePackage16setSpritePackageEPN2ox5video14ISpritePackageE	mac-vtable:_ZTVN5daisy5video16CParticlePackageE:7
0x59c400	5	_ZN5daisy5video16CParticlePackage16getParticleNamesEv	mac-vtable:_ZTVN5daisy5video16CParticlePackageE:5
0x59c410	55	_ZN5daisy5video16CParticlePackage24spriteFulfillsImportanceERKN2ox4core7CStringIcEE	mac-vtable:_ZTVN5daisy5video16CParticlePackageE:12
0x59c530	358	_ZN5daisy5video16CParticlePackage19removeParticleStateEPN2ox5video14IParticleStateE	mac-vtable:_ZTVN5daisy5video16CParticlePackageE:9
0x59c6a0	138	_ZN5daisy5video16CParticlePackage19addNewParticleStateERKN2ox4core7CStringIcEE	mac-vtable:_ZTVN5daisy5video16CParticlePackageE:8
0x59cbe0	748	_ZN5daisy5video16CParticlePackageD0Ev	mac-vtable:_ZTVN5daisy5video16CParticlePackageE:3
0x59ced0	741	_ZN5daisy5video16CParticlePackageD1Ev	mac-vtable:_ZTVN5daisy5video16CParticlePackageE:2
0x59d1c0	406	_ZN5daisy5video16CParticlePackage17getParticleSoundsEv	mac-vtable:_ZTVN5daisy5video16CParticlePackageE:6
0x59e4f0	1170	_ZN5daisy5video16CParticlePackage4loadEPN2ox2io9IReadFileE	mac-vtable:_ZTVN5daisy5video16CParticlePackageE:4
0x59e990	8	_ZN2ox5video16IParticlePackageD1Ev	mac-vtable:_ZTVN2ox5video16IParticlePackageE:2
0x59e9a0	5	_ZN2ox5video16IParticlePackage17setCallbackEngineEPNS0_23IParticleEngineCallbackE	mac-vtable:_ZTVN5daisy5video16CParticlePackageE:10
0x59e9b0	5	_ZN2ox5video16IParticlePackage17getCallbackEngineEv	mac-vtable:_ZTVN5daisy5video16CParticlePackageE:11
0x59eae0	12	_ZN2ox5video16IParticlePackageD0Ev	mac-vtable:_ZTVN2ox5video16IParticlePackageE:3
0x59f560	8	_ZN5daisy5video14CParticleStateD1Ev	mac-vtable:_ZTVN5daisy5video14CParticleStateE:2
0x59f570	50	_ZN5daisy5video14CParticleState6removeEv	mac-vtable:_ZTVN5daisy5video14CParticleStateE:4
0x59f5b0	19	_ZN5daisy5video14CParticleState15getParticleNameEv	mac-vtable:_ZTVN5daisy5video14CParticleStateE:13
0x59f5d0	38	_ZN5daisy5video14CParticleState16getAnimationNameEv	mac-vtable:_ZTVN5daisy5video14CParticleStateE:14
0x59f600	5	_ZN5daisy5video14CParticleState15getCurrentColorEv	mac-vtable:_ZTVN5daisy5video14CParticleStateE:15
0x59f610	6	_ZN5daisy5video14CParticleState15getCurrentScaleEv	mac-vtable:_ZTVN5daisy5video14CParticleStateE:16
0x59f620	45	_ZN5daisy5video14CParticleState10addToSpeedERKN2ox4core9CVector3dIfEE	mac-vtable:_ZTVN5daisy5video14CParticleStateE:11
0x59f650	18	_ZN5daisy5video14CParticleState15setCurrentSpeedERKN2ox4core9CVector3dIfEE	mac-vtable:_ZTVN5daisy5video14CParticleStateE:12
0x59f6d0	42	_ZN5daisy5video14CParticleState8render3DERKN2ox4core9CVector3dIfEE	mac-vtable:_ZTVN5daisy5video14CParticleStateE:8
0x59f700	72	_ZN5daisy5video14CParticleState14render2DShadowERKN2ox4core11CPosition2dIfEEff	mac-vtable:_ZTVN5daisy5video14CParticleStateE:7
0x59f750	5	_ZN5daisy5video14CParticleState15getCurrentSpeedEv	mac-vtable:_ZTVN5daisy5video14CParticleStateE:9
0x59f760	17	_ZN5daisy5video14CParticleState14isGroundSpriteEv	mac-vtable:_ZTVN5daisy5video14CParticleStateE:17
0x59f780	16	_ZNK5daisy5video14CParticleState21getParticleImportanceEv	mac-vtable:_ZTVN5daisy5video14CParticleStateE:19
0x59f790	33	_ZNK5daisy5video14CParticleState15getWindModifierEv	mac-vtable:_ZTVN5daisy5video14CParticleStateE:18
0x59f7f0	206	_ZN5daisy5video14CParticleState8render2DERKN2ox4core11CPosition2dIfEEf	mac-vtable:_ZTVN5daisy5video14CParticleStateE:6
0x59ffb0	234	_ZN5daisy5video14CParticleState12notifyBounceERN2ox4core9CVector3dIfEERKS5_	mac-vtable:_ZTVN5daisy5video14CParticleStateE:10
0x5a03d0	1865	_ZN5daisy5video14CParticleState6updateEfRN2ox4core9CVector3dIfEE	mac-vtable:_ZTVN5daisy5video14CParticleStateE:5
0x5a0b20	12	_ZN5daisy5video14CParticleStateD0Ev	mac-vtable:_ZTVN5daisy5video14CParticleStateE:3
0x5a1370	8	_ZN2ox5video14IParticleStateD1Ev	mac-vtable:_ZTVN2ox5video14IParticleStateE:2
0x5a1380	12	_ZN2ox5video14IParticleStateD0Ev	mac-vtable:_ZTVN2ox5video14IParticleStateE:3
0x5a1390	102	_ZN5daisy5video14CSpritePackage19updateAllAnimationsEf	mac-vtable:_ZTVN5daisy5video14CSpritePackageE:4
0x5a1400	5	_ZN5daisy5video14CSpritePackage14getTextureListEv	mac-vtable:_ZTVN5daisy5video14CSpritePackageE:5
0x5a1410	8	_ZN5daisy5video14CSpritePackage16getAnimationListEv	mac-vtable:_ZTVN5daisy5video14CSpritePackageE:6
0x5a1420	16	_ZN5daisy5video14CSpritePackage10getTextureERKN2ox4core7CStringIcEE	mac-vtable:_ZTVN5daisy5video14CSpritePackageE:8
0x5a1910	495	_ZN5daisy5video14CSpritePackage20removeAnimationStateEPN2ox5video21ISpriteAnimationStateE	mac-vtable:_ZTVN5daisy5video14CSpritePackageE:11
0x5a1b00	40	_ZN5daisy5video14CSpritePackage20animationStateExistsERKN2ox4core7CStringIcEE	mac-vtable:_ZTVN5daisy5video14CSpritePackageE:14
0x5a1b30	151	_ZN5daisy5video14CSpritePackage11removeImageEPN2ox5video21ISpriteAnimationImageE	mac-vtable:_ZTVN5daisy5video14CSpritePackageE:13
0x5a1bd0	640	_ZN5daisy5video14CSpritePackage11addNewImageEi	mac-vtable:_ZTVN5daisy5video14CSpritePackageE:12
0x5a1e50	540	_ZN5daisy5video14CSpritePackage20addNewAnimationStateEi	mac-vtable:_ZTVN5daisy5video14CSpritePackageE:10
0x5a2070	251	_ZN5daisy5video14CSpritePackage20addNewAnimationStateERKN2ox4core7CStringIcEE	mac-vtable:_ZTVN5daisy5video14CSpritePackageE:9
0x5a2170	829	_ZN5daisy5video14CSpritePackageD0Ev	mac-vtable:_ZTVN5daisy5video14CSpritePackageE:3
0x5a24b0	822	_ZN5daisy5video14CSpritePackageD1Ev	mac-vtable:_ZTVN5daisy5video14CSpritePackageE:2
0x5a3090	52	_ZN5daisy5video14CSpritePackage10getTextureEi	mac-vtable:_ZTVN5daisy5video14CSpritePackageE:7
0x5a4440	8	_ZN2ox5video14ISpritePackageD1Ev	mac-vtable:_ZTVN2ox5video14ISpritePackageE:2
0x5a4ce0	12	_ZN2ox5video14ISpritePackageD0Ev	mac-vtable:_ZTVN2ox5video14ISpritePackageE:3
0x5a8440	27	_ZN5daisy5video25COpenGLCGMaterialRenderer13isTransparentEv	mac-vtable:_ZTVN5daisy5video25COpenGLCGMaterialRendererE:7
0x5a8490	186	_ZN5daisy5video25COpenGLCGMaterialRenderer19createCGPixelShaderEPKcS3_P10_CGcontextb	mac-vtable:_ZTVN5daisy5video25COpenGLCGMaterialRendererE:9
0x5a8550	186	_ZN5daisy5video25COpenGLCGMaterialRenderer20createCGVertexShaderEPKcS3_P10_CGcontextb	mac-vtable:_ZTVN5daisy5video25COpenGLCGMaterialRendererE:8
0x5a8610	130	_ZN5daisy5video25COpenGLCGMaterialRenderer15OnUnsetMaterialEv	mac-vtable:_ZTVN5daisy5video25COpenGLCGMaterialRendererE:6
0x5a86a0	258	_ZN5daisy5video25COpenGLCGMaterialRenderer13OnSetMaterialERN2ox5video9SMaterialERKS4_bPNS3_25IMaterialRendererServicesE	mac-vtable:_ZTVN5daisy5video25COpenGLCGMaterialRendererE:4
0x5a87c0	20	_ZN5daisy5video25COpenGLCGMaterialRendererD1Ev	mac-vtable:_ZTVN5daisy5video25COpenGLCGMaterialRendererE:2
0x5a8810	33	_ZN5daisy5video25COpenGLCGMaterialRendererD0Ev	mac-vtable:_ZTVN5daisy5video25COpenGLCGMaterialRendererE:3
0x5a8a80	46	_ZN5daisy5video25COpenGLSLMaterialRenderer8OnRenderEPN2ox5video25IMaterialRendererServicesENS3_13E_VERTEX_TYPEE	mac-vtable:_ZTVN5daisy5video25COpenGLSLMaterialRendererE:5
0x5a8ab0	27	_ZN5daisy5video25COpenGLSLMaterialRenderer13isTransparentEv	mac-vtable:_ZTVN5daisy5video25COpenGLSLMaterialRendererE:7
0x5a8ae0	19	_ZN5daisy5video25COpenGLSLMaterialRenderer20setBasicRenderStatesERKN2ox5video9SMaterialES6_b	mac-vtable:_ZTVN5daisy5video25COpenGLSLMaterialRendererE:8
0x5a8b10	9	_ZN5daisy5video25COpenGLSLMaterialRenderer23setVertexShaderConstantEPKcPKfi	mac-vtable:_ZTVN5daisy5video25COpenGLSLMaterialRendererE:9
0x5a8b30	5	_ZN5daisy5video25COpenGLSLMaterialRenderer14getVideoDriverEv	mac-vtable:_ZTVN5daisy5video25COpenGLSLMaterialRendererE:13
0x5a8b80	14	_ZN5daisy5video25COpenGLSLMaterialRenderer22setPixelShaderConstantEPKfii	mac-vtable:_ZTVN5daisy5video25COpenGLSLMaterialRendererE:12
0x5a8ba0	14	_ZN5daisy5video25COpenGLSLMaterialRenderer23setVertexShaderConstantEPKfii	mac-vtable:_ZTVN5daisy5video25COpenGLSLMaterialRendererE:10
0x5a8ce0	42	_ZN5daisy5video25COpenGLSLMaterialRenderer15OnUnsetMaterialEv	mac-vtable:_ZTVN5daisy5video25COpenGLSLMaterialRendererE:6
0x5a8d10	267	_ZN5daisy5video25COpenGLSLMaterialRenderer13OnSetMaterialERN2ox5video9SMaterialERKS4_bPNS3_25IMaterialRendererServicesE	mac-vtable:_ZTVN5daisy5video25COpenGLSLMaterialRendererE:4
0x5a8e30	754	_ZN5daisy5video25COpenGLSLMaterialRenderer22setPixelShaderConstantEPKcPKfi	mac-vtable:_ZTVN5daisy5video25COpenGLSLMaterialRendererE:11
0x5a9140	289	_ZN5daisy5video25COpenGLSLMaterialRendererD0Ev	mac-vtable:_ZTVN5daisy5video25COpenGLSLMaterialRendererE:3
0x5a9280	282	_ZN5daisy5video25COpenGLSLMaterialRendererD1Ev	mac-vtable:_ZTVN5daisy5video25COpenGLSLMaterialRendererE:2
0x5aa240	27	_ZN5daisy5video29COpenGLShaderMaterialRenderer13isTransparentEv	mac-vtable:_ZTVN5daisy5video29COpenGLShaderMaterialRendererE:7
0x5aa670	78	_ZN5daisy5video29COpenGLShaderMaterialRenderer15OnUnsetMaterialEv	mac-vtable:_ZTVN5daisy5video29COpenGLShaderMaterialRendererE:6
0x5aa6c0	253	_ZN5daisy5video29COpenGLShaderMaterialRenderer13OnSetMaterialERN2ox5video9SMaterialERKS4_bPNS3_25IMaterialRendererServicesE	mac-vtable:_ZTVN5daisy5video29COpenGLShaderMaterialRendererE:4
0x5aa870	171	_ZN5daisy5video29COpenGLShaderMaterialRendererD0Ev	mac-vtable:_ZTVN5daisy5video29COpenGLShaderMaterialRendererE:3
0x5aa920	163	_ZN5daisy5video29COpenGLShaderMaterialRendererD1Ev	mac-vtable:_ZTVN5daisy5video29COpenGLShaderMaterialRendererE:2
0x5aa9d0	5	_ZN5daisy5video14COpenGLTexture4lockEv	mac-vtable:_ZTVN5daisy5video14COpenGLTextureE:4
0x5aa9e0	5	_ZN5daisy5video14COpenGLTexture15getOriginalSizeEv	mac-vtable:_ZTVN5daisy5video14COpenGLTextureE:6
0x5aa9f0	5	_ZN5daisy5video14COpenGLTexture7getSizeEv	mac-vtable:_ZTVN5daisy5video14COpenGLTextureE:7
0x5aaa00	6	_ZN5daisy5video14COpenGLTexture13getDriverTypeEv	mac-vtable:_ZTVN5daisy5video14COpenGLTextureE:8
0x5aaa10	6	_ZN5daisy5video14COpenGLTexture14getColorFormatEv	mac-vtable:_ZTVN5daisy5video14COpenGLTextureE:9
0x5aaa20	7	_ZN5daisy5video14COpenGLTexture8getPitchEv	mac-vtable:_ZTVN5daisy5video14COpenGLTextureE:10
0x5aab50	5	_ZN5daisy5video14COpenGLTexture6unlockEv	mac-vtable:_ZTVN5daisy5video14COpenGLTextureE:5
0x5aad00	63	_ZN5daisy5video14COpenGLTextureD1Ev	mac-vtable:_ZTVN5daisy5video14COpenGLTextureE:2
0x5aad80	70	_ZN5daisy5video14COpenGLTextureD0Ev	mac-vtable:_ZTVN5daisy5video14COpenGLTextureE:3
0x5aaf80	1668	_ZN5daisy5video7CTRFlat23drawIndexedTriangleListEPNS0_9S2DVertexEiPKti	mac-vtable:_ZTVN5daisy5video7CTRFlatE:7
0x5ab610	25	_ZN5daisy5video7CTRFlatD0Ev	mac-vtable:_ZTVN5daisy5video7CTRFlatE:3
0x5ab630	12	_ZN5daisy5video7CTRFlatD1Ev	mac-vtable:_ZTVN5daisy5video7CTRFlatE:2
0x5ab6d0	1688	_ZN5daisy5video11CTRFlatWire23drawIndexedTriangleListEPNS0_9S2DVertexEiPKti	mac-vtable:_ZTVN5daisy5video11CTRFlatWireE:7
0x5abd70	25	_ZN5daisy5video11CTRFlatWireD0Ev	mac-vtable:_ZTVN5daisy5video11CTRFlatWireE:3
0x5abd90	12	_ZN5daisy5video11CTRFlatWireD1Ev	mac-vtable:_ZTVN5daisy5video11CTRFlatWireE:2
0x5abe30	3235	_ZN5daisy5video10CTRGouraud23drawIndexedTriangleListEPNS0_9S2DVertexEiPKti	mac-vtable:_ZTVN5daisy5video10CTRGouraudE:7
0x5acae0	25	_ZN5daisy5video10CTRGouraudD0Ev	mac-vtable:_ZTVN5daisy5video10CTRGouraudE:3
0x5acb00	12	_ZN5daisy5video10CTRGouraudD1Ev	mac-vtable:_ZTVN5daisy5video10CTRGouraudE:2
0x5acba0	3092	_ZN5daisy5video14CTRGouraudWire23drawIndexedTriangleListEPNS0_9S2DVertexEiPKti	mac-vtable:_ZTVN5daisy5video14CTRGouraudWireE:7
0x5ad7c0	25	_ZN5daisy5video14CTRGouraudWireD0Ev	mac-vtable:_ZTVN5daisy5video14CTRGouraudWireE:3
0x5ad7e0	12	_ZN5daisy5video14CTRGouraudWireD1Ev	mac-vtable:_ZTVN5daisy5video14CTRGouraudWireE:2
0x5ad880	2595	_ZN5daisy5video14CTRTextureFlat23drawIndexedTriangleListEPNS0_9S2DVertexEiPKti	mac-vtable:_ZTVN5daisy5video14CTRTextureFlatE:7
0x5ae2b0	25	_ZN5daisy5video14CTRTextureFlatD0Ev	mac-vtable:_ZTVN5daisy5video14CTRTextureFlatE:3
0x5ae2d0	12	_ZN5daisy5video14CTRTextureFlatD1Ev	mac-vtable:_ZTVN5daisy5video14CTRTextureFlatE:2
0x5ae370	2318	_ZN5daisy5video18CTRTextureFlatWire23drawIndexedTriangleListEPNS0_9S2DVertexEiPKti	mac-vtable:_ZTVN5daisy5video18CTRTextureFlatWireE:7
0x5aec80	25	_ZN5daisy5video18CTRTextureFlatWireD0Ev	mac-vtable:_ZTVN5daisy5video18CTRTextureFlatWireE:3
0x5aeca0	12	_ZN5daisy5video18CTRTextureFlatWireD1Ev	mac-vtable:_ZTVN5daisy5video18CTRTextureFlatWireE:2
0x5aed90	5	_ZN5daisy5video17CTRTextureGouraud18setBackfaceCullingEb	mac-vtable:_ZTVN5daisy5video7CTRFlatE:5
0x5aeda0	4727	_ZN5daisy5video17CTRTextureGouraud23drawIndexedTriangleListEPNS0_9S2DVertexEiPKti	mac-vtable:_ZTVN5daisy5video17CTRTextureGouraudE:7
0x5b0110	128	_ZN5daisy5video17CTRTextureGouraud15setRenderTargetEPN2ox5video6IImageERKNS2_4core5CRectIiEE	mac-vtable:_ZTVN5daisy5video7CTRFlatE:4
0x5b0190	104	_ZN5daisy5video17CTRTextureGouraud10setTextureEPN2ox5video6IImageE	mac-vtable:_ZTVN5daisy5video7CTRFlatE:6
0x5b0200	126	_ZN5daisy5video17CTRTextureGouraudD0Ev	mac-vtable:_ZTVN5daisy5video17CTRTextureGouraudE:3
0x5b0280	119	_ZN5daisy5video17CTRTextureGouraudD1Ev	mac-vtable:_ZTVN5daisy5video17CTRTextureGouraudE:2
0x5b0300	8	_ZN5daisy5video20IK3DTriangleRendererD1Ev	mac-vtable:_ZTVN5daisy5video20IK3DTriangleRendererE:2
0x5b0310	12	_ZN5daisy5video20IK3DTriangleRendererD0Ev	mac-vtable:_ZTVN5daisy5video20IK3DTriangleRendererE:3
0x5b03b0	3779	_ZN5daisy5video21CTRTextureGouraudWire23drawIndexedTriangleListEPNS0_9S2DVertexEiPKti	mac-vtable:_ZTVN5daisy5video21CTRTextureGouraudWireE:7
0x5b1280	25	_ZN5daisy5video21CTRTextureGouraudWireD0Ev	mac-vtable:_ZTVN5daisy5video21CTRTextureGouraudWireE:3
0x5b12a0	12	_ZN5daisy5video21CTRTextureGouraudWireD1Ev	mac-vtable:_ZTVN5daisy5video21CTRTextureGouraudWireE:2
0x5b12b0	2	_ZN5daisy5audio12CAudioDriver20periodicStreamUpdateEv	mac-vtable:_ZTVN5daisy5audio12CAudioDriverE:5
0x5b12c0	8	_ZN5daisy5audio12CAudioDriver22setDampenSoundsOnVoiceEb	mac-vtable:_ZTVN5daisy5audio13COpenALDriverE:11
0x5b12d0	8	_ZN5daisy5audio12CAudioDriver33setUseGlobalPitchModifierForMusicEb	mac-vtable:_ZTVN5daisy5audio13COpenALDriverE:13
0x5b12e0	9	_ZN5daisy5audio12CAudioDriver22setGlobalRollOffFactorEf	mac-vtable:_ZTVN5daisy5audio13COpenALDriverE:14
0x5b12f0	178	_ZN5daisy5audio12CAudioDriver9playVoiceEPKc	mac-vtable:_ZTVN5daisy5audio13COpenALDriverE:26
0x5b13b0	65	_ZN5daisy5audio12CAudioDriver14isVoicePlayingEv	mac-vtable:_ZTVN5daisy5audio13COpenALDriverE:28
0x5b1400	56	_ZN5daisy5audio12CAudioDriver9stopVoiceEv	mac-vtable:_ZTVN5daisy5audio13COpenALDriverE:27
0x5b1440	53	_ZN5daisy5audio12CAudioDriver20setSoundEffectVolumeEi	mac-vtable:_ZTVN5daisy5audio13COpenALDriverE:7
0x5b1480	7	_ZN5daisy5audio12CAudioDriver20getSoundEffectVolumeEv	mac-vtable:_ZTVN5daisy5audio13COpenALDriverE:9
0x5b1490	7	_ZN5daisy5audio12CAudioDriver14getMusicVolumeEv	mac-vtable:_ZTVN5daisy5audio13COpenALDriverE:10
0x5b14d0	59	_ZN5daisy5audio12CAudioDriver16set2dOrientationEv	mac-vtable:_ZTVN5daisy5audio13COpenALDriverE:29
0x5b1510	12	_ZN5daisy5audio12CAudioDriver16set3dOrientationERKN2ox4core9CVector3dIfEES7_	mac-vtable:_ZTVN5daisy5audio13COpenALDriverE:30
0x5b1520	291	_ZN5daisy5audio12CAudioDriver19set3dCameraPositionEPKN2ox5scene16ICameraSceneNodeE	mac-vtable:_ZTVN5daisy5audio13COpenALDriverE:31
0x5b1650	87	_ZN5daisy5audio12CAudioDriver19setListenerPositionERKN2ox4core9CVector3dIfEES7_	mac-vtable:_ZTVN5daisy5audio13COpenALDriverE:32
0x5b16b0	39	_ZN5daisy5audio12CAudioDriver20setOrientedSoundConeEiiRKN2ox4core9CVector3dIfEE	mac-vtable:_ZTVN5daisy5audio13COpenALDriverE:33
0x5b16e0	74	_ZN5daisy5audio12CAudioDriver23devicePlayOrientedSoundEPNS0_14CSoundInfoStubEffRKN2ox4core9CVector3dIfEES9_	mac-vtable:_ZTVN5daisy5audio12CAudioDriverE:53
0x5b1730	88	_ZN5daisy5audio12CAudioDriver18updateTrackedSoundEiffRKN2ox4core9CVector3dIfEES7_	mac-vtable:_ZTVN5daisy5audio13COpenALDriverE:38
0x5b17c0	70	_ZN5daisy5audio12CAudioDriver12stopAllMusicEv	mac-vtable:_ZTVN5daisy5audio13COpenALDriverE:25
0x5b1810	123	_ZN5daisy5audio12CAudioDriver14setMusicVolumeEi	mac-vtable:_ZTVN5daisy5audio13COpenALDriverE:8
0x5b1960	86	_ZN5daisy5audio12CAudioDriver13stopAllSoundsEv	mac-vtable:_ZTVN5daisy5audio13COpenALDriverE:4
0x5b19c0	125	_ZN5daisy5audio12CAudioDriver20stopAllTrackedSoundsEv	mac-vtable:_ZTVN5daisy5audio13COpenALDriverE:37
0x5b1a40	131	_ZN5daisy5audio12CAudioDriver16stopTrackedSoundEi	mac-vtable:_ZTVN5daisy5audio13COpenALDriverE:36
0x5b1e30	178	_ZN5daisy5audio12CAudioDriverD0Ev	mac-vtable:_ZTVN5daisy5audio12CAudioDriverE:3
0x5b1ef0	166	_ZN5daisy5audio12CAudioDriverD1Ev	mac-vtable:_ZTVN5daisy5audio12CAudioDriverE:2
0x5b2050	940	_ZN5daisy5audio12CAudioDriver9loadMusicEPKc	mac-vtable:_ZTVN5daisy5audio13COpenALDriverE:21
0x5b2400	239	_ZN5daisy5audio12CAudioDriver18setSoundEffectPathEPKc	mac-vtable:_ZTVN5daisy5audio13COpenALDriverE:6
0x5b24f0	924	_ZN5daisy5audio12CAudioDriver9loadSoundEPKc	mac-vtable:_ZTVN5daisy5audio13COpenALDriverE:17
0x5b2890	925	_ZN5daisy5audio12CAudioDriver9playMusicEPKcfb	mac-vtable:_ZTVN5daisy5audio13COpenALDriverE:22
0x5b2c30	587	_ZN5daisy5audio12CAudioDriver11updateMusicEPKcf	mac-vtable:_ZTVN5daisy5audio13COpenALDriverE:24
0x5b2e80	504	_ZN5daisy5audio12CAudioDriver13stopLoopSoundEPKc	mac-vtable:_ZTVN5daisy5audio13COpenALDriverE:20
0x5b3080	512	_ZN5daisy5audio12CAudioDriver9stopMusicEPKc	mac-vtable:_ZTVN5daisy5audio13COpenALDriverE:23
0x5b3490	273	_ZN5daisy5audio12CAudioDriver17startTrackedSoundEPKcffRKN2ox4core9CVector3dIfEES9_f	mac-vtable:_ZTVN5daisy5audio13COpenALDriverE:35
0x5b35b0	323	_ZN5daisy5audio12CAudioDriver17playOrientedSoundEPKcffRKN2ox4core9CVector3dIfEES9_	mac-vtable:_ZTVN5daisy5audio13COpenALDriverE:34
0x5b3700	302	_ZN5daisy5audio12CAudioDriver9playSoundEPKcfff	mac-vtable:_ZTVN5daisy5audio13COpenALDriverE:18
0x5b3830	701	_ZN5daisy5audio12CAudioDriver9loopSoundEPKcffff	mac-vtable:_ZTVN5daisy5audio13COpenALDriverE:19
0x5b3af0	8	_ZN2ox5audio12IAudioDriverD1Ev	mac-vtable:_ZTVN2ox5audio12IAudioDriverE:2
0x5b3b00	2	_ZN5daisy5audio12CAudioDriver22setGlobalPitchModifierEf	mac-vtable:_ZTVN5daisy5audio12CAudioDriverE:12
0x5b3b10	2	_ZN5daisy5audio12CAudioDriver22setOpenAlDistanceModelEi	mac-vtable:_ZTVN5daisy5audio12CAudioDriverE:15
0x5b3b20	2	_ZN5daisy5audio12CAudioDriver15deviceLoopSoundEPNS0_14CSoundInfoStubEffff	mac-vtable:_ZTVN5daisy5audio12CAudioDriverE:42
0x5b3b30	2	_ZN5daisy5audio12CAudioDriver19deviceStopLoopSoundEPNS0_14CSoundInfoStubE	mac-vtable:_ZTVN5daisy5audio12CAudioDriverE:43
0x5b3b40	2	_ZN5daisy5audio12CAudioDriver15deviceStopSoundEPNS0_14CSoundInfoStubE	mac-vtable:_ZTVN5daisy5audio12CAudioDriverE:44
0x5b3bb0	12	_ZN2ox5audio12IAudioDriverD0Ev	mac-vtable:_ZTVN2ox5audio12IAudioDriverE:3
0x5b4cd0	53	_ZN5daisy3gui10CGUIButton15fakeButtonClickEv	mac-vtable:_ZTVN5daisy3gui10CGUIButtonE:45
0x5b4d10	16	_ZN5daisy3gui10CGUIButton16setOverrideColorERKN2ox5video6SColorE	mac-vtable:_ZTVN5daisy3gui10CGUIButtonE:40
0x5b4d20	8	_ZN5daisy3gui10CGUIButton15setIsPushButtonEb	mac-vtable:_ZTVN5daisy3gui10CGUIButtonE:42
0x5b4d30	11	_ZN5daisy3gui10CGUIButton9isPressedEv	mac-vtable:_ZTVN5daisy3gui10CGUIButtonE:44
0x5b4d80	42	_ZN5daisy3gui10CGUIButton10setPressedEb	mac-vtable:_ZTVN5daisy3gui10CGUIButtonE:43
0x5b4dc0	901	_ZN5daisy3gui10CGUIButton7OnEventERKN2ox5event6SEventE	mac-vtable:_ZTVN5daisy3gui10CGUIButtonE:31
0x5b5150	7	_ZN5daisy3gui14CGUITextButton12setTextColorEN2ox5video6SColorE	mac-vtable:_ZTVN5daisy3gui14CGUITextButtonE:39
0x5b5170	299	_ZN5daisy3gui14CGUITextButton7OnEventERKN2ox5event6SEventE	mac-vtable:_ZTVN5daisy3gui14CGUITextButtonE:31
0x5b52e0	71	_ZN5daisy3gui10CGUIButton15setOverrideFontEPN2ox3gui8IGUIFontE	mac-vtable:_ZTVN5daisy3gui10CGUIButtonE:39
0x5b5330	1046	_ZN5daisy3gui10CGUIButton13setAnimationsEPN2ox5video14ISpritePackageEPKcb	mac-vtable:_ZTVN5daisy3gui10CGUIButtonE:41
0x5b5c30	795	_ZN5daisy3gui14CGUITextButton4drawEv	mac-vtable:_ZTVN5daisy3gui14CGUITextButtonE:11
0x5b5f50	1322	_ZN5daisy3gui10CGUIButton4drawEv	mac-vtable:_ZTVN5daisy3gui10CGUIButtonE:11
0x5b7a30	681	_ZN5daisy3gui10CGUIButtonD0Ev	mac-vtable:_ZTVN5daisy3gui10CGUIButtonE:3
0x5b7ec0	452	_ZN5daisy3gui10CGUIButtonD1Ev	mac-vtable:_ZTVN5daisy3gui10CGUIButtonE:2
0x5b80a0	466	_ZN5daisy3gui14CGUITextButtonD0Ev	mac-vtable:_ZTVN5daisy3gui14CGUITextButtonE:3
0x5b8290	459	_ZN5daisy3gui14CGUITextButtonD1Ev	mac-vtable:_ZTVN5daisy3gui14CGUITextButtonE:2
0x5b8470	348	_ZN2ox3gui14IGUITextButtonD0Ev	mac-vtable:_ZTVN2ox3gui14IGUITextButtonE:3
0x5b85e0	341	_ZN2ox3gui14IGUITextButtonD1Ev	mac-vtable:_ZTVN2ox3gui14IGUITextButtonE:2
0x5b8750	348	_ZN2ox3gui10IGUIButtonD0Ev	mac-vtable:_ZTVN2ox3gui10IGUIButtonE:3
0x5b88c0	341	_ZN2ox3gui10IGUIButtonD1Ev	mac-vtable:_ZTVN2ox3gui10IGUIButtonE:2
0x5b8a30	353	_ZN5daisy3gui12CGUICheckBox7OnEventERKN2ox5event6SEventE	mac-vtable:_ZTVN5daisy3gui12CGUICheckBoxE:31
0x5b8ba0	8	_ZN5daisy3gui12CGUICheckBox10setCheckedEb	mac-vtable:_ZTVN5daisy3gui12CGUICheckBoxE:39
0x5b8bb0	8	_ZN5daisy3gui12CGUICheckBox9isCheckedEv	mac-vtable:_ZTVN5daisy3gui12CGUICheckBoxE:40
0x5b8bc0	7	_ZN5daisy3gui12CGUICheckBox12setTextColorEN2ox5video6SColorE	mac-vtable:_ZTVN5daisy3gui12CGUICheckBoxE:42
0x5b8bd0	8	_ZN5daisy3gui12CGUICheckBox11setTextFontEPN2ox3gui8IGUIFontE	mac-vtable:_ZTVN5daisy3gui12CGUICheckBoxE:43
0x5b8be0	136	_ZN5daisy3gui12CGUICheckBox11updateWidthEv	mac-vtable:_ZTVN5daisy3gui12CGUICheckBoxE:44
0x5b8ca0	1238	_ZN5daisy3gui12CGUICheckBox13setAnimationsEPN2ox5video14ISpritePackageEPKc	mac-vtable:_ZTVN5daisy3gui12CGUICheckBoxE:41
0x5b98a0	1299	_ZN5daisy3gui12CGUICheckBox4drawEv	mac-vtable:_ZTVN5daisy3gui12CGUICheckBoxE:11
0x5ba070	432	_ZN5daisy3gui12CGUICheckBoxD0Ev	mac-vtable:_ZTVN5daisy3gui12CGUICheckBoxE:3
0x5ba230	425	_ZN5daisy3gui12CGUICheckBoxD1Ev	mac-vtable:_ZTVN5daisy3gui12CGUICheckBoxE:2
0x5ba3f0	348	_ZN2ox3gui12IGUICheckBoxD0Ev	mac-vtable:_ZTVN2ox3gui12IGUICheckBoxE:3
0x5ba560	341	_ZN2ox3gui12IGUICheckBoxD1Ev	mac-vtable:_ZTVN2ox3gui12IGUICheckBoxE:2
0x5ba6d0	202	_ZN5daisy3gui10CClickArea7OnEventERKN2ox5event6SEventE	mac-vtable:_ZTVN5daisy3gui10CClickAreaE:31
0x5bad30	232	_ZN5daisy3gui10CClickArea4drawEv	mac-vtable:_ZTVN5daisy3gui10CClickAreaE:11
0x5bae30	348	_ZN5daisy3gui10CClickAreaD0Ev	mac-vtable:_ZTVN5daisy3gui10CClickAreaE:3
0x5bafa0	341	_ZN5daisy3gui10CClickAreaD1Ev	mac-vtable:_ZTVN5daisy3gui10CClickAreaE:2
0x5bb270	341	_ZN2ox3gui13IGUIClickAreaD1Ev	mac-vtable:_ZTVN2ox3gui13IGUIClickAreaE:2
0x5bb3e0	348	_ZN2ox3gui13IGUIClickAreaD0Ev	mac-vtable:_ZTVN2ox3gui13IGUIClickAreaE:3
0x5bb540	19	_ZN5daisy3gui12CGUIComboBox12getItemCountEv	mac-vtable:_ZTVN5daisy3gui12CGUIComboBoxE:39
0x5bb560	44	_ZN5daisy3gui12CGUIComboBox7getItemEi	mac-vtable:_ZTVN5daisy3gui12CGUIComboBoxE:40
0x5bb590	7	_ZN5daisy3gui12CGUIComboBox11getSelectedEv	mac-vtable:_ZTVN5daisy3gui12CGUIComboBoxE:43
0x5bb5a0	39	_ZN5daisy3gui12CGUIComboBox11setSelectedEi	mac-vtable:_ZTVN5daisy3gui12CGUIComboBoxE:44
0x5bb600	93	_ZN5daisy3gui12CGUIComboBox5clearEv	mac-vtable:_ZTVN5daisy3gui12CGUIComboBoxE:42
0x5bb660	176	_ZN5daisy3gui12CGUIComboBox19setRelativePositionERKN2ox4core5CRectIiEE	mac-vtable:_ZTVN5daisy3gui12CGUIComboBoxE:4
0x5bb950	667	_ZN5daisy3gui12CGUIComboBox7OnEventERKN2ox5event6SEventE	mac-vtable:_ZTVN5daisy3gui12CGUIComboBoxE:31
0x5bbbf0	1014	_ZN5daisy3gui12CGUIComboBox13setAnimationsEPN2ox5video14ISpritePackageEPKc	mac-vtable:_ZTVN5daisy3gui12CGUIComboBoxE:45
0x5bc830	1192	_ZN5daisy3gui12CGUIComboBox4drawEv	mac-vtable:_ZTVN5daisy3gui12CGUIComboBoxE:11
0x5bcfd0	525	_ZN5daisy3gui12CGUIComboBoxD0Ev	mac-vtable:_ZTVN5daisy3gui12CGUIComboBoxE:3
0x5bd1f0	518	_ZN5daisy3gui12CGUIComboBoxD1Ev	mac-vtable:_ZTVN5daisy3gui12CGUIComboBoxE:2
0x5bd400	519	_ZN5daisy3gui12CGUIComboBox7addItemEPKw	mac-vtable:_ZTVN5daisy3gui12CGUIComboBoxE:41
0x5bd620	348	_ZN2ox3gui12IGUIComboBoxD0Ev	mac-vtable:_ZTVN2ox3gui12IGUIComboBoxE:3
0x5bd790	341	_ZN2ox3gui12IGUIComboBoxD1Ev	mac-vtable:_ZTVN2ox3gui12IGUIComboBoxE:2
0x5bd8f0	33	_ZNK5daisy3gui15CGUIContextMenu12getItemCountEv	mac-vtable:_ZTVN5daisy3gui8CGUIMenuE:39
0x5bd920	27	_ZN5daisy3gui15CGUIContextMenu12addSeparatorEv	mac-vtable:_ZTVN5daisy3gui8CGUIMenuE:41
0x5bd940	64	_ZN5daisy3gui15CGUIContextMenu11getItemTextEi	mac-vtable:_ZTVN5daisy3gui8CGUIMenuE:42
0x5bd980	65	_ZN5daisy3gui15CGUIContextMenu13isItemEnabledEi	mac-vtable:_ZTVN5daisy3gui8CGUIMenuE:44
0x5bd9d0	64	_ZN5daisy3gui15CGUIContextMenu14setItemEnabledEib	mac-vtable:_ZTVN5daisy3gui8CGUIMenuE:45
0x5bda20	301	_ZN5daisy3gui15CGUIContextMenu7OnEventERKN2ox5event6SEventE	mac-vtable:_ZTVN5daisy3gui15CGUIContextMenuE:31
0x5bdb50	153	_ZN5daisy3gui15CGUIContextMenu10setVisibleEb	mac-vtable:_ZTVN5daisy3gui8CGUIMenuE:17
0x5bdbf0	400	_ZN5daisy3gui15CGUIContextMenu9sendClickEN2ox4core11CPosition2dIiEE	mac-vtable:_ZTVN5daisy3gui8CGUIMenuE:54
0x5bdd80	611	_ZN5daisy3gui15CGUIContextMenu9highlightEN2ox4core11CPosition2dIiEE	mac-vtable:_ZTVN5daisy3gui8CGUIMenuE:53
0x5bdff0	34	_ZN5daisy3gui15CGUIContextMenu8getHRectERNS1_5SItemERN2ox4core5CRectIiEE	mac-vtable:_ZTVN5daisy3gui15CGUIContextMenuE:55
0x5be020	39	_ZN5daisy3gui15CGUIContextMenu7getRectERNS1_5SItemERN2ox4core5CRectIiEE	mac-vtable:_ZTVN5daisy3gui15CGUIContextMenuE:56
0x5be050	583	_ZN5daisy3gui15CGUIContextMenu15recalculateSizeEv	mac-vtable:_ZTVN5daisy3gui15CGUIContextMenuE:52
0x5be2a0	7	_ZN5daisy3gui15CGUIContextMenu15getSelectedItemEv	mac-vtable:_ZTVN5daisy3gui8CGUIMenuE:48
0x5be2b0	65	_ZN5daisy3gui15CGUIContextMenu10getSubMenuEi	mac-vtable:_ZTVN5daisy3gui8CGUIMenuE:51
0x5be300	72	_ZN5daisy3gui15CGUIContextMenu16getItemCommandIdEi	mac-vtable:_ZTVN5daisy3gui8CGUIMenuE:49
0x5be350	64	_ZN5daisy3gui15CGUIContextMenu16setItemCommandIdEii	mac-vtable:_ZTVN5daisy3gui8CGUIMenuE:50
0x5be390	347	_ZN5daisy3gui15CGUIContextMenu11setItemTextEiPKw	mac-vtable:_ZTVN5daisy3gui8CGUIMenuE:43
0x5be520	202	_ZN5daisy3gui15CGUIContextMenu14removeAllItemsEv	mac-vtable:_ZTVN5daisy3gui8CGUIMenuE:47
0x5be5f0	420	_ZN5daisy3gui15CGUIContextMenu10removeItemEi	mac-vtable:_ZTVN5daisy3gui8CGUIMenuE:46
0x5bee60	1740	_ZN5daisy3gui15CGUIContextMenu4drawEv	mac-vtable:_ZTVN5daisy3gui15CGUIContextMenuE:11
0x5bf880	605	_ZN5daisy3gui15CGUIContextMenuD0Ev	mac-vtable:_ZTVN5daisy3gui15CGUIContextMenuE:3
0x5bfaf0	598	_ZN5daisy3gui15CGUIContextMenuD1Ev	mac-vtable:_ZTVN5daisy3gui15CGUIContextMenuE:2
0x5bfd50	706	_ZN5daisy3gui15CGUIContextMenu7addItemEPwibb	mac-vtable:_ZTVN5daisy3gui8CGUIMenuE:40
0x5c0080	341	_ZN2ox3gui15IGUIContextMenuD1Ev	mac-vtable:_ZTVN2ox3gui15IGUIContextMenuE:2
0x5c01f0	348	_ZN2ox3gui15IGUIContextMenuD0Ev	mac-vtable:_ZTVN2ox3gui15IGUIContextMenuE:3
0x5c0ab0	14	_ZN5daisy3gui11CGUIEditBox16setOverrideColorEN2ox5video6SColorE	mac-vtable:_ZTVN5daisy3gui11CGUIEditBoxE:41
0x5c0ac0	8	_ZN5daisy3gui11CGUIEditBox19enableOverrideColorEb	mac-vtable:_ZTVN5daisy3gui11CGUIEditBoxE:42
0x5c0ad0	7	_ZN5daisy3gui11CGUIEditBox19setAssociatedButtonEi	mac-vtable:_ZTVN5daisy3gui11CGUIEditBoxE:47
0x5c0ae0	7	_ZN5daisy3gui11CGUIEditBox6getMaxEv	mac-vtable:_ZTVN5daisy3gui11CGUIEditBoxE:44
0x5c0af0	8	_ZN5daisy3gui11CGUIEditBox9setHiddenEb	mac-vtable:_ZTVN5daisy3gui11CGUIEditBoxE:45
0x5c0b70	71	_ZN5daisy3gui11CGUIEditBox8setFocusEv	mac-vtable:_ZTVN5daisy3gui11CGUIEditBoxE:39
0x5c0bc0	144	_ZN5daisy3gui11CGUIEditBox19setRelativePositionERKN2ox4core5CRectIiEE	mac-vtable:_ZTVN5daisy3gui11CGUIEditBoxE:4
0x5c0c50	71	_ZN5daisy3gui11CGUIEditBox15setOverrideFontEPN2ox3gui8IGUIFontE	mac-vtable:_ZTVN5daisy3gui11CGUIEditBoxE:40
0x5c0ca0	278	_ZN5daisy3gui11CGUIEditBox7setTextEPKw	mac-vtable:_ZTVN5daisy3gui11CGUIEditBoxE:26
0x5c0dc0	1194	_ZN5daisy3gui11CGUIEditBox13setAnimationsEPN2ox5video14ISpritePackageEPKc	mac-vtable:_ZTVN5daisy3gui11CGUIEditBoxE:46
0x5c2020	491	_ZN5daisy3gui11CGUIEditBoxD0Ev	mac-vtable:_ZTVN5daisy3gui11CGUIEditBoxE:3
0x5c2220	484	_ZN5daisy3gui11CGUIEditBoxD1Ev	mac-vtable:_ZTVN5daisy3gui11CGUIEditBoxE:2
0x5c2a60	704	_ZN5daisy3gui11CGUIEditBox6setMaxEi	mac-vtable:_ZTVN5daisy3gui11CGUIEditBoxE:43
0x5c4a90	217	_ZN5daisy3gui11CGUIEditBox7OnEventERKN2ox5event6SEventE	mac-vtable:_ZTVN5daisy3gui11CGUIEditBoxE:31
0x5c4b70	5623	_ZN5daisy3gui11CGUIEditBox4drawEv	mac-vtable:_ZTVN5daisy3gui11CGUIEditBoxE:11
0x5c6260	338	_ZN2ox3gui11IGUIEditBoxD1Ev	mac-vtable:_ZTVN2ox3gui11IGUIEditBoxE:2
0x5c63d0	343	_ZN2ox3gui11IGUIEditBoxD0Ev	mac-vtable:_ZTVN2ox3gui11IGUIEditBoxE:3
0x5c6900	27	_ZN5daisy2io9CFileList12getFileCountEv	mac-vtable:_ZTVN5daisy2io9CFileListE:4
0x5c6920	60	_ZN5daisy2io9CFileList11getFileNameEi	mac-vtable:_ZTVN5daisy2io9CFileListE:5
0x5c6960	61	_ZN5daisy2io9CFileList11isDirectoryEi	mac-vtable:_ZTVN5daisy2io9CFileListE:7
0x5c69d0	1117	_ZN5daisy2io9CFileList15getFullFileNameEi	mac-vtable:_ZTVN5daisy2io9CFileListE:6
0x5c6e30	118	_ZN5daisy2io9CFileListD0Ev	mac-vtable:_ZTVN5daisy2io9CFileListE:3
0x5c6eb0	111	_ZN5daisy2io9CFileListD1Ev	mac-vtable:_ZTVN5daisy2io9CFileListE:2
0x5c8bd0	117	_ZN5daisy2io14CLimitReadFile4readEPvi	mac-vtable:_ZTVN5daisy2io14CLimitReadFileE:4
0x5c8c50	125	_ZN5daisy2io14CLimitReadFile4seekEib	mac-vtable:_ZTVN5daisy2io14CLimitReadFileE:6
0x5c8cd0	4	_ZN5daisy2io14CLimitReadFile7getSizeEv	mac-vtable:_ZTVN5daisy2io14CLimitReadFileE:7
0x5c8ce0	19	_ZN5daisy2io14CLimitReadFile6getPosEv	mac-vtable:_ZTVN5daisy2io14CLimitReadFileE:8
0x5c8d00	5	_ZN5daisy2io14CLimitReadFile11getFileNameEv	mac-vtable:_ZTVN5daisy2io14CLimitReadFileE:9
0x5c8d40	109	_ZN5daisy2io14CLimitReadFileD1Ev	mac-vtable:_ZTVN5daisy2io14CLimitReadFileE:2
0x5c8db0	116	_ZN5daisy2io14CLimitReadFileD0Ev	mac-vtable:_ZTVN5daisy2io14CLimitReadFileE:3
0x5c9190	3	_ZN5daisy2io14CLimitReadFile8readLineEPci	mac-vtable:_ZTVN5daisy2io14CLimitReadFileE:5
0x5c91a0	3	_ZN5daisy2io14CLimitReadFile15getModifiedDateEv	mac-vtable:_ZTVN5daisy2io14CLimitReadFileE:10
0x5c94f0	10	_ZN5daisy5scene16CAnimatedMeshMD213getFrameCountEv	mac-vtable:_ZTVN5daisy5scene16CAnimatedMeshMD2E:4
0x5c9520	5	_ZN5daisy5scene16CAnimatedMeshMD213getMeshBufferEi	mac-vtable:_ZTVN5daisy5scene16CAnimatedMeshMD2E:14
0x5c9540	8	_ZNK5daisy5scene16CAnimatedMeshMD211getMaterialEv	mac-vtable:_ZTVN5daisy5scene16CAnimatedMeshMD2E:15
0x5c9560	8	_ZN5daisy5scene16CAnimatedMeshMD211getMaterialEv	mac-vtable:_ZTVN5daisy5scene16CAnimatedMeshMD2E:16
0x5c9580	8	_ZNK5daisy5scene16CAnimatedMeshMD211getVerticesEv	mac-vtable:_ZTVN5daisy5scene16CAnimatedMeshMD2E:17
0x5c95a0	8	_ZN5daisy5scene16CAnimatedMeshMD211getVerticesEv	mac-vtable:_ZTVN5daisy5scene16CAnimatedMeshMD2E:18
0x5c95c0	3	_ZNK5daisy5scene16CAnimatedMeshMD213getVertexTypeEv	mac-vtable:_ZTVN5daisy5scene16CAnimatedMeshMD2E:19
0x5c95e0	30	_ZNK5daisy5scene16CAnimatedMeshMD214getVertexCountEv	mac-vtable:_ZTVN5daisy5scene16CAnimatedMeshMD2E:20
0x5c9610	5	_ZNK5daisy5scene16CAnimatedMeshMD210getIndicesEv	mac-vtable:_ZTVN5daisy5scene16CAnimatedMeshMD2E:21
0x5c9630	5	_ZN5daisy5scene16CAnimatedMeshMD210getIndicesEv	mac-vtable:_ZTVN5daisy5scene16CAnimatedMeshMD2E:22
0x5c9650	12	_ZNK5daisy5scene16CAnimatedMeshMD213getIndexCountEv	mac-vtable:_ZTVN5daisy5scene16CAnimatedMeshMD2E:23
0x5c9670	6	_ZN5daisy5scene16CAnimatedMeshMD218getMeshBufferCountEv	mac-vtable:_ZTVN5daisy5scene16CAnimatedMeshMD2E:13
0x5c98e0	62	_ZN5daisy5scene16CAnimatedMeshMD27getMeshEiiii	mac-vtable:_ZTVN5daisy5scene16CAnimatedMeshMD2E:5
0x5c9920	290	_ZN5daisy5scene16CAnimatedMeshMD220calculateBoundingBoxEv	mac-vtable:_ZTVN5daisy5scene16CAnimatedMeshMD2E:26
0x5c9a60	11	_ZN5daisy5scene16CAnimatedMeshMD215setMaterialFlagEN2ox5video15E_MATERIAL_FLAGEb	mac-vtable:_ZTVN5daisy5scene16CAnimatedMeshMD2E:25
0x5c9a90	8	_ZNK5daisy5scene16CAnimatedMeshMD214getBoundingBoxEv	mac-vtable:_ZTVN5daisy5scene16CAnimatedMeshMD2E:6
0x5c9ac0	8	_ZN5daisy5scene16CAnimatedMeshMD214getBoundingBoxEv	mac-vtable:_ZTVN5daisy5scene16CAnimatedMeshMD2E:24
0x5c9ad0	6	_ZNK5daisy5scene16CAnimatedMeshMD211getMeshTypeEv	mac-vtable:_ZTVN5daisy5scene16CAnimatedMeshMD2E:7
0x5c9ae0	51	_ZNK5daisy5scene16CAnimatedMeshMD212getFrameLoopEN2ox5scene19EMD2_ANIMATION_TYPEERiS5_S5_	mac-vtable:_ZTVN5daisy5scene16CAnimatedMeshMD2E:8
0x5c9b20	19	_ZNK5daisy5scene16CAnimatedMeshMD217getAnimationCountEv	mac-vtable:_ZTVN5daisy5scene16CAnimatedMeshMD2E:10
0x5c9b40	44	_ZNK5daisy5scene16CAnimatedMeshMD216getAnimationNameEi	mac-vtable:_ZTVN5daisy5scene16CAnimatedMeshMD2E:11
0x5c9ba0	432	_ZNK5daisy5scene16CAnimatedMeshMD212getFrameLoopEPKcRiS4_S4_	mac-vtable:_ZTVN5daisy5scene16CAnimatedMeshMD2E:9
0x5c9f30	240	_ZN5daisy5scene16CAnimatedMeshMD2D0Ev	mac-vtable:_ZTVN5daisy5scene16CAnimatedMeshMD2E:3
0x5ca130	233	_ZN5daisy5scene16CAnimatedMeshMD2D1Ev	mac-vtable:_ZTVN5daisy5scene16CAnimatedMeshMD2E:2
0x5ca220	4274	_ZN5daisy5scene16CAnimatedMeshMD28loadFileEPN2ox2io9IReadFileE	mac-vtable:_ZTVN5daisy5scene16CAnimatedMeshMD2E:12
0x5cb2e0	8	_ZN2ox5scene16IAnimatedMeshMD2D1Ev	mac-vtable:_ZTVN2ox5scene16IAnimatedMeshMD2E:2
0x5cb340	12	_ZN2ox5scene16IAnimatedMeshMD2D0Ev	mac-vtable:_ZTVN2ox5scene16IAnimatedMeshMD2E:3
0x5cbca0	13	_ZN5daisy5scene17CAnimatedMeshMS3D13getFrameCountEv	mac-vtable:_ZTVN5daisy5scene17CAnimatedMeshMS3DE:4
0x5cbd80	33	_ZNK5daisy5scene17CAnimatedMeshMS3D13getJointCountEv	mac-vtable:_ZTVN5daisy5scene17CAnimatedMeshMS3DE:9
0x5cbdb0	68	_ZNK5daisy5scene17CAnimatedMeshMS3D12getJointNameEi	mac-vtable:_ZTVN5daisy5scene17CAnimatedMeshMS3DE:10
0x5cbe10	6	_ZN5daisy5scene17CAnimatedMeshMS3D18getMeshBufferCountEv	mac-vtable:_ZTVN5daisy5scene17CAnimatedMeshMS3DE:13
0x5cbe30	5	_ZN5daisy5scene17CAnimatedMeshMS3D13getMeshBufferEi	mac-vtable:_ZTVN5daisy5scene17CAnimatedMeshMS3DE:14
0x5cbe50	5	_ZNK5daisy5scene17CAnimatedMeshMS3D11getMaterialEv	mac-vtable:_ZTVN5daisy5scene17CAnimatedMeshMS3DE:15
0x5cbe70	5	_ZN5daisy5scene17CAnimatedMeshMS3D11getMaterialEv	mac-vtable:_ZTVN5daisy5scene17CAnimatedMeshMS3DE:16
0x5cbe90	8	_ZNK5daisy5scene17CAnimatedMeshMS3D11getVerticesEv	mac-vtable:_ZTVN5daisy5scene17CAnimatedMeshMS3DE:17
0x5cbeb0	8	_ZN5daisy5scene17CAnimatedMeshMS3D11getVerticesEv	mac-vtable:_ZTVN5daisy5scene17CAnimatedMeshMS3DE:18
0x5cbed0	3	_ZNK5daisy5scene17CAnimatedMeshMS3D13getVertexTypeEv	mac-vtable:_ZTVN5daisy5scene17CAnimatedMeshMS3DE:19
0x5cbef0	33	_ZNK5daisy5scene17CAnimatedMeshMS3D14getVertexCountEv	mac-vtable:_ZTVN5daisy5scene17CAnimatedMeshMS3DE:20
0x5cbf30	8	_ZNK5daisy5scene17CAnimatedMeshMS3D10getIndicesEv	mac-vtable:_ZTVN5daisy5scene17CAnimatedMeshMS3DE:21
0x5cbf50	8	_ZN5daisy5scene17CAnimatedMeshMS3D10getIndicesEv	mac-vtable:_ZTVN5daisy5scene17CAnimatedMeshMS3DE:22
0x5cbf70	18	_ZNK5daisy5scene17CAnimatedMeshMS3D13getIndexCountEv	mac-vtable:_ZTVN5daisy5scene17CAnimatedMeshMS3DE:23
0x5cbfb0	8	_ZNK5daisy5scene17CAnimatedMeshMS3D14getBoundingBoxEv	mac-vtable:_ZTVN5daisy5scene17CAnimatedMeshMS3DE:6
0x5cbfe0	8	_ZN5daisy5scene17CAnimatedMeshMS3D14getBoundingBoxEv	mac-vtable:_ZTVN5daisy5scene17CAnimatedMeshMS3DE:24
0x5cc000	8	_ZN5daisy5scene17CAnimatedMeshMS3D15setMaterialFlagEN2ox5video15E_MATERIAL_FLAGEb	mac-vtable:_ZTVN5daisy5scene17CAnimatedMeshMS3DE:25
0x5cc010	6	_ZNK5daisy5scene17CAnimatedMeshMS3D11getMeshTypeEv	mac-vtable:_ZTVN5daisy5scene17CAnimatedMeshMS3DE:7
0x5cc050	376	_ZNK5daisy5scene17CAnimatedMeshMS3D14getJointNumberEPKc	mac-vtable:_ZTVN5daisy5scene17CAnimatedMeshMS3DE:11
0x5cd2e0	127	_ZN5daisy5scene17CAnimatedMeshMS3D16getMatrixOfJointEii	mac-vtable:_ZTVN5daisy5scene17CAnimatedMeshMS3DE:8
0x5cd360	15	_ZN5daisy5scene17CAnimatedMeshMS3D7getMeshEiiii	mac-vtable:_ZTVN5daisy5scene17CAnimatedMeshMS3DE:5
0x5cd390	252	_ZN5daisy5scene17CAnimatedMeshMS3DD1Ev	mac-vtable:_ZTVN5daisy5scene17CAnimatedMeshMS3DE:2
0x5cd590	6604	_ZN5daisy5scene17CAnimatedMeshMS3D8loadFileEPN2ox2io9IReadFileE	mac-vtable:_ZTVN5daisy5scene17CAnimatedMeshMS3DE:12
0x5cef80	259	_ZN5daisy5scene17CAnimatedMeshMS3DD0Ev	mac-vtable:_ZTVN5daisy5scene17CAnimatedMeshMS3DE:3
0x5cf090	8	_ZN2ox5scene17IAnimatedMeshMS3DD1Ev	mac-vtable:_ZTVN2ox5scene17IAnimatedMeshMS3DE:2
0x5cf0a0	12	_ZN2ox5scene17IAnimatedMeshMS3DD0Ev	mac-vtable:_ZTVN2ox5scene17IAnimatedMeshMS3DE:3
0x5d1120	251	_ZN5daisy5scene8CBspTreeD0Ev	mac-vtable:_ZTVN5daisy5scene8CBspTreeE:3
0x5d1220	249	_ZN5daisy5scene8CBspTreeD1Ev	mac-vtable:_ZTVN5daisy5scene8CBspTreeE:2
0x5d4e90	1821	_ZN5daisy5scene19CParticleBoxEmitter5emittEjjRPN2ox5scene9SParticleE	mac-vtable:_ZTVN5daisy5scene19CParticleBoxEmitterE:4
0x5d55b0	8	_ZN2ox5scene16IParticleEmitterD1Ev	mac-vtable:_ZTVN2ox5scene16IParticleEmitterE:2
0x5d55c0	12	_ZN2ox5scene16IParticleEmitterD0Ev	mac-vtable:_ZTVN2ox5scene16IParticleEmitterE:3
0x5d55d0	41	_ZN5daisy5scene19CParticleBoxEmitterD0Ev	mac-vtable:_ZTVN5daisy5scene19CParticleBoxEmitterE:3
0x5d5600	34	_ZN5daisy5scene19CParticleBoxEmitterD1Ev	mac-vtable:_ZTVN5daisy5scene19CParticleBoxEmitterE:2
0x5d56b0	300	_ZN5daisy5scene24CParticleFadeOutAffector6affectEjPN2ox5scene9SParticleEj	mac-vtable:_ZTVN5daisy5scene24CParticleFadeOutAffectorE:4
0x5d5810	8	_ZN2ox5scene17IParticleAffectorD1Ev	mac-vtable:_ZTVN2ox5scene17IParticleAffectorE:2
0x5d5820	8	_ZN5daisy5scene24CParticleFadeOutAffectorD1Ev	mac-vtable:_ZTVN5daisy5scene24CParticleFadeOutAffectorE:2
0x5d5830	12	_ZN5daisy5scene24CParticleFadeOutAffectorD0Ev	mac-vtable:_ZTVN5daisy5scene24CParticleFadeOutAffectorE:3
0x5d5840	12	_ZN2ox5scene17IParticleAffectorD0Ev	mac-vtable:_ZTVN2ox5scene17IParticleAffectorE:3
0x5d58d0	242	_ZN5daisy5scene24CParticleGravityAffector6affectEjPN2ox5scene9SParticleEj	mac-vtable:_ZTVN5daisy5scene24CParticleGravityAffectorE:4
0x5d5a00	8	_ZN5daisy5scene24CParticleGravityAffectorD1Ev	mac-vtable:_ZTVN5daisy5scene24CParticleGravityAffectorE:2
0x5d5a10	12	_ZN5daisy5scene24CParticleGravityAffectorD0Ev	mac-vtable:_ZTVN5daisy5scene24CParticleGravityAffectorE:3
0x5d5b50	908	_ZN5daisy5scene21CParticlePointEmitter5emittEjjRPN2ox5scene9SParticleE	mac-vtable:_ZTVN5daisy5scene21CParticlePointEmitterE:4
0x5d5ee0	8	_ZN5daisy5scene21CParticlePointEmitterD1Ev	mac-vtable:_ZTVN5daisy5scene21CParticlePointEmitterE:2
0x5d5ef0	12	_ZN5daisy5scene21CParticlePointEmitterD0Ev	mac-vtable:_ZTVN5daisy5scene21CParticlePointEmitterE:3
0x5d60a0	57	_ZN5daisy5video19CCGMaterialRenderer8OnRenderEPN2ox5video25IMaterialRendererServicesENS3_13E_VERTEX_TYPEE	mac-vtable:_ZTVN5daisy5video25COpenGLCGMaterialRendererE:5
0x5d60f0	16	_ZN5daisy5video19CCGMaterialRenderer20setBasicRenderStatesERKN2ox5video9SMaterialES6_b	mac-vtable:_ZTVN5daisy5video25COpenGLCGMaterialRendererE:10
0x5d6110	5	_ZN5daisy5video19CCGMaterialRenderer14getVideoDriverEv	mac-vtable:_ZTVN5daisy5video25COpenGLCGMaterialRendererE:15
0x5d6160	14	_ZN5daisy5video19CCGMaterialRenderer22setPixelShaderConstantEPKfii	mac-vtable:_ZTVN5daisy5video25COpenGLCGMaterialRendererE:14
0x5d6180	14	_ZN5daisy5video19CCGMaterialRenderer23setVertexShaderConstantEPKfii	mac-vtable:_ZTVN5daisy5video25COpenGLCGMaterialRendererE:12
0x5d6220	122	_ZN5daisy5video19CCGMaterialRendererD0Ev	mac-vtable:_ZTVN5daisy5video19CCGMaterialRendererE:3
0x5d62b0	115	_ZN5daisy5video19CCGMaterialRendererD1Ev	mac-vtable:_ZTVN5daisy5video19CCGMaterialRendererE:2
0x5d82c0	16	_ZN5daisy5video19CCGMaterialRenderer22setPixelShaderConstantEPKcPKfi	mac-vtable:_ZTVN5daisy5video25COpenGLCGMaterialRendererE:13
0x5d82e0	19	_ZN5daisy5video19CCGMaterialRenderer23setVertexShaderConstantEPKcPKfi	mac-vtable:_ZTVN5daisy5video25COpenGLCGMaterialRendererE:11
0x5d8300	229	_ZN5daisy5video15CColorConverter28convert4BitTo16BitFlipMirrorEPKcPsiiiPKi	match:daisy/video/Null/CColorConverter.cpp
0x5d83f0	180	_ZN5daisy5video15CColorConverter18convert8BitTo16BitEPKcPsiiiPKi	match:daisy/video/Null/CColorConverter.cpp
0x5d84b0	169	_ZN5daisy5video15CColorConverter28convert8BitTo16BitFlipMirrorEPKcPsiiiPKi	match:daisy/video/Null/CColorConverter.cpp
0x5d8560	146	_ZN5daisy5video15CColorConverter28convert1BitTo16BitFlipMirrorEPKcPsiii	match:daisy/video/Null/CColorConverter.cpp
0x5d8600	119	_ZN5daisy5video15CColorConverter29convert16BitTo16BitFlipMirrorEPKsPsiii	match:daisy/video/Null/CColorConverter.cpp
0x5d8680	179	_ZN5daisy5video15CColorConverter29convert24BitTo16BitFlipMirrorEPKcPsiii	match:daisy/video/Null/CColorConverter.cpp
0x5d8740	164	_ZN5daisy5video15CColorConverter41convert24BitTo24BitFlipMirrorColorShuffleEPKcPciii	match:daisy/video/Null/CColorConverter.cpp
0x5d87f0	165	_ZN5daisy5video15CColorConverter31convert24BitTo16BitColorShuffleEPKcPsiii	match:daisy/video/Null/CColorConverter.cpp
0x5d88a0	155	_ZN5daisy5video15CColorConverter35convert24BitTo16BitFlipColorShuffleEPKcPsiii	match:daisy/video/Null/CColorConverter.cpp
0x5d8940	169	_ZN5daisy5video15CColorConverter31convert32BitTo16BitColorShuffleEPKcPsiii	match:daisy/video/Null/CColorConverter.cpp
0x5d89f0	179	_ZN5daisy5video15CColorConverter41convert32BitTo16BitFlipMirrorColorShuffleEPKcPsiii	match:daisy/video/Null/CColorConverter.cpp
0x5d8ab0	248	_ZN5daisy5video15CColorConverter31convert16bitToA8R8G8B8andResizeEPKsPiiiii	match:daisy/video/Null/CColorConverter.cpp
0x5d8bb0	133	_ZN5daisy5video15CColorConverter29convert32BitTo32BitFlipMirrorEPKiPiiii	match:daisy/video/Null/CColorConverter.cpp
0x5d8c40	214	_ZN5daisy5video15CColorConverter19convert32BitTo32BitEPKiPiiN2ox5video13ECOLOR_FORMATES7_	match:daisy/video/Null/CColorConverter.cpp
0x5d8d20	101	_ZN5daisy5video15CColorConverter19convert32BitTo32BitEiN2ox5video13ECOLOR_FORMATES4_	match:daisy/video/Null/CColorConverter.cpp
0x5d8f90	8	_ZN5daisy5video21CSpriteAnimationImageD1Ev	mac-vtable:_ZTVN5daisy5video21CSpriteAnimationImageE:2
0x5d8fa0	77	_ZN5daisy5video21CSpriteAnimationImage4drawERKN2ox4core11CPosition2dIiEEPKNS3_5CRectIiEENS2_5video6SColorE	mac-vtable:_ZTVN5daisy5video21CSpriteAnimationImageE:5
0x5d8ff0	285	_ZN5daisy5video21CSpriteAnimationImage12drawMirroredERKN2ox4core11CPosition2dIfEEfNS2_5video6SColorE	mac-vtable:_ZTVN5daisy5video21CSpriteAnimationImageE:10
0x5d9110	100	_ZN5daisy5video21CSpriteAnimationImage16drawCornerColorsERKN2ox4core11CAffineRectIfEERKNS2_5video13SColorCornersE	mac-vtable:_ZTVN5daisy5video21CSpriteAnimationImageE:7
0x5d9180	951	_ZN5daisy5video21CSpriteAnimationImage18drawMultipleColorsERKN2ox4core11CAffineRectIfEERKNS2_5video13SColorCornersE	mac-vtable:_ZTVN5daisy5video21CSpriteAnimationImageE:6
0x5d9540	205	_ZN5daisy5video21CSpriteAnimationImage10drawScaledERKN2ox4core11CPosition2dIfEEfNS2_5video6SColorE	mac-vtable:_ZTVN5daisy5video21CSpriteAnimationImageE:8
0x5d9610	90	_ZN5daisy5video21CSpriteAnimationImage13drawFreeShapeERKN2ox4core11CPosition2dIfEES7_S7_S7_NS2_5video6SColorE	mac-vtable:_ZTVN5daisy5video21CSpriteAnimationImageE:11
0x5d9670	15	_ZN5daisy5video21CSpriteAnimationImage9getOffsetEv	mac-vtable:_ZTVN5daisy5video21CSpriteAnimationImageE:13
0x5d9680	15	_ZN5daisy5video21CSpriteAnimationImage17getOriginalOffsetEv	mac-vtable:_ZTVN5daisy5video21CSpriteAnimationImageE:14
0x5d9690	21	_ZN5daisy5video21CSpriteAnimationImage7getSizeEv	mac-vtable:_ZTVN5daisy5video21CSpriteAnimationImageE:15
0x5d96b0	15	_ZN5daisy5video21CSpriteAnimationImage15getOriginalSizeEv	mac-vtable:_ZTVN5daisy5video21CSpriteAnimationImageE:16
0x5d96c0	5	_ZN5daisy5video21CSpriteAnimationImage10getTextureEv	mac-vtable:_ZTVN5daisy5video21CSpriteAnimationImageE:17
0x5d96d0	27	_ZN5daisy5video21CSpriteAnimationImage18getTexturePositionEv	mac-vtable:_ZTVN5daisy5video21CSpriteAnimationImageE:18
0x5d9720	1224	_ZN5daisy5video21CSpriteAnimationImage6draw3dERKN2ox4core9CVector3dIfEEffbNS2_5video6SColorE	mac-vtable:_ZTVN5daisy5video21CSpriteAnimationImageE:12
0x5d9bf0	420	_ZN5daisy5video21CSpriteAnimationImage11drawRotatedERKN2ox4core11CPosition2dIfEEffNS2_5video6SColorE	mac-vtable:_ZTVN5daisy5video21CSpriteAnimationImageE:9
0x5d9da0	12	_ZN5daisy5video21CSpriteAnimationImageD0Ev	mac-vtable:_ZTVN5daisy5video21CSpriteAnimationImageE:3
0x5d9db0	8	_ZN2ox5video21ISpriteAnimationImageD1Ev	mac-vtable:_ZTVN2ox5video21ISpriteAnimationImageE:2
0x5d9dc0	26	_ZN2ox5video21ISpriteAnimationImage6removeEv	mac-vtable:_ZTVN5daisy5video21CSpriteAnimationImageE:4
0x5d9de0	4	_ZN5daisy5video21CSpriteAnimationImage10getImageIdEv	mac-vtable:_ZTVN5daisy5video21CSpriteAnimationImageE:19
0x5d9df0	12	_ZN2ox5video21ISpriteAnimationImageD0Ev	mac-vtable:_ZTVN2ox5video21ISpriteAnimationImageE:3
0x5d9e00	287	_ZN5daisy5video27CSpriteAnimationImageBundle4drawERKN2ox4core11CPosition2dIiEEPKNS3_5CRectIiEENS2_5video6SColorE	mac-vtable:_ZTVN5daisy5video27CSpriteAnimationImageBundleE:5
0x5d9f20	2	_ZN5daisy5video27CSpriteAnimationImageBundle12drawMirroredERKN2ox4core11CPosition2dIfEEfNS2_5video6SColorE	mac-vtable:_ZTVN5daisy5video27CSpriteAnimationImageBundleE:10
0x5d9f30	2	_ZN5daisy5video27CSpriteAnimationImageBundle18drawMultipleColorsERKN2ox4core11CAffineRectIfEERKNS2_5video13SColorCornersE	mac-vtable:_ZTVN5daisy5video27CSpriteAnimationImageBundleE:6
0x5d9f40	2	_ZN5daisy5video27CSpriteAnimationImageBundle16drawCornerColorsERKN2ox4core11CAffineRectIfEERKNS2_5video13SColorCornersE	mac-vtable:_ZTVN5daisy5video27CSpriteAnimationImageBundleE:7
0x5d9f50	2	_ZN5daisy5video27CSpriteAnimationImageBundle10drawScaledERKN2ox4core11CPosition2dIfEEfNS2_5video6SColorE	mac-vtable:_ZTVN5daisy5video27CSpriteAnimationImageBundleE:8
0x5d9f60	2	_ZN5daisy5video27CSpriteAnimationImageBundle11drawRotatedERKN2ox4core11CPosition2dIfEEffNS2_5video6SColorE	mac-vtable:_ZTVN5daisy5video27CSpriteAnimationImageBundleE:9
0x5d9f70	2	_ZN5daisy5video27CSpriteAnimationImageBundle13drawFreeShapeERKN2ox4core11CPosition2dIfEES7_S7_S7_NS2_5video6SColorE	mac-vtable:_ZTVN5daisy5video27CSpriteAnimationImageBundleE:11
0x5d9f80	2	_ZN5daisy5video27CSpriteAnimationImageBundle6draw3dERKN2ox4core9CVector3dIfEEffbNS2_5video6SColorE	mac-vtable:_ZTVN5daisy5video27CSpriteAnimationImageBundleE:12
0x5d9f90	15	_ZN5daisy5video27CSpriteAnimationImageBundle9getOffsetEv	mac-vtable:_ZTVN5daisy5video27CSpriteAnimationImageBundleE:13
0x5d9fa0	15	_ZN5daisy5video27CSpriteAnimationImageBundle17getOriginalOffsetEv	mac-vtable:_ZTVN5daisy5video27CSpriteAnimationImageBundleE:14
0x5d9fb0	117	_ZN5daisy5video27CSpriteAnimationImageBundle7getSizeEv	mac-vtable:_ZTVN5daisy5video27CSpriteAnimationImageBundleE:15
0x5da030	15	_ZN5daisy5video27CSpriteAnimationImageBundle15getOriginalSizeEv	mac-vtable:_ZTVN5daisy5video27CSpriteAnimationImageBundleE:16
0x5da040	8	_ZN5daisy5video27CSpriteAnimationImageBundle10getTextureEv	mac-vtable:_ZTVN5daisy5video27CSpriteAnimationImageBundleE:17
0x5da050	31	_ZN5daisy5video27CSpriteAnimationImageBundle18getTexturePositionEv	mac-vtable:_ZTVN5daisy5video27CSpriteAnimationImageBundleE:18
0x5da0a0	41	_ZN5daisy5video27CSpriteAnimationImageBundleD0Ev	mac-vtable:_ZTVN5daisy5video27CSpriteAnimationImageBundleE:3
0x5da0d0	34	_ZN5daisy5video27CSpriteAnimationImageBundleD1Ev	mac-vtable:_ZTVN5daisy5video27CSpriteAnimationImageBundleE:2
0x5da4d0	4	_ZN5daisy5video27CSpriteAnimationImageBundle10getImageIdEv	mac-vtable:_ZTVN5daisy5video27CSpriteAnimationImageBundleE:19
0x5da7c0	119	_ZN5daisy5video21CSpriteAnimationState6removeEv	mac-vtable:_ZTVN5daisy5video21CSpriteAnimationStateE:4
0x5da840	52	_ZN5daisy5video21CSpriteAnimationState5resetEv	mac-vtable:_ZTVN5daisy5video21CSpriteAnimationStateE:5
0x5da880	224	_ZN5daisy5video21CSpriteAnimationState6updateEf	mac-vtable:_ZTVN5daisy5video21CSpriteAnimationStateE:6
0x5da960	21	_ZN5daisy5video21CSpriteAnimationState4drawERKN2ox4core11CPosition2dIiEEPKNS3_5CRectIiEENS2_5video6SColorE	mac-vtable:_ZTVN5daisy5video21CSpriteAnimationStateE:7
0x5da980	21	_ZN5daisy5video21CSpriteAnimationState12drawMirroredERKN2ox4core11CPosition2dIfEEfNS2_5video6SColorE	mac-vtable:_ZTVN5daisy5video21CSpriteAnimationStateE:12
0x5da9a0	21	_ZN5daisy5video21CSpriteAnimationState18drawMultipleColorsERKN2ox4core11CAffineRectIfEERKNS2_5video13SColorCornersE	mac-vtable:_ZTVN5daisy5video21CSpriteAnimationStateE:8
0x5da9c0	21	_ZN5daisy5video21CSpriteAnimationState16drawCornerColorsERKN2ox4core11CAffineRectIfEERKNS2_5video13SColorCornersE	mac-vtable:_ZTVN5daisy5video21CSpriteAnimationStateE:9
0x5da9e0	21	_ZN5daisy5video21CSpriteAnimationState10drawScaledERKN2ox4core11CPosition2dIfEEfNS2_5video6SColorE	mac-vtable:_ZTVN5daisy5video21CSpriteAnimationStateE:10
0x5daa00	21	_ZN5daisy5video21CSpriteAnimationState11drawRotatedERKN2ox4core11CPosition2dIfEEffNS2_5video6SColorE	mac-vtable:_ZTVN5daisy5video21CSpriteAnimationStateE:11
0x5daa20	21	_ZN5daisy5video21CSpriteAnimationState13drawFreeShapeERKN2ox4core11CPosition2dIfEES7_S7_S7_NS2_5video6SColorE	mac-vtable:_ZTVN5daisy5video21CSpriteAnimationStateE:13
0x5daa40	24	_ZN5daisy5video21CSpriteAnimationState6draw3dERKN2ox4core9CVector3dIfEEffbNS2_5video6SColorE	mac-vtable:_ZTVN5daisy5video21CSpriteAnimationStateE:14
0x5daa60	82	_ZN5daisy5video21CSpriteAnimationState14getFrameOffsetEi	mac-vtable:_ZTVN5daisy5video21CSpriteAnimationStateE:15
0x5daac0	82	_ZN5daisy5video21CSpriteAnimationState22getFrameOriginalOffsetEi	mac-vtable:_ZTVN5daisy5video21CSpriteAnimationStateE:16
0x5dab20	82	_ZN5daisy5video21CSpriteAnimationState12getFrameSizeEi	mac-vtable:_ZTVN5daisy5video21CSpriteAnimationStateE:17
0x5dab80	82	_ZN5daisy5video21CSpriteAnimationState20getFrameOriginalSizeEi	mac-vtable:_ZTVN5daisy5video21CSpriteAnimationStateE:18
0x5dabe0	48	_ZN5daisy5video21CSpriteAnimationState15getFrameTextureEi	mac-vtable:_ZTVN5daisy5video21CSpriteAnimationStateE:19
0x5dac10	96	_ZN5daisy5video21CSpriteAnimationState23getFrameTexturePositionEi	mac-vtable:_ZTVN5daisy5video21CSpriteAnimationStateE:20
0x5daca0	82	_ZN5daisy5video21CSpriteAnimationState5writeEPN2ox2io10IWriteFileE	mac-vtable:_ZTVN5daisy5video21CSpriteAnimationStateE:24
0x5dad00	91	_ZN5daisy5video21CSpriteAnimationState4readEPN2ox2io9IReadFileE	mac-vtable:_ZTVN5daisy5video21CSpriteAnimationStateE:23
0x5dad60	41	_ZN5daisy5video21CSpriteAnimationStateD0Ev	mac-vtable:_ZTVN5daisy5video21CSpriteAnimationStateE:3
0x5dad90	34	_ZN5daisy5video21CSpriteAnimationStateD1Ev	mac-vtable:_ZTVN5daisy5video21CSpriteAnimationStateE:2
0x5db0b0	8	_ZN2ox5video21ISpriteAnimationStateD1Ev	mac-vtable:_ZTVN2ox5video21ISpriteAnimationStateE:2
0x5db0c0	20	_ZN2ox5video21ISpriteAnimationState7setFlagEib	mac-vtable:_ZTVN5daisy5video21CSpriteAnimationStateE:21
0x5db0e0	11	_ZN2ox5video21ISpriteAnimationState7hasFlagEi	mac-vtable:_ZTVN5daisy5video21CSpriteAnimationStateE:22
0x5db0f0	12	_ZN2ox5video21ISpriteAnimationStateD0Ev	mac-vtable:_ZTVN2ox5video21ISpriteAnimationStateE:3
0x5db100	396	_ZN2ox4algo10CBase64url6decodeEPNS_2io10IWriteFileERKNS_4core7CStringIcEE	native-calls:CHighscoreScreen-createUCS2FromBase64UTF2
0x5db2c0	2614	_ZN2ox4algo10CBase64url6encodeERNS_4core7CStringIcEEPNS_2io9IReadFileE	manual: Mac CStatistics.cpp symbols and Linux field layout, native callees and FDE extent
0x5dd0d0	57	_ZN2ox4algo5CRand11performRandEi	match:ox/algo/CRand.cpp
0x5dd110	18	_ZN2ox4algo5CRand4randEv	match:ox/algo/CRand.cpp
0x5dd130	11	_ZN2ox4algo5CRand5resetEv	match:ox/algo/CRand.cpp
0x5dd140	17	_ZN2ox4algo5CRand5srandEi	match:ox/algo/CRand.cpp
0x5dd160	17	_ZN2ox4algo5CRand7nextIntEv	match:ox/algo/CRand.cpp
0x5dd180	53	_ZN2ox4algo5CRand7nextIntEi	match:ox/algo/CRand.cpp
0x5dd1c0	4	_ZN2ox4algo5CRand10setCurrentEi	match:ox/algo/CRand.cpp
0x5dd200	52	_ZN2ox4algo10CRegulatorC2Ev	match:ox/algo/CRegulator.cpp
0x5dd240	52	_ZN2ox4algo10CRegulatorC1Ev	match:ox/algo/CRegulator.cpp
0x5dd280	64	_ZN2ox4algo10CRegulatorC2Efffffbff	match:ox/algo/CRegulator.cpp
0x5dd2c0	64	_ZN2ox4algo10CRegulatorC1Efffffbff	match:ox/algo/CRegulator.cpp
0x5dd300	8	_ZN2ox4algo10CRegulatorD2Ev	match:ox/algo/CRegulator.cpp
0x5dd310	8	_ZN2ox4algo10CRegulatorD1Ev	mac-vtable:_ZTVN2ox4algo10CRegulatorE:2
0x5dd320	52	_ZN2ox4algo10CRegulator7restartEf	match:ox/algo/CRegulator.cpp
0x5dd360	189	_ZN2ox4algo10CRegulator6updateEf	match:ox/algo/CRegulator.cpp
0x5dd420	6	_ZN2ox4algo10CRegulator10getCurrentEv	match:ox/algo/CRegulator.cpp
0x5dd430	6	_ZN2ox4algo10CRegulator15setCurrentValueEf	match:ox/algo/CRegulator.cpp
0x5dd440	6	_ZN2ox4algo10CRegulator14setTargetValueEf	match:ox/algo/CRegulator.cpp
0x5dd450	6	_ZN2ox4algo10CRegulator4setPEf	match:ox/algo/CRegulator.cpp
0x5dd460	6	_ZN2ox4algo10CRegulator4setIEf	match:ox/algo/CRegulator.cpp
0x5dd470	6	_ZN2ox4algo10CRegulator4setDEf	match:ox/algo/CRegulator.cpp
0x5dd480	15	_ZN2ox4algo10CRegulator13setAntiWindupEbff	match:ox/algo/CRegulator.cpp
0x5dd490	179	_ZN2ox4algo12C3dRegulatorC2Ev	match:ox/algo/CRegulator.cpp
0x5dd550	179	_ZN2ox4algo12C3dRegulatorC1Ev	match:ox/algo/CRegulator.cpp
0x5dd610	254	_ZN2ox4algo12C3dRegulatorC2ERKNS_4core9CVector3dIfEES6_fffbff	match:ox/algo/CRegulator.cpp
0x5dd710	254	_ZN2ox4algo12C3dRegulatorC1ERKNS_4core9CVector3dIfEES6_fffbff	match:ox/algo/CRegulator.cpp
0x5dd810	32	_ZN2ox4algo12C3dRegulatorD2Ev	match:ox/algo/CRegulator.cpp
0x5dd830	32	_ZN2ox4algo12C3dRegulatorD1Ev	mac-vtable:_ZTVN2ox4algo12C3dRegulatorE:2
0x5dd850	170	_ZN2ox4algo12C3dRegulator7restartERKNS_4core9CVector3dIfEE	match:ox/algo/CRegulator.cpp
0x5dd900	109	_ZN2ox4algo12C3dRegulator6updateEf	match:ox/algo/CRegulator.cpp
0x5dd970	24	_ZN2ox4algo12C3dRegulator10getCurrentEv	match:ox/algo/CRegulator.cpp
0x5dd990	21	_ZN2ox4algo12C3dRegulator15setCurrentValueERKNS_4core9CVector3dIfEE	match:ox/algo/CRegulator.cpp
0x5dd9b0	21	_ZN2ox4algo12C3dRegulator14setTargetValueERKNS_4core9CVector3dIfEE	match:ox/algo/CRegulator.cpp
0x5dd9d0	19	_ZN2ox4algo12C3dRegulator4setPEf	match:ox/algo/CRegulator.cpp
0x5dd9f0	19	_ZN2ox4algo12C3dRegulator4setIEf	match:ox/algo/CRegulator.cpp
0x5dda10	19	_ZN2ox4algo12C3dRegulator4setDEf	match:ox/algo/CRegulator.cpp
0x5dda30	52	_ZN2ox4algo12C3dRegulator13setAntiWindupEbff	match:ox/algo/CRegulator.cpp
0x5ddaa0	394	_ZN2ox4algo12C3dRegulator19fakeSpeedRegulationERNS_4core9CVector3dIfEES5_RKS4_fff	match:ox/algo/CRegulator.cpp
0x5ddc30	12	_ZN2ox4algo10CRegulatorD0Ev	mac-vtable:_ZTVN2ox4algo10CRegulatorE:3
0x5ddc40	36	_ZN2ox4algo12C3dRegulatorD0Ev	mac-vtable:_ZTVN2ox4algo12C3dRegulatorE:3
0x5ddc70	382	_ZN2ox4algo12CSimplePress12compressDataEPhS2_iS2_	match:ox/algo/CSimplePress.cpp
0x5dddf0	20	_ZN2ox4algo12CSimplePress8compressEPhS2_i	match:ox/algo/CSimplePress.cpp
0x5dde10	185	_ZN2ox4algo12CSimplePress14deCompressDataEPhS2_iS2_	match:ox/algo/CSimplePress.cpp
0x5dded0	20	_ZN2ox4algo12CSimplePress10decompressEPhS2_i	match:ox/algo/CSimplePress.cpp
0x5ddf20	26	_ZN2ox4algo12CSimplePressD1Ev	mac-vtable:_ZTVN2ox4algo12CSimplePressE:2
0x5ddf40	26	_ZN2ox4algo12CSimplePressD2Ev	match:ox/algo/CSimplePress.cpp
0x5ddf60	34	_ZN2ox4algo12CSimplePressD0Ev	mac-vtable:_ZTVN2ox4algo12CSimplePressE:3
0x5ddf90	41	_ZN2ox4algo12CSimplePressC1Ev	match:ox/algo/CSimplePress.cpp
0x5ddfc0	41	_ZN2ox4algo12CSimplePressC2Ev	match:ox/algo/CSimplePress.cpp
0x5ddff0	82	_ZN2ox4algo12CSimplePress14deCompressDataEPhS2_i	match:ox/algo/CSimplePress.cpp
0x5de050	82	_ZN2ox4algo12CSimplePress12compressDataEPhS2_i	match:ox/algo/CSimplePress.cpp
0x5de0b0	22	_ZN2ox4algo12CTimeCounterC2Ev	match:ox/algo/CTimeCounter.cpp
0x5de0d0	22	_ZN2ox4algo12CTimeCounterC1Ev	match:ox/algo/CTimeCounter.cpp
0x5de0f0	8	_ZN2ox4algo12CTimeCounterD2Ev	match:ox/algo/CTimeCounter.cpp
0x5de100	8	_ZN2ox4algo12CTimeCounterD1Ev	mac-vtable:_ZTVN2ox4algo12CTimeCounterE:2
0x5de110	16	_ZN2ox4algo12CTimeCounter8putDelayEff	match:ox/algo/CTimeCounter.cpp
0x5de120	11	_ZN2ox4algo12CTimeCounter8setDelayEf	match:ox/algo/CTimeCounter.cpp
0x5de130	6	_ZN2ox4algo12CTimeCounter21overrideStartingValueEf	match:ox/algo/CTimeCounter.cpp
0x5de140	56	_ZN2ox4algo12CTimeCounter13updateCounterEf	match:ox/algo/CTimeCounter.cpp
0x5de180	16	_ZN2ox4algo12CTimeCounter9isStartedEv	match:ox/algo/CTimeCounter.cpp
0x5de190	16	_ZN2ox4algo12CTimeCounter9isDelayedEv	match:ox/algo/CTimeCounter.cpp
0x5de1a0	6	_ZN2ox4algo12CTimeCounter16getRemainingTimeEv	match:ox/algo/CTimeCounter.cpp
0x5de1b0	51	_ZN2ox4algo12CTimeCounter11getProgressEv	match:ox/algo/CTimeCounter.cpp
0x5de1f0	23	_ZN2ox4algo12CTimeCounter19getInvertedProgressEv	match:ox/algo/CTimeCounter.cpp
0x5de240	12	_ZN2ox4algo12CTimeCounterD0Ev	mac-vtable:_ZTVN2ox4algo12CTimeCounterE:3
0x5de2b0	90	_ZN2ox4core4CAesC1Ev	native-calls:CPlayState-save-encryption
0x5de310	18	_ZNK2ox4core4CAes20getEncryptedDataSizeEi	mac-vtable:_ZTVN2ox4core4CAesE:4
0x5de330	6	_ZNK2ox4core4CAes17getValidKeyLengthEv	mac-vtable:_ZTVN2ox4core4CAesE:5
0x5de340	6	_ZNK2ox4core4CAes12getShortNameEv	mac-vtable:_ZTVN2ox4core4CAesE:8
0x5de350	6	_ZNK2ox4core4CAes11getLongNameEv	mac-vtable:_ZTVN2ox4core4CAesE:9
0x5de9a0	218	_ZN2ox4core4CAesD1Ev	mac-vtable:_ZTVN2ox4core4CAesE:2
0x5ded50	214	_ZN2ox4core4CAes7decryptEPvPKvi	mac-vtable:_ZTVN2ox4core4CAesE:7
0x5dee30	23	_ZNK2ox4core4CAes10isKeyValidEPKNS0_10CCipherKeyE	mac-vtable:_ZTVN2ox4core4CAesE:10
0x5dee50	216	_ZN2ox4core4CAesD0Ev	mac-vtable:_ZTVN2ox4core4CAesE:3
0x5def30	315	_ZN2ox4core4CAes7encryptEPvPKvi	mac-vtable:_ZTVN2ox4core4CAesE:6
0x5df070	34	_ZN2ox4core7ICipherD1Ev	mac-vtable:_ZTVN2ox4core7ICipherE:2
0x5df0a0	6	_ZNK2ox4core7ICipher12getShortNameEv	mac-vtable:_ZTVN2ox4core7ICipherE:8
0x5df0b0	6	_ZNK2ox4core7ICipher11getLongNameEv	mac-vtable:_ZTVN2ox4core7ICipherE:9
0x5df0c0	41	_ZN2ox4core7ICipherD0Ev	mac-vtable:_ZTVN2ox4core7ICipherE:3
0x5df120	231	_ZN2ox4core6CBasic13getTimeStringEiPc	match:ox/core/CBasic.cpp
0x5df210	58	_ZN2ox4core6CBasic13getTimeStringEPc	match:ox/core/CBasic.cpp
0x5df250	4	_ZNK2ox4core10CCipherKey12getKeyLengthEv	match:ox/core/CCipherKey.cpp
0x5df260	5	_ZNK2ox4core10CCipherKey6getKeyEv	match:ox/core/CCipherKey.cpp
0x5df270	2	_ZNK2ox4core10CCipherKey8printKeyEb	match:ox/core/CCipherKey.cpp
0x5df2b0	251	_ZN2ox4core10CCipherKeyC1EPKc	match:ox/core/CCipherKey.cpp
0x5df3b0	251	_ZN2ox4core10CCipherKeyC2EPKc	match:ox/core/CCipherKey.cpp
0x5df4b0	95	_ZN2ox4core10CCipherKeyC1EPKvi	match:ox/core/CCipherKey.cpp
0x5df510	95	_ZN2ox4core10CCipherKeyC2EPKvi	match:ox/core/CCipherKey.cpp
0x5df570	29	_ZN2ox4core10CCipherKeyD0Ev	mac-vtable:_ZTVN2ox4core10CCipherKeyE:3
0x5df590	16	_ZN2ox4core10CCipherKeyD1Ev	mac-vtable:_ZTVN2ox4core10CCipherKeyE:2
0x5df5a0	16	_ZN2ox4core10CCipherKeyD2Ev	match:ox/core/CCipherKey.cpp
0x5df5e0	9	_ZN2ox4core16CCriticalSection5leaveEv	reloc:ox/net/CHTTPConnectionHandler.cpp:_ZN2ox3net22CHTTPConnectionHandler11isConnectedEv
0x5df5f0	9	_ZN2ox4core16CCriticalSection5enterEv	reloc:ox/net/CHTTPConnectionHandler.cpp:_ZN2ox3net22CHTTPConnectionHandler11isConnectedEv
0x5df600	16	_ZN2ox4core16CCriticalSectionD1Ev	mac-vtable:_ZTVN2ox4core16CCriticalSectionE:2
0x5df610	16	_ZN2ox4core16CCriticalSectionD2Ev	match:ox/core/CCriticalSection.cpp
0x5df620	29	_ZN2ox4core16CCriticalSectionD0Ev	mac-vtable:_ZTVN2ox4core16CCriticalSectionE:3
0x5df640	18	_ZN2ox4core16CCriticalSectionC1Ev	reloc:ox/net/CHTTPConnectionHandler.cpp:_ZN2ox3net22CHTTPConnectionHandlerC1Ev
0x5df660	18	_ZN2ox4core16CCriticalSectionC2Ev	match:ox/core/CCriticalSection.cpp
0x5df680	23	_ZN2ox4core12CHiddenFloat8getValueEv	match:ox/core/CHiddenFloat.cpp
0x5df6d0	74	_ZN2ox4core12CHiddenFloat4readEPNS_2io9IReadFileE	match:ox/core/CHiddenFloat.cpp
0x5df720	62	_ZN2ox4core12CHiddenFloat5writeEPNS_2io10IWriteFileE	match:ox/core/CHiddenFloat.cpp
0x5df760	129	_ZN2ox4core12CHiddenFloat11modifyValueEfff	match:ox/core/CHiddenFloat.cpp
0x5df7f0	124	_ZN2ox4core12CHiddenFloat11modifyValueEf	match:ox/core/CHiddenFloat.cpp
0x5df870	107	_ZN2ox4core12CHiddenFloat8setValueEf	match:ox/core/CHiddenFloat.cpp
0x5df8e0	122	_ZN2ox4core12CHiddenFloatC1ERKS1_	match:ox/core/CHiddenFloat.cpp
0x5df960	122	_ZN2ox4core12CHiddenFloatC2ERKS1_	match:ox/core/CHiddenFloat.cpp
0x5df9e0	96	_ZN2ox4core12CHiddenFloatC1Ef	match:ox/core/CHiddenFloat.cpp
0x5dfa40	96	_ZN2ox4core12CHiddenFloatC2Ef	match:ox/core/CHiddenFloat.cpp
0x5dfaa0	91	_ZN2ox4core12CHiddenFloatC1Ev	match:ox/core/CHiddenFloat.cpp
0x5dfb00	91	_ZN2ox4core12CHiddenFloatC2Ev	match:ox/core/CHiddenFloat.cpp
0x5dfb60	38	_ZN2ox4core12CHiddenFloatD0Ev	mac-vtable:_ZTVN2ox4core12CHiddenFloatE:3
0x5dfb90	30	_ZN2ox4core12CHiddenFloatD1Ev	mac-vtable:_ZTVN2ox4core12CHiddenFloatE:2
0x5dfbb0	30	_ZN2ox4core12CHiddenFloatD2Ev	match:ox/core/CHiddenFloat.cpp
0x5dfc00	74	_ZN2ox4core10CHiddenInt4readEPNS_2io9IReadFileE	match:ox/core/CHiddenInt.cpp
0x5dfc50	62	_ZN2ox4core10CHiddenInt5writeEPNS_2io10IWriteFileE	match:ox/core/CHiddenInt.cpp
0x5dfc90	127	_ZN2ox4core10CHiddenInt11modifyValueEiii	match:ox/core/CHiddenInt.cpp
0x5dfd10	115	_ZN2ox4core10CHiddenInt11modifyValueEi	match:ox/core/CHiddenInt.cpp
0x5dfd90	98	_ZN2ox4core10CHiddenInt8setValueEi	match:ox/core/CHiddenInt.cpp
0x5dfe00	24	_ZN2ox4core10CHiddenInt8getValueEv	match:ox/core/CHiddenInt.cpp
0x5dfe20	111	_ZN2ox4core10CHiddenIntC1ERKS1_	match:ox/core/CHiddenInt.cpp
0x5dfe90	111	_ZN2ox4core10CHiddenIntC2ERKS1_	match:ox/core/CHiddenInt.cpp
0x5dff00	100	_ZN2ox4core10CHiddenIntC1Ei	match:ox/core/CHiddenInt.cpp
0x5dff70	100	_ZN2ox4core10CHiddenIntC2Ei	match:ox/core/CHiddenInt.cpp
0x5dffe0	91	_ZN2ox4core10CHiddenIntC1Ev	match:ox/core/CHiddenInt.cpp
0x5e0040	91	_ZN2ox4core10CHiddenIntC2Ev	match:ox/core/CHiddenInt.cpp
0x5e00a0	38	_ZN2ox4core10CHiddenIntD0Ev	mac-vtable:_ZTVN2ox4core10CHiddenIntE:3
0x5e00d0	30	_ZN2ox4core10CHiddenIntD1Ev	mac-vtable:_ZTVN2ox4core10CHiddenIntE:2
0x5e00f0	30	_ZN2ox4core10CHiddenIntD2Ev	match:ox/core/CHiddenInt.cpp
0x5e0110	96	_ZN2ox4core5CMath19getEstimateDistanceERKNS0_11CPosition2dIfEES5_	manual:Mac-symbol+amd64-alien-calls-and-instructions
0x5e0170	31	_ZN2ox4core5CMath18getSquaredDistanceERKNS0_11CPosition2dIfEES5_	reloc:HarvestFull/harvest/entity/CConstructionEntity.cpp:_ZN7harvest6entity19CConstructionEntity26handleDoubleClickSelectionEv
0x5e0620	47	_ZN2ox4core5CMath18clockWiseClosestIYEff	reloc:HarvestFull/harvest/entity/CDefenseTowerEntity.cpp:_ZN7harvest6entity19CDefenseTowerEntity19rotateTowardsTargetEf
0x5e07f0	121	_ZN2ox4core5CMath10getAngleIYERKNS0_11CPosition2dIfEES5_	reloc:HarvestFull/harvest/entity/CDefenseTowerEntity.cpp:_ZN7harvest6entity19CDefenseTowerEntity19rotateTowardsTargetEf
0x5e0870	35	_ZN2ox4core5CMath16getExactDistanceERKNS0_11CPosition2dIfEES5_	native-calls:CPlayState::updateState-placement-distance
0x5e08d0	4325	_ZN2ox4core16CStringFunctions18millisecondsToWideEfb	manual:Mac-callers-millisecondsToWide
0x5e19f0	18	_ZN2ox4core7CThreadD1Ev	mac-vtable:_ZTVN2ox4core7CThreadE:2
0x5e1a10	18	_ZN2ox4core7CThreadD2Ev	match:ox/core/CThread.cpp
0x5e1a30	31	_ZN2ox4core7CThreadD0Ev	mac-vtable:_ZTVN2ox4core7CThreadE:3
0x5e1a50	11	_ZN2ox4core7CThread5sleepEj	match:ox/core/CThread.cpp
0x5e1a60	28	_ZN2ox4core7CThreadC1EPFvPvES2_	reloc:ox/net/CHTTPConnectionHandler.cpp:_ZN2ox3net22CHTTPConnectionHandler5doGetERKNS_4core7CStringIcEERKNS3_IwEEj
0x5e1a80	28	_ZN2ox4core7CThreadC2EPFvPvES2_	match:ox/core/CThread.cpp
0x5e1aa0	26	_ZN2ox6entity9COxEntityC2Ei	match:ox/entity/COxEntity.cpp
0x5e1ac0	26	_ZN2ox6entity9COxEntityC1Ei	match:ox/entity/COxEntity.cpp
0x5e1ae0	30	_ZN2ox6entity9COxEntityC2Eifff	match:ox/entity/COxEntity.cpp
0x5e1b00	30	_ZN2ox6entity9COxEntityC1Eifff	match:ox/entity/COxEntity.cpp
0x5e1b20	31	_ZN2ox6entity9COxEntityC2EiRKNS_4core11CPosition2dIiEE	match:ox/entity/COxEntity.cpp
0x5e1b40	31	_ZN2ox6entity9COxEntityC1EiRKNS_4core11CPosition2dIiEE	match:ox/entity/COxEntity.cpp
0x5e1b60	27	_ZN2ox6entity9COxEntityC2EiRKNS_4core11CPosition2dIfEE	match:ox/entity/COxEntity.cpp
0x5e1b80	27	_ZN2ox6entity9COxEntityC1EiRKNS_4core11CPosition2dIfEE	match:ox/entity/COxEntity.cpp
0x5e1ba0	32	_ZN2ox6entity9COxEntityC2EiRKNS_4core9CVector3dIfEE	match:ox/entity/COxEntity.cpp
0x5e1bc0	32	_ZN2ox6entity9COxEntityC1EiRKNS_4core9CVector3dIfEE	match:ox/entity/COxEntity.cpp
0x5e1be0	8	_ZN2ox6entity9COxEntityD2Ev	match:ox/entity/COxEntity.cpp
0x5e1bf0	8	_ZN2ox6entity9COxEntityD1Ev	mac-vtable:_ZTVN2ox6entity9COxEntityE:2
0x5e1c00	4	_ZNK2ox6entity9COxEntity5getIdEv	match:ox/entity/COxEntity.cpp
0x5e1c10	4	_ZN2ox6entity9COxEntity5setIdEi	match:ox/entity/COxEntity.cpp
0x5e1c20	5	_ZN2ox6entity9COxEntity10killEntityEv	mac-vtable:_ZTVN2ox6entity9COxEntityE:7
0x5e1c30	5	_ZN2ox6entity9COxEntity8isKilledEv	mac-vtable:_ZTVN2ox6entity9COxEntityE:8
0x5e1c40	2	_ZN2ox6entity9COxEntity13notifyRemovedEv	mac-vtable:_ZTVN2ox6entity9COxEntityE:9
0x5e1c50	5	_ZNK2ox6entity9COxEntity11getPositionEv	match:ox/entity/COxEntity.cpp
0x5e1c60	16	_ZN2ox6entity9COxEntity11setPositionEfff	mac-vtable:_ZTVN7harvest6entity12CAlienEntityE:10
0x5e1c70	27	_ZN2ox6entity9COxEntity11setPositionERKNS_4core11CPosition2dIiEE	mac-vtable:_ZTVN7harvest6entity12CAlienEntityE:11
0x5e1c90	19	_ZN2ox6entity9COxEntity11setPositionERKNS_4core11CPosition2dIfEE	mac-vtable:_ZTVN7harvest6entity12CAlienEntityE:12
0x5e1cb0	18	_ZN2ox6entity9COxEntity11setPositionERKNS_4core9CVector3dIfEE	mac-vtable:_ZTVN7harvest6entity12CAlienEntityE:13
0x5e1cd0	3	_ZNK2ox6entity9COxEntity14getRenderLayerEv	mac-vtable:_ZTVN2ox6entity9COxEntityE:14
0x5e1d10	12	_ZN2ox6entity9COxEntityD0Ev	mac-vtable:_ZTVN2ox6entity9COxEntityE:3
0x5e1d20	5	_ZN2ox6entity16COxEntityManager13getRenderListEv	native-calls:entity-manager-construction-and-render-list
0x5e1d30	12	_ZNK2ox6entity16COxEntityManager13getEntityListEi	reloc:HarvestFull/harvest/entity/CConstructionEntity.cpp:_ZN7harvest6entity19CConstructionEntity26handleDoubleClickSelectionEv
0x5e1d40	109	_ZN2ox6entity16COxEntityManager15findFirstEntityEiPNS0_19ITestEntityFunctionE	mac-vtable:_ZTVN7harvest6entity14CEntityManagerE:7
0x5e1db0	112	_ZN2ox6entity16COxEntityManager14findBestEntityEiPNS0_23ITestBestEntityFunctionE	mac-vtable:_ZTVN7harvest6entity14CEntityManagerE:8
0x5e1e20	211	_ZN2ox6entity16COxEntityManager15updateReferenceERNS0_16SEntityReferenceEib	reloc:HarvestFull/harvest/entity/CSparkEntity.cpp:_ZN7harvest6entity12CSparkEntity11updateLogicEf
0x5e1f00	4	_ZNK2ox6entity16COxEntityManager16getUpdateCounterEv	reloc:HarvestFull/harvest/entity/CSparkEntity.cpp:_ZN7harvest6entity12CSparkEntity11updateLogicEf
0x5e1f10	38	_GLOBAL__I__ZN2ox6entity16COxEntityManagerC2Ei	native-layout:ox-entity-manager-constructor-and-startup
0x5e1f40	125	_ZN2ox6entity16COxEntityManager12locateEntityEii	mac-vtable:_ZTVN7harvest6entity14CEntityManagerE:6
0x5e1fc0	241	_ZN2ox6entity16COxEntityManagerC1Ei	native-layout:ox-entity-manager-constructor-and-startup
0x5e20c0	118	_ZN2ox6entity16COxEntityManager12appendEntityEPNS0_9COxEntityEi	mac-vtable:_ZTVN7harvest6entity14CEntityManagerE:5
0x5e2140	159	_ZN2ox6entity16COxEntityManager15findAllEntitiesERNS_6TArrayIPNS0_9COxEntityEEEiPNS0_19ITestEntityFunctionE	mac-vtable:_ZTVN7harvest6entity14CEntityManagerE:9
0x5e21e0	396	_ZN2ox6entity16COxEntityManagerD0Ev	mac-vtable:_ZTVN2ox6entity16COxEntityManagerE:3
0x5e2370	396	_ZN2ox6entity16COxEntityManagerD1Ev	mac-vtable:_ZTVN2ox6entity16COxEntityManagerE:2
0x5e2500	396	_ZN2ox6entity16COxEntityManagerD2Ev	reloc:HarvestFull/harvest/entity/CEntityManager.cpp:_ZN7harvest6entity14CEntityManagerD1Ev
0x5e2690	241	_ZN2ox6entity16COxEntityManagerC2Ei	native-calls:entity-manager-construction-and-render-list
0x5e2790	965	_ZN2ox6entity16COxEntityManager17updateAllEntitiesEfRKNS_4core5CRectIfEE	mac-vtable:_ZTVN7harvest6entity14CEntityManagerE:4
0x5e2b60	443	_ZSt16__insertion_sortIN9__gnu_cxx17__normal_iteratorIPPN2ox6entity9COxEntityESt6vectorIS5_SaIS5_EEEENS2_4algo19SPointerSortFunctorIS5_EEEvT_SE_T0_	native-calls:ox-entity-manager-render-sort
0x5e2d20	594	_ZSt13__adjust_heapIN9__gnu_cxx17__normal_iteratorIPPN2ox6entity9COxEntityESt6vectorIS5_SaIS5_EEEElS5_NS2_4algo19SPointerSortFunctorIS5_EEEvT_T0_SF_T1_T2_	native-calls:ox-entity-manager-render-sort
0x5e2f80	315	_ZSt13__heap_selectIN9__gnu_cxx17__normal_iteratorIPPN2ox6entity9COxEntityESt6vectorIS5_SaIS5_EEEENS2_4algo19SPointerSortFunctorIS5_EEEvT_SE_SE_T0_	native-calls:ox-entity-manager-render-sort
0x5e30c0	1258	_ZSt16__introsort_loopIN9__gnu_cxx17__normal_iteratorIPPN2ox6entity9COxEntityESt6vectorIS5_SaIS5_EEEElNS2_4algo19SPointerSortFunctorIS5_EEEvT_SE_T0_T1_	native-calls:ox-entity-manager-render-sort
0x5e35b0	79	_ZN2ox5event20CEventSubscriberList7OnEventERKNS0_6SEventE	mac-vtable:_ZTVN2ox5event20CEventSubscriberListE:2
0x5e3740	42	_ZN2ox5event14IEventReceiverD0Ev	mac-vtable:_ZTVN2ox5event14IEventReceiverE:4
0x5e3770	34	_ZN2ox5event14IEventReceiverD1Ev	mac-vtable:_ZTVN2ox5event14IEventReceiverE:3
0x5e37a0	34	_ZN2ox5event14IEventReceiverD2Ev	reloc:ox/net/CHTTPConnectionHandler.cpp:_ZN2ox3net22CHTTPConnectionHandlerD1Ev
0x5e37d0	178	_ZN2ox5event20CEventSubscriberList16postDelayedEventERKNS0_6SEventE	reloc:HarvestFull/harvest/game/CLuaManager.cpp:_ZN7harvest4game21harvest_spawnMineralsEP9lua_State
0x5e38e0	18	_ZN2ox5event14IEventReceiver9subscribeEPNS0_20CEventSubscriberListE	native-calls:super-receiver-subscribes
0x5e3ae0	184	_ZN2ox5event20CEventSubscriberListD0Ev	mac-vtable:_ZTVN2ox5event20CEventSubscriberListE:4
0x5e3ba0	176	_ZN2ox5event20CEventSubscriberListD1Ev	mac-vtable:_ZTVN2ox5event20CEventSubscriberListE:3
0x5e4100	5	_ZN2ox4game12CConfigBlock12getBlockNameEv	manual:Mac-getBlockName-returns-name-at-8
0x5e4690	201	_ZN2ox4game12CConfigBlockD0Ev	mac-vtable:_ZTVN2ox4game12CConfigBlockE:3
0x5e4760	208	_ZN2ox4game12CConfigBlockD1Ev	mac-vtable:_ZTVN2ox4game12CConfigBlockE:2
0x5e4c20	214	_ZN2ox4game12CConfigBlock15attributeExistsEPKw	native-calls:loadCreativeBuildingList-attribute-names
0x5e4d00	266	_ZN2ox4game12CConfigBlock19getAttributeAsFloatEPKw	native-calls:loadCreativeBuildingList-radius
0x5e5ed0	249	_ZN2ox4game12CConfigBlock12getAttributeEPKwRNS_4core7CStringIwEE	native-calls:loadCreativeBuildingList-attribute-values
0x5e5fd0	222	_ZN2ox4game12CConfigBlock17getAttributeAsIntEPKw	native-calls:loadCreativeBuildingList-minerals-energy
0x5e6530	36	_ZN2ox4game14CConfigurationC2EPNS_2io11IFileSystemE	reloc:HarvestFull/harvest/settings/CSystemConfig.cpp:_ZN7harvest8settings13CSystemConfig23performOpenLanguageFileERKN2ox4core7CStringIcEE
0x5e6560	36	_ZN2ox4game14CConfigurationC1EPNS_2io11IFileSystemE	native-calls:new-CConfiguration-0x28
0x5e65f0	5	_ZN2ox4game14CConfiguration9getBlocksEv	manual:Mac-getBlocks-returns-block-vector-at-0x10
0x5e6600	143	_ZN2ox4game14CConfiguration8getBlockERKNS_4core7CStringIwEE	manual:block-name-search-over-blocks-at-0x10
0x5e66d0	139	_ZN2ox4game14CConfigurationD0Ev	mac-vtable:_ZTVN2ox4game14CConfigurationE:3
0x5e6760	149	_ZN2ox4game14CConfigurationD1Ev	mac-vtable:_ZTVN2ox4game14CConfigurationE:2
0x5e6800	149	_ZN2ox4game14CConfigurationD2Ev	reloc:HarvestFull/harvest/settings/CSystemConfig.cpp:_ZN2ox4game17CTextLocalizationD0Ev
0x5e6930	42	_ZN2ox4game14CConfiguration5writeEPKc	reloc:HarvestFull/harvest/settings/CSystemConfig.cpp:_ZN7harvest8settings13CSystemConfig10saveConfigEv
0x5e6f90	439	_ZN2ox4game14CConfiguration12setAttributeERKNS_4core7CStringIwEES6_	manual:Mac-setAttribute-CString-overload
0x5e7150	496	_ZN2ox4game14CConfiguration20setAttributeAsBase64ERKNS_4core7CStringIwEES6_	reloc:HarvestFull/harvest/settings/CSystemConfig.cpp:_ZN7harvest8settings13CSystemConfig20addLicenseKeySettingERKN2ox4core7CStringIwEE
0x5e7340	326	_ZN2ox4game14CConfiguration12getAttributeERKNS_4core7CStringIwEERS4_	manual:Mac-getAttribute-CString-overload
0x5e7870	249	_ZN2ox4game14CConfiguration22getAttributeFromBase64EPKwRNS_4core7CStringIwEE	reloc:HarvestFull/harvest/settings/CSystemConfig.cpp:_ZN7harvest8settings13CSystemConfig20getLicenseKeySettingEv
0x5e7970	265	_ZN2ox4game14CConfiguration15attributeExistsERKNS_4core7CStringIwEE	manual:Mac-attributeExists-CString-overload
0x5e7a80	266	_ZN2ox4game14CConfiguration19getAttributeAsFloatEPKw	reloc:HarvestFull/harvest/settings/CSystemConfig.cpp:_ZN7harvest8settings13CSystemConfig14getScrollSpeedEv
0x5e7b90	460	_ZN2ox4game14CConfiguration12setAttributeEPKwf	reloc:HarvestFull/harvest/settings/CSystemConfig.cpp:_ZN7harvest8settings13CSystemConfig14setScrollSpeedEf
0x5e7d60	241	_ZN2ox4game14CConfiguration15attributeExistsEPKw	reloc:HarvestFull/harvest/settings/CSystemConfig.cpp:_ZN7harvest8settings13CSystemConfig10isFirstRunEv
0x5e7e60	466	_ZN2ox4game14CConfiguration12setAttributeEPKwS3_	reloc:HarvestFull/harvest/settings/CSystemConfig.cpp:_ZN7harvest8settings13CSystemConfig14setVideoDriverEPKw
0x5e8040	729	_ZN2ox4game14CConfiguration12setAttributeEPKwi	reloc:HarvestFull/harvest/settings/CSystemConfig.cpp:_ZN7harvest8settings13CSystemConfig18setParticleSettingEi
0x5e8320	249	_ZN2ox4game14CConfiguration12getAttributeEPKwRNS_4core7CStringIwEE	reloc:HarvestFull/harvest/settings/CSystemConfig.cpp:_ZN7harvest8settings13CSystemConfig14getVideoDriverEv
0x5e8420	249	_ZN2ox4game14CConfiguration17getAttributeAsIntEPKw	reloc:HarvestFull/harvest/settings/CSystemConfig.cpp:_ZN7harvest8settings13CSystemConfig18getParticleSettingEv
0x5e9c90	34	_ZN2ox4game14CConfiguration4readEPKc	reloc:HarvestFull/harvest/settings/CSystemConfig.cpp:_ZN7harvest8settings13CSystemConfig23performOpenLanguageFileERKN2ox4core7CStringIcEE
0x5e9e60	29	_ZN2ox4game9CGameMain5clearEv	mac-vtable:_ZTVN7harvest16CHarvestFullMainE:4
0x5e9e80	49	_ZN2ox4game9CGameMainD1Ev	mac-vtable:_ZTVN2ox4game9CGameMainE:2
0x5e9ec0	49	_ZN2ox4game9CGameMainD2Ev	native-calls:harvest-main-destructor-base
0x5e9f20	5	_ZN2ox4game9CGameMain9isRunningEv	native-calls:main-loop-condition
0x5e9f80	2	_ZN2ox4game9CGameMain10updateMainEf	mac-vtable:_ZTVN2ox4game9CGameMainE:5
0x5e9fc0	179	_ZN2ox4game9CGameMain8setStateEi	native-calls:harvest-main-init-starts-intro
0x5ea080	329	_ZN2ox4game9CGameMain6updateEv	mac-vtable:_ZTVN7harvest16CHarvestFullMainE:7
0x5ea1d0	57	_ZN2ox4game9CGameMainD0Ev	mac-vtable:_ZTVN2ox4game9CGameMainE:3
0x5ea290	116	_ZN2ox4game9CGameMainC2Ev	native-calls:harvest-main-constructor-base
0x5ea310	981	_ZN2ox4game9CGameMain10checkFilesEPPc	mac-vtable:_ZTVN7harvest16CHarvestFullMainE:9
0x5ea6f0	56	_ZN2ox4game10CGameStateC2Ev	match:ox/game/CGameState.cpp
0x5ea730	56	_ZN2ox4game10CGameStateC1Ev	match:ox/game/CGameState.cpp
0x5ea770	159	_ZN2ox4game10CGameState9daisyInitEPNS_9IOxDeviceE	match:ox/game/CGameState.cpp
0x5ea810	22	_ZN2ox4game10CGameState9firstInitEPNS_9IOxDeviceE	mac-vtable:_ZTVN2ox4game10CGameStateE:5
0x5ea830	10	_ZN2ox4game10CGameState16returnFailedInitEPc	match:ox/game/CGameState.cpp
0x5ea840	5	_ZN2ox4game10CGameState15getErrorMessageEv	match:ox/game/CGameState.cpp
0x5ea880	12	_ZN2ox4game10CGameStateD1Ev	mac-vtable:_ZTVN2ox4game10CGameStateE:3
0x5ea890	12	_ZN2ox4game10CGameStateD2Ev	match:ox/game/CGameState.cpp
0x5ea8a0	25	_ZN2ox4game10CGameStateD0Ev	mac-vtable:_ZTVN2ox4game10CGameStateE:4
0x5eabc0	227	_ZN2ox3gui11IGUIElement6removeEv	mac-vtable:_ZTVN5daisy3gui15CGUIEnvironmentE:61
0x5eacc0	341	_ZN2ox3gui11IGUIElementD1Ev	mac-vtable:_ZTVN2ox3gui11IGUIElementE:2
0x5eae30	348	_ZN2ox3gui11IGUIElementD0Ev	mac-vtable:_ZTVN2ox3gui11IGUIElementE:3
0x5eaf90	37	_ZN2ox2io7CHelpIO7readIntEPNS0_9IReadFileE	reloc:ox/core/CHiddenFloat.cpp:_ZN2ox4core12CHiddenFloat4readEPNS_2io9IReadFileE
0x5eafc0	37	_ZN2ox2io7CHelpIO8readUIntEPNS0_9IReadFileE	match:ox/io/CHelpIO.cpp
0x5eaff0	39	_ZN2ox2io7CHelpIO9readFloatEPNS0_9IReadFileE	reloc:HarvestFull/harvest/game/CThreatLevel.cpp:_ZN7harvest4game17CThreatLevelLogic4readEPN2ox2io9IReadFileEi
0x5eb020	35	_ZN2ox2io7CHelpIO8readByteEPNS0_9IReadFileE	manual:Mac-symbol+amd64-alien-save-and-Lua-instructions
0x5eb050	37	_ZN2ox2io7CHelpIO9readShortEPNS0_9IReadFileE	match:ox/io/CHelpIO.cpp
0x5eb080	37	_ZN2ox2io7CHelpIO10readUShortEPNS0_9IReadFileE	match:ox/io/CHelpIO.cpp
0x5eb0b0	29	_ZN2ox2io7CHelpIO8writeIntEPNS0_10IWriteFileEi	reloc:ox/core/CHiddenFloat.cpp:_ZN2ox4core12CHiddenFloat5writeEPNS_2io10IWriteFileE
0x5eb0d0	29	_ZN2ox2io7CHelpIO9writeUIntEPNS0_10IWriteFileEj	match:ox/io/CHelpIO.cpp
0x5eb0f0	31	_ZN2ox2io7CHelpIO10writeFloatEPNS0_10IWriteFileEf	reloc:HarvestFull/harvest/game/CThreatLevel.cpp:_ZN7harvest4game16CThreatLevelWave21writeGameModeSpecificEPN2ox2io10IWriteFileE
0x5eb110	30	_ZN2ox2io7CHelpIO9writeByteEPNS0_10IWriteFileEh	manual:Mac-symbol+amd64-alien-save
0x5eb130	30	_ZN2ox2io7CHelpIO10writeShortEPNS0_10IWriteFileEs	manual: Mac CStatistics.cpp symbols and Linux field layout, native callees and FDE extent
0x5eb150	30	_ZN2ox2io7CHelpIO11writeUShortEPNS0_10IWriteFileEt	match:ox/io/CHelpIO.cpp
0x5eb170	78	_ZN2ox2io7CHelpIO11writeStringEPNS0_10IWriteFileERKNS_4core7CStringIcEE	reloc:HarvestFull/harvest/entity/CConstructionEntity.cpp:_ZN7harvest6entity19CConstructionEntity15writeEntityDataEPN2ox2io10IWriteFileE
0x5eb1c0	94	_ZN2ox2io7CHelpIO15writeWideStringEPNS0_10IWriteFileERKNS_4core7CStringIwEEb	manual: Mac CStatistics.cpp symbols and Linux field layout, native callees and FDE extent
0x5eb220	38	_GLOBAL__I__ZN2ox2io7CHelpIO7readIntEPNS0_9IReadFileE	manual:CHelpIO Linux iostream initialization and FDE extent
0x5eb250	277	_ZN2ox2io7CHelpIO20readStringWithLengthEPNS0_9IReadFileERNS_4core7CStringIcEE	manual:CHelpIO Mac signature and Linux FDE length-prefixed allocation
0x5eb370	927	_ZN2ox2io7CHelpIO14readWideStringEPNS0_9IReadFileERNS_4core7CStringIwEE	manual:CHelpIO Mac signature and Linux FDE calls readUShort
0x5eb710	886	_ZN2ox2io7CHelpIO10readStringEPNS0_9IReadFileERNS_4core7CStringIcEE	reloc:HarvestFull/harvest/entity/CConstructionEntity.cpp:_ZN7harvest6entity19CConstructionEntity14readEntityDataEPN2ox2io9IReadFileEi
0x5eba90	1829	_ZN2ox2io7CHelpIO19getNextFreeFilenameEPNS0_11IFileSystemEPKcS5_	manual:CHelpIO Mac signature and Linux FDE decimal filename loop
0x5ec1c0	40	_ZN2ox2io12CMemReadFileC2EPvib	match:ox/io/CMemReadFile.cpp
0x5ec1f0	40	_ZN2ox2io12CMemReadFileC1EPvib	match:ox/io/CMemReadFile.cpp
0x5ec220	33	_ZN2ox2io12CMemReadFile4seekEib	mac-vtable:_ZTVN5daisy2io15CMemoryReadFileE:6
0x5ec250	4	_ZN2ox2io12CMemReadFile7getSizeEv	mac-vtable:_ZTVN5daisy2io15CMemoryReadFileE:7
0x5ec260	4	_ZN2ox2io12CMemReadFile6getPosEv	mac-vtable:_ZTVN5daisy2io15CMemoryReadFileE:8
0x5ec270	8	_ZN2ox2io12CMemReadFile17getCurrentPointerEv	mac-vtable:_ZTVN5daisy2io15CMemoryReadFileE:11
0x5ec280	7	_ZN2ox2io12CMemReadFile16getRemainingSizeEv	mac-vtable:_ZTVN5daisy2io15CMemoryReadFileE:12
0x5ec2c0	65	_ZN2ox2io12CMemReadFile4readEPvi	mac-vtable:_ZTVN5daisy2io15CMemoryReadFileE:4
0x5ec310	40	_ZN2ox2io12CMemReadFileD1Ev	mac-vtable:_ZTVN2ox2io12CMemReadFileE:2
0x5ec340	40	_ZN2ox2io12CMemReadFileD2Ev	match:ox/io/CMemReadFile.cpp
0x5ec370	47	_ZN2ox2io12CMemReadFileD0Ev	mac-vtable:_ZTVN2ox2io12CMemReadFileE:3
0x5ec3a0	6	_ZN2ox2io12CMemReadFile11getFileNameEv	mac-vtable:_ZTVN2ox2io12CMemReadFileE:9
0x5ec3b0	52	_ZN2ox2io13CMemWriteFileC2Ev	match:ox/io/CMemWriteFile.cpp
0x5ec3f0	52	_ZN2ox2io13CMemWriteFileC1Ev	match:ox/io/CMemWriteFile.cpp
0x5ec430	48	_ZN2ox2io13CMemWriteFile4seekEib	mac-vtable:_ZTVN2ox2io13CMemWriteFileE:5
0x5ec460	4	_ZN2ox2io13CMemWriteFile6getPosEv	mac-vtable:_ZTVN2ox2io13CMemWriteFileE:6
0x5ec470	4	_ZN2ox2io13CMemWriteFile7getSizeEv	match:ox/io/CMemWriteFile.cpp
0x5ec480	4	_ZN2ox2io13CMemWriteFile16getAvailableSizeEv	match:ox/io/CMemWriteFile.cpp
0x5ec490	5	_ZN2ox2io13CMemWriteFile7getDataEv	match:ox/io/CMemWriteFile.cpp
0x5ec4d0	34	_ZN2ox2io13CMemWriteFileD1Ev	mac-vtable:_ZTVN2ox2io13CMemWriteFileE:2
0x5ec500	34	_ZN2ox2io13CMemWriteFileD2Ev	match:ox/io/CMemWriteFile.cpp
0x5ec530	232	_ZN2ox2io13CMemWriteFile5writeEPKvi	mac-vtable:_ZTVN2ox2io13CMemWriteFileE:4
0x5ec620	41	_ZN2ox2io13CMemWriteFileD0Ev	mac-vtable:_ZTVN2ox2io13CMemWriteFileE:3
0x5ec650	6	_ZN2ox2io13CMemWriteFile11getFileNameEv	mac-vtable:_ZTVN2ox2io13CMemWriteFileE:7
0x5ec660	3	_ZN2ox2io13CMemWriteFile12getStdioFileEv	mac-vtable:_ZTVN2ox2io13CMemWriteFileE:8
0x5ec670	40	_ZN2ox3net22CHTTPConnectionHandler4initEPNS_9IOxDeviceEPNS_5event14IEventReceiverE	manual:FDE layout of the CHTTPConnectionHandler object (sizes, C2 before C1 as in GCC output)
0x5ec6a0	34	_ZN2ox3net22CHTTPConnectionHandler10disconnectEv	manual:FDE layout of the CHTTPConnectionHandler object (sizes, C2 before C1 as in GCC output)
0x5ec700	58	_ZN2ox3net22CHTTPConnectionHandler11isConnectedEv	manual:FDE layout of the CHTTPConnectionHandler object (sizes, C2 before C1 as in GCC output)
0x5ec740	229	_ZN2ox3net22CHTTPConnectionHandlerD0Ev	mac-vtable:_ZTVN2ox3net22CHTTPConnectionHandlerE:4
0x5ec830	221	_ZN2ox3net22CHTTPConnectionHandlerD1Ev	mac-vtable:_ZTVN2ox3net22CHTTPConnectionHandlerE:3
0x5ec910	221	_ZN2ox3net22CHTTPConnectionHandlerD2Ev	manual:FDE layout of the CHTTPConnectionHandler object (sizes, C2 before C1 as in GCC output)
0x5ec9f0	391	_ZN2ox3net22CHTTPConnectionHandlerC1Ev	native-calls:new-in-CStatisticsScreen::submitHighscores-and-two-more
0x5ecb80	391	_ZN2ox3net22CHTTPConnectionHandlerC2Ev	manual:twin-of-C1-never-called
0x5ecd10	712	_ZN2ox3net22CHTTPConnectionHandler10joinThreadEPv	manual:FDE layout of the CHTTPConnectionHandler object (sizes, C2 before C1 as in GCC output)
0x5ed120	954	_ZN2ox3net22CHTTPConnectionHandler5doGetERKNS_4core7CStringIcEERKNS3_IwEEj	manual:FDE layout of the CHTTPConnectionHandler object (sizes, C2 before C1 as in GCC output)
0x5ed4e0	695	_ZN2ox3net22CHTTPConnectionHandler16getContentLengthERNS_4core7CStringIcEE	manual:FDE layout of the CHTTPConnectionHandler object (sizes, C2 before C1 as in GCC output)
0x5ed7a0	1682	_ZN2ox3net22CHTTPConnectionHandler7OnEventERKNS_5event6SEventE	mac-vtable:_ZTVN2ox3net22CHTTPConnectionHandlerE:2
0x5edf30	585	_ZNK2ox4core7CStringIcE14subStringToEndEi	reloc:ox/net/CHTTPConnectionHandler.cpp:_ZN2ox3net22CHTTPConnectionHandler16getContentLengthERNS_4core7CStringIcEE
0x5ee180	32	_ZN2ox3net21CVariablePacketParserC2EPKv	manual:FDE layout of the CVariablePacket object, identified from Linux decompilation
0x5ee1a0	32	_ZN2ox3net21CVariablePacketParserC1EPKv	manual:FDE layout of the CVariablePacket object, identified from Linux decompilation
0x5ee1c0	8	_ZN2ox3net21CVariablePacketParserD2Ev	manual:FDE layout of the CVariablePacket object, identified from Linux decompilation
0x5ee1d0	8	_ZN2ox3net21CVariablePacketParserD1Ev	mac-vtable:_ZTVN2ox3net21CVariablePacketParserE:2
0x5ee1e0	4	_ZN2ox3net21CVariablePacketParser11getPacketIdEv	manual:FDE layout of the CVariablePacket object, identified from Linux decompilation
0x5ee1f0	30	_ZN2ox3net21CVariablePacketParser8fetchIntEv	manual:FDE layout of the CVariablePacket object, identified from Linux decompilation
0x5ee210	29	_ZN2ox3net21CVariablePacketParser9fetchByteEv	manual:FDE layout of the CVariablePacket object, identified from Linux decompilation
0x5ee230	31	_ZN2ox3net21CVariablePacketParser10fetchShortEv	manual:FDE layout of the CVariablePacket object, identified from Linux decompilation
0x5ee250	36	_ZN2ox3net21CVariablePacketParser10fetchFloatEv	manual:FDE layout of the CVariablePacket object, identified from Linux decompilation
0x5ee280	12	_ZN2ox3net22CVariablePacketBuilder9setHeaderEv	manual:FDE layout of the CVariablePacket object, identified from Linux decompilation
0x5ee290	4	_ZN2ox3net22CVariablePacketBuilder15getPacketLengthEv	manual:FDE layout of the CVariablePacket object, identified from Linux decompilation
0x5ee2a0	42	_ZN2ox3net22CVariablePacketBuilder10sendPacketEPNS0_14INetworkDeviceEii	manual:FDE layout of the CVariablePacket object, identified from Linux decompilation
0x5ee2d0	5	_ZN2ox3net22CVariablePacketBuilder13getPacketDataEv	manual:FDE layout of the CVariablePacket object, identified from Linux decompilation
0x5ee310	26	_ZN2ox3net22CVariablePacketBuilderD1Ev	mac-vtable:_ZTVN2ox3net22CVariablePacketBuilderE:2
0x5ee330	26	_ZN2ox3net22CVariablePacketBuilderD2Ev	manual:FDE layout of the CVariablePacket object, identified from Linux decompilation
0x5ee350	238	_ZN2ox3net22CVariablePacketBuilder10appendDataEPKvi	manual:FDE layout of the CVariablePacket object, identified from Linux decompilation
0x5ee440	11	_ZN2ox3net22CVariablePacketBuilder12appendStringERKNS_4core7CStringIcEE	manual:FDE layout of the CVariablePacket object, identified from Linux decompilation
0x5ee450	29	_ZN2ox3net22CVariablePacketBuilder10appendByteEh	manual:FDE layout of the CVariablePacket object, identified from Linux decompilation
0x5ee470	29	_ZN2ox3net22CVariablePacketBuilder11appendShortEs	manual:FDE layout of the CVariablePacket object, identified from Linux decompilation
0x5ee490	61	_ZN2ox3net22CVariablePacketBuilder16appendWideStringERKNS_4core7CStringIwEE	manual:FDE layout of the CVariablePacket object, identified from Linux decompilation
0x5ee4d0	30	_ZN2ox3net22CVariablePacketBuilder11appendFloatEf	manual:FDE layout of the CVariablePacket object, identified from Linux decompilation
0x5ee4f0	28	_ZN2ox3net22CVariablePacketBuilder9appendIntEi	manual:FDE layout of the CVariablePacket object, identified from Linux decompilation
0x5ee510	62	_ZN2ox3net22CVariablePacketBuilderC2Ei	manual:FDE layout of the CVariablePacket object, identified from Linux decompilation
0x5ee550	62	_ZN2ox3net22CVariablePacketBuilderC1Ei	manual:FDE layout of the CVariablePacket object, identified from Linux decompilation
0x5ee590	362	_ZN2ox3net21CVariablePacketParser20fetchFixedWideStringERNS_4core7CStringIwEEi	manual:FDE layout of the CVariablePacket object, identified from Linux decompilation
0x5ee700	351	_ZN2ox3net21CVariablePacketParser16fetchFixedStringERNS_4core7CStringIcEEi	manual:FDE layout of the CVariablePacket object, identified from Linux decompilation
0x5ee860	67	_ZN2ox3net21CVariablePacketParser10fetchBytesEPhi	manual:FDE layout of the CVariablePacket object, identified from Linux decompilation
0x5ee8b0	34	_ZN2ox3net22CVariablePacketBuilderD0Ev	mac-vtable:_ZTVN2ox3net22CVariablePacketBuilderE:3
0x5ee8e0	12	_ZN2ox3net21CVariablePacketParserD0Ev	mac-vtable:_ZTVN2ox3net21CVariablePacketParserE:3
0x5ee8f0	288	_ZN2ox3net21CVariablePacketParser11fetchStringERNS_4core7CStringIcEE	manual:FDE layout of the CVariablePacket object, identified from Linux decompilation
0x5eea10	420	_ZN2ox3net21CVariablePacketParser15fetchWideStringERNS_4core7CStringIwEE	manual:FDE layout of the CVariablePacket object, identified from Linux decompilation
0x5eebf0	268	_Z18AlwaysAppendToFilePKcS0_z	reloc:HarvestFull/harvest/game/CLuaManager.cpp:_ZN7harvest4game11CLuaManager17runFrameFunctionsEf
0x5eefa0	0	_ZTVN7harvest21CHarvestSuperReceiverE	rtti
0x5eefe0	0	_ZTVN7harvest16CHarvestFullMainE	rtti
0x5ef040	34	_ZTSN7harvest21CHarvestSuperReceiverE	rtti
0x5ef070	24	_ZTIN7harvest21CHarvestSuperReceiverE	rtti
0x5ef090	29	_ZTSN7harvest16CHarvestFullMainE	rtti
0x5ef0b0	24	_ZTIN7harvest16CHarvestFullMainE	rtti
0x5eff40	14	_ZN7harvest6entity13CAlienLuaInfo9classNameE	manual:Mac-symbol+amd64-alien-instructions-and-data
0x5f01e0	0	_ZTVN7harvest6entity13CAlienLuaInfoE	rtti
0x5f0200	0	_ZTVN7harvest6entity12CAlienEntityE	rtti
0x5f0340	32	_ZTSN7harvest6entity12CAlienEntityE	rtti
0x5f0360	24	_ZTIN7harvest6entity12CAlienEntityE	rtti
0x5f0380	33	_ZTSN7harvest6entity13CAlienLuaInfoE	rtti
0x5f03b0	16	_ZTIN7harvest6entity13CAlienLuaInfoE	rtti
0x5f0c00	0	_ZTVN7harvest6entity15CBuildableItemsE	rtti
0x5f0c20	35	_ZTSN7harvest6entity15CBuildableItemsE	rtti
0x5f0c50	16	_ZTIN7harvest6entity15CBuildableItemsE	rtti
0x5f0c60	0	_ZTVN2ox4game17CTextLocalizationE	rtti
0x5f0c80	24	_ZTIN2ox4game17CTextLocalizationE	rtti
0x5f0ca0	30	_ZTSN2ox4game17CTextLocalizationE	rtti
0x5f0dc0	0	_ZN7harvest6entity16CBuildingLuaInfo9classNameE	reloc:HarvestFull/harvest/game/CLuaManager.cpp:_ZN7harvest4game11CLuaManager18initCommonLuaStuffEv
0x5f0ec0	0	_ZTVN7harvest6entity16CBuildingLuaInfoE	rtti
0x5f0ee0	0	_ZTVN7harvest6entity15CBuildingEntityE	rtti
0x5f1020	35	_ZTSN7harvest6entity15CBuildingEntityE	rtti
0x5f1050	24	_ZTIN7harvest6entity15CBuildingEntityE	rtti
0x5f1080	36	_ZTSN7harvest6entity16CBuildingLuaInfoE	rtti
0x5f10b0	16	_ZTIN7harvest6entity16CBuildingLuaInfoE	rtti
0x5f11c0	0	_ZTVN7harvest6entity19CConstructionEntityE	rtti
0x5f1300	39	_ZTSN7harvest6entity19CConstructionEntityE	rtti
0x5f1330	24	_ZTIN7harvest6entity19CConstructionEntityE	rtti
0x5f13b0	17	_ZN7harvest6entity17CCreativeLuaState9classNameE	manual:Mac-class-name+amd64-string
0x5f13e0	0	_ZTVN7harvest6entity15CCreativeEntityE	rtti
0x5f1520	0	_ZTVN7harvest6entity17CCreativeLuaStateE	rtti
0x5f1540	35	_ZTSN7harvest6entity15CCreativeEntityE	rtti
0x5f1570	24	_ZTIN7harvest6entity15CCreativeEntityE	rtti
0x5f15a0	37	_ZTSN7harvest6entity17CCreativeLuaStateE	rtti
0x5f15d0	16	_ZTIN7harvest6entity17CCreativeLuaStateE	rtti
0x5f21a0	0	_ZTVN7harvest6entity19CDefenseTowerEntityE	rtti
0x5f22e0	39	_ZTSN7harvest6entity19CDefenseTowerEntityE	rtti
0x5f2310	24	_ZTIN7harvest6entity19CDefenseTowerEntityE	rtti
0x5f23a0	0	_ZTVN7harvest6entity11SEnergyBeamE	rtti
0x5f23c0	16	_ZTIN7harvest6entity11SEnergyBeamE	rtti
0x5f23d0	31	_ZTSN7harvest6entity11SEnergyBeamE	rtti
0x5f2940	0	_ZTVN7harvest6entity21CDropshipBulletEntityE	rtti
0x5f2a80	0	_ZTVN7harvest6entity15CDropshipEntityE	rtti
0x5f2bc0	41	_ZTSN7harvest6entity21CDropshipBulletEntityE	rtti
0x5f2bf0	24	_ZTIN7harvest6entity21CDropshipBulletEntityE	rtti
0x5f2c20	35	_ZTSN7harvest6entity15CDropshipEntityE	rtti
0x5f2c50	24	_ZTIN7harvest6entity15CDropshipEntityE	rtti
0x5f2e00	0	_ZTVN7harvest6entity23CFindRangeLineBuildingsE	rtti
0x5f2e20	0	_ZTVN7harvest6entity20CFindBuildingInRangeE	rtti
0x5f2e40	0	_ZTVN7harvest6entity26CFindShootableAlienInRangeE	rtti
0x5f2e60	0	_ZTVN7harvest6entity24CFindRandomEntityInRangeE	rtti
0x5f2e80	0	_ZTVN7harvest6entity22CFindClickableBuildingE	rtti
0x5f2ea0	0	_ZTVN7harvest6entity14CEntityManagerE	rtti
0x5f2f00	34	_ZTSN7harvest6entity14CEntityManagerE	rtti
0x5f2f30	24	_ZTIN7harvest6entity14CEntityManagerE	rtti
0x5f2f60	43	_ZTSN7harvest6entity23CFindRangeLineBuildingsE	rtti
0x5f2f90	24	_ZTIN7harvest6entity23CFindRangeLineBuildingsE	rtti
0x5f2fc0	40	_ZTSN7harvest6entity20CFindBuildingInRangeE	rtti
0x5f2ff0	24	_ZTIN7harvest6entity20CFindBuildingInRangeE	rtti
0x5f3020	46	_ZTSN7harvest6entity26CFindShootableAlienInRangeE	rtti
0x5f3050	24	_ZTIN7harvest6entity26CFindShootableAlienInRangeE	rtti
0x5f3080	44	_ZTSN7harvest6entity24CFindRandomEntityInRangeE	rtti
0x5f30b0	24	_ZTIN7harvest6entity24CFindRandomEntityInRangeE	rtti
0x5f30e0	42	_ZTSN7harvest6entity22CFindClickableBuildingE	rtti
0x5f3110	24	_ZTIN7harvest6entity22CFindClickableBuildingE	rtti
0x5f3130	16	_ZTIN2ox6entity19ITestEntityFunctionE	rtti
0x5f3140	16	_ZTIN2ox6entity23ITestBestEntityFunctionE	rtti
0x5f3160	34	_ZTSN2ox6entity19ITestEntityFunctionE	rtti
0x5f31a0	38	_ZTSN2ox6entity23ITestBestEntityFunctionE	rtti
0x5f31d0	0	_ZTVN2ox6entity19ITestEntityFunctionE	rtti
0x5f31f0	0	_ZTVN2ox6entity23ITestBestEntityFunctionE	rtti
0x5f3380	0	_ZTVN7harvest6entity20CSpecialEffectEntityE	rtti
0x5f34c0	0	_ZTVN7harvest6entity15CParticleEntityE	rtti
0x5f3600	0	_ZTVN7harvest6entity7CEntityE	rtti
0x5f3740	40	_ZTSN7harvest6entity20CSpecialEffectEntityE	rtti
0x5f3770	24	_ZTIN7harvest6entity20CSpecialEffectEntityE	rtti
0x5f37a0	35	_ZTSN7harvest6entity15CParticleEntityE	rtti
0x5f37d0	24	_ZTIN7harvest6entity15CParticleEntityE	rtti
0x5f37f0	26	_ZTSN7harvest6entity7CEntityE	rtti
0x5f3810	24	_ZTIN7harvest6entity7CEntityE	rtti
0x5f3830	0	_ZTVN7harvest6entity17CSparkListBuilderE	rtti
0x5f3850	24	_ZTIN7harvest6entity17CSparkListBuilderE	rtti
0x5f3880	37	_ZTSN7harvest6entity17CSparkListBuilderE	rtti
0x5f38b0	0	_ZTVN7harvest6entity17CFindSparkFunctorE	rtti
0x5f38d0	24	_ZTIN7harvest6entity17CFindSparkFunctorE	rtti
0x5f3900	37	_ZTSN7harvest6entity17CFindSparkFunctorE	rtti
0x5f3b60	0	_ZTVN7harvest6entity20CMineralGatherEntityE	rtti
0x5f3ca0	40	_ZTSN7harvest6entity20CMineralGatherEntityE	rtti
0x5f3cd0	24	_ZTIN7harvest6entity20CMineralGatherEntityE	rtti
0x5f3e60	0	_ZTVN7harvest6entity15CMineralsEntityE	rtti
0x5f3fa0	35	_ZTSN7harvest6entity15CMineralsEntityE	rtti
0x5f3fd0	24	_ZTIN7harvest6entity15CMineralsEntityE	rtti
0x5f42a0	0	_ZTVN7harvest6entity19CTempestBlastEntityE	rtti
0x5f43e0	0	_ZTVN7harvest6entity14CMissileEntityE	rtti
0x5f4520	0	_ZTVN7harvest6entity20CMissileTurretEntityE	rtti
0x5f4660	39	_ZTSN7harvest6entity19CTempestBlastEntityE	rtti
0x5f4690	24	_ZTIN7harvest6entity19CTempestBlastEntityE	rtti
0x5f46c0	34	_ZTSN7harvest6entity14CMissileEntityE	rtti
0x5f46f0	24	_ZTIN7harvest6entity14CMissileEntityE	rtti
0x5f4720	40	_ZTSN7harvest6entity20CMissileTurretEntityE	rtti
0x5f4750	24	_ZTIN7harvest6entity20CMissileTurretEntityE	rtti
0x5f4840	0	_ZTVN7harvest6entity23CPerimeterBombExplosionE	rtti
0x5f4980	43	_ZTSN7harvest6entity23CPerimeterBombExplosionE	rtti
0x5f49b0	24	_ZTIN7harvest6entity23CPerimeterBombExplosionE	rtti
0x5f4a80	0	_ZTVN7harvest6entity14CShuttleEntityE	rtti
0x5f4bc0	34	_ZTSN7harvest6entity14CShuttleEntityE	rtti
0x5f4bf0	24	_ZTIN7harvest6entity14CShuttleEntityE	rtti
0x5f4ca0	0	_ZTVN7harvest6entity12CSparkEntityE	rtti
0x5f4de0	32	_ZTSN7harvest6entity12CSparkEntityE	rtti
0x5f4e00	24	_ZTIN7harvest6entity12CSparkEntityE	rtti
0x5f4fc0	0	_ZTVN7harvest6entity17CSparkMoverEntityE	rtti
0x5f5100	37	_ZTSN7harvest6entity17CSparkMoverEntityE	rtti
0x5f5130	24	_ZTIN7harvest6entity17CSparkMoverEntityE	rtti
0x5f52e0	0	_ZTVN7harvest6entity20CSparkProducerEntityE	rtti
0x5f5420	40	_ZTSN7harvest6entity20CSparkProducerEntityE	rtti
0x5f5450	24	_ZTIN7harvest6entity20CSparkProducerEntityE	rtti
0x5f6e80	0	_ZTVN7harvest4game20CAlienCountConditionE	rtti
0x5f6ec0	0	_ZTVN7harvest4game18CMineralsConditionE	rtti
0x5f6f00	0	_ZTVN7harvest4game9CScenarioE	rtti
0x5f6f40	38	_ZTSN7harvest4game20CAlienCountConditionE	rtti
0x5f6f70	24	_ZTIN7harvest4game20CAlienCountConditionE	rtti
0x5f6fa0	36	_ZTSN7harvest4game18CMineralsConditionE	rtti
0x5f6fd0	24	_ZTIN7harvest4game18CMineralsConditionE	rtti
0x5f6ff0	26	_ZTSN7harvest4game9CScenarioE	rtti
0x5f7010	24	_ZTIN7harvest4game9CScenarioE	rtti
0x5f7030	16	_ZTIN7harvest4game22CHarvestEventConditionE	rtti
0x5f7040	16	_ZTIN7harvest4game9IScenarioE	rtti
0x5f7060	40	_ZTSN7harvest4game22CHarvestEventConditionE	rtti
0x5f7090	26	_ZTSN7harvest4game9IScenarioE	rtti
0x5f70c0	0	_ZTVN7harvest4game22CHarvestEventConditionE	rtti
0x5f7100	0	_ZTVN7harvest4game17CSpawnEntityEventE	rtti
0x5f7130	24	_ZTIN7harvest4game17CSpawnEntityEventE	rtti
0x5f7160	35	_ZTSN7harvest4game17CSpawnEntityEventE	rtti
0x5f7190	16	_ZTIN7harvest4game13CHarvestEventE	rtti
0x5f71a0	31	_ZTSN7harvest4game13CHarvestEventE	rtti
0x5f71c0	0	_ZTVN7harvest4game13CHarvestEventE	rtti
0x5f7200	0	_ZTVN7harvest4game17CTrackEntityEventE	rtti
0x5f7230	24	_ZTIN7harvest4game17CTrackEntityEventE	rtti
0x5f7260	35	_ZTSN7harvest4game17CTrackEntityEventE	rtti
0x5f72a0	0	_ZTVN7harvest4game24CConditionalHarvestEventE	rtti
0x5f72d0	24	_ZTIN7harvest4game24CConditionalHarvestEventE	rtti
0x5f7300	42	_ZTSN7harvest4game24CConditionalHarvestEventE	rtti
0x5f7340	0	_ZTVN7harvest4game15CPostEventEventE	rtti
0x5f7370	24	_ZTIN7harvest4game15CPostEventEventE	rtti
0x5f73a0	33	_ZTSN7harvest4game15CPostEventEventE	rtti
0x5f73e0	0	_ZTVN7harvest4game17CAddDialogueEventE	rtti
0x5f7410	24	_ZTIN7harvest4game17CAddDialogueEventE	rtti
0x5f7440	35	_ZTSN7harvest4game17CAddDialogueEventE	rtti
0x5f7480	0	_ZTVN7harvest4game19CDropshipStateEventE	rtti
0x5f74b0	24	_ZTIN7harvest4game19CDropshipStateEventE	rtti
0x5f74e0	37	_ZTSN7harvest4game19CDropshipStateEventE	rtti
0x5f7520	0	_ZTVN7harvest3gui17CDialogueItemInfoE	rtti
0x5f7540	16	_ZTIN7harvest3gui17CDialogueItemInfoE	rtti
0x5f7560	34	_ZTSN7harvest3gui17CDialogueItemInfoE	rtti
0x5f75a0	0	_ZTVN7harvest4game17CAddInfoLineEventE	rtti
0x5f75d0	24	_ZTIN7harvest4game17CAddInfoLineEventE	rtti
0x5f7600	35	_ZTSN7harvest4game17CAddInfoLineEventE	rtti
0x5f7640	0	_ZTVN7harvest4game9IScenarioE	rtti
0x5f7c60	0	_ZTVN7harvest4game14CHighscoreInfoE	rtti
0x5f7c80	0	_ZTVN7harvest4game11CStatisticsE	rtti
0x5f7ca0	32	_ZTSN7harvest4game14CHighscoreInfoE	rtti
0x5f7cc0	16	_ZTIN7harvest4game14CHighscoreInfoE	rtti
0x5f7cd0	29	_ZTSN7harvest4game11CStatisticsE	rtti
0x5f7cf0	16	_ZTIN7harvest4game11CStatisticsE	rtti
0x5f8ea0	0	_ZTVN7harvest4game20CThreatLevelCreativeE	rtti
0x5f8ee0	0	_ZTVN7harvest4game16CThreatLevelWaveE	rtti
0x5f8f20	0	_ZTVN7harvest4game16CThreatLevelRushE	rtti
0x5f8f60	0	_ZTVN7harvest4game18CThreatLevelInsaneE	rtti
0x5f8fa0	0	_ZTVN7harvest4game18CThreatLevelNormalE	rtti
0x5f8fe0	0	_ZTVN7harvest4game17CThreatLevelLogicE	rtti
0x5f9020	0	_ZTVN7harvest4game12CThreatLevelE	rtti
0x5f9040	38	_ZTSN7harvest4game20CThreatLevelCreativeE	rtti
0x5f9070	24	_ZTIN7harvest4game20CThreatLevelCreativeE	rtti
0x5f90a0	34	_ZTSN7harvest4game16CThreatLevelWaveE	rtti
0x5f90d0	24	_ZTIN7harvest4game16CThreatLevelWaveE	rtti
0x5f9100	34	_ZTSN7harvest4game16CThreatLevelRushE	rtti
0x5f9130	24	_ZTIN7harvest4game16CThreatLevelRushE	rtti
0x5f9160	36	_ZTSN7harvest4game18CThreatLevelInsaneE	rtti
0x5f9190	24	_ZTIN7harvest4game18CThreatLevelInsaneE	rtti
0x5f91c0	36	_ZTSN7harvest4game18CThreatLevelNormalE	rtti
0x5f91f0	24	_ZTIN7harvest4game18CThreatLevelNormalE	rtti
0x5f9210	30	_ZTSN7harvest4game12CThreatLevelE	rtti
0x5f9230	16	_ZTIN7harvest4game12CThreatLevelE	rtti
0x5f9240	35	_ZTSN7harvest4game17CThreatLevelLogicE	rtti
0x5f9270	16	_ZTIN7harvest4game17CThreatLevelLogicE	rtti
0x5f93a0	0	_ZTVN7harvest4game6CWorldE	rtti
0x5f93c0	23	_ZTSN7harvest4game6CWorldE	rtti
0x5f93e0	16	_ZTIN7harvest4game6CWorldE	rtti
0x5f9400	0	_ZTVN2ox4algo5CRandE	rtti
0x5f9420	16	_ZTIN2ox4algo5CRandE	rtti
0x5f9430	17	_ZTSN2ox4algo5CRandE	rtti
0x5f9460	40	_ZN7harvest4gameL12DOODAD_TYPESE	manual:Linux placeDoodads indexed table; ten verified planet 2 scenery types
0x5f9780	0	_ZTVN7harvest3gfx14CScatterShaderE	manual:rtti-vtable-starts-with-the-virtual-base-offset
0x5f97e0	0	_ZTTN7harvest3gfx14CScatterShaderE	manual:CScatterShader-VTT
0x5f9800	0	_ZTCN7harvest3gfx14CScatterShaderE0_N2ox5video26IShaderConstantSetCallBackE	manual:CScatterShader-construction-vtable
0x5f9860	31	_ZTSN7harvest3gfx14CScatterShaderE	rtti
0x5f9880	24	_ZTIN7harvest3gfx14CScatterShaderE	rtti
0x5f98a0	40	_ZTIN2ox5video26IShaderConstantSetCallBackE	rtti
0x5f98e0	40	_ZTSN2ox5video26IShaderConstantSetCallBackE	rtti
0x5f9910	16	_ZTIN2ox8IUnknownE	rtti
0x5f9920	15	_ZTSN2ox8IUnknownE	rtti
0x5f9940	0	_ZTVN2ox5video26IShaderConstantSetCallBackE	manual:IShaderConstantSetCallBack-vtable
0x5f99a0	0	_ZTTN2ox5video26IShaderConstantSetCallBackE	manual:IShaderConstantSetCallBack-VTT
0x5f99c0	0	_ZTVN2ox8IUnknownE	rtti
0x5fde40	0	_ZTVN7harvest3gui19CAchievementsScreenE	rtti
0x5fde80	36	_ZTSN7harvest3gui19CAchievementsScreenE	rtti
0x5fdec0	40	_ZTIN7harvest3gui19CAchievementsScreenE	rtti
0x5fe600	0	_ZTVN7harvest3gui13CGuiInfoLinesE	rtti
0x5fe620	30	_ZTSN7harvest3gui13CGuiInfoLinesE	rtti
0x5fe640	16	_ZTIN7harvest3gui13CGuiInfoLinesE	rtti
0x5ffac0	0	_ZTVN7harvest3gui16CHighscoreScreenE	rtti
0x5ffb00	33	_ZTSN7harvest3gui16CHighscoreScreenE	rtti
0x5ffb40	40	_ZTIN7harvest3gui16CHighscoreScreenE	rtti
0x5ffd40	0	_ZTVN7harvest3gui17CIngameMenuScreenE	rtti
0x5ffd80	34	_ZTSN7harvest3gui17CIngameMenuScreenE	rtti
0x5ffdc0	40	_ZTIN7harvest3gui17CIngameMenuScreenE	rtti
0x600ca0	0	_ZTVN7harvest3gui15CMenuInfoDialogE	rtti
0x600ce0	32	_ZTSN7harvest3gui15CMenuInfoDialogE	rtti
0x600d00	40	_ZTIN7harvest3gui15CMenuInfoDialogE	rtti
0x601180	0	_ZTVN7harvest3gui15CPriorityScreenE	rtti
0x6011c0	32	_ZTSN7harvest3gui15CPriorityScreenE	rtti
0x6011e0	40	_ZTIN7harvest3gui15CPriorityScreenE	rtti
0x601ac0	0	_ZTVN7harvest3gui14CProfileScreenE	rtti
0x601af0	31	_ZTSN7harvest3gui14CProfileScreenE	rtti
0x601b20	40	_ZTIN7harvest3gui14CProfileScreenE	rtti
0x601dc0	0	_ZTVN7harvest3gui15CSaveGameScreenE	rtti
0x601e00	32	_ZTSN7harvest3gui15CSaveGameScreenE	rtti
0x601e20	40	_ZTIN7harvest3gui15CSaveGameScreenE	rtti
0x6043c0	0	_ZTVN7harvest3gui15CSettingsScreenE	rtti
0x604400	32	_ZTSN7harvest3gui15CSettingsScreenE	rtti
0x604420	40	_ZTIN7harvest3gui15CSettingsScreenE	rtti
0x605c60	0	_ZTVN7harvest3gui17CStatisticsScreenE	rtti
0x605ca0	34	_ZTSN7harvest3gui17CStatisticsScreenE	rtti
0x605ce0	40	_ZTIN7harvest3gui17CStatisticsScreenE	rtti
0x605fc0	0	_ZTVN7harvest3gui12CStoryScreenE	rtti
0x605ff0	29	_ZTSN7harvest3gui12CStoryScreenE	rtti
0x606020	40	_ZTIN7harvest3gui12CStoryScreenE	rtti
0x606060	0	_ZTVN7harvest8settings16CAlienPrioritiesE	rtti
0x606080	38	_ZTSN7harvest8settings16CAlienPrioritiesE	rtti
0x6060b0	16	_ZTIN7harvest8settings16CAlienPrioritiesE	rtti
0x606420	0	_ZTVN7harvest8settings15CHarvestProfileE	rtti
0x606440	37	_ZTSN7harvest8settings15CHarvestProfileE	rtti
0x606470	16	_ZTIN7harvest8settings15CHarvestProfileE	rtti
0x606580	0	_ZTVN7harvest8settings15CProfileManagerE	rtti
0x6065a0	37	_ZTSN7harvest8settings15CProfileManagerE	rtti
0x6065d0	16	_ZTIN7harvest8settings15CProfileManagerE	rtti
0x606be0	0	_ZTVN7harvest8settings13CSystemConfigE	rtti
0x606c00	35	_ZTSN7harvest8settings13CSystemConfigE	rtti
0x606c30	16	_ZTIN7harvest8settings13CSystemConfigE	rtti
0x606f20	0	_ZTVN7harvest6states11CIntroStateE	rtti
0x606f70	31	_ZTSN7harvest6states11CIntroStateE	rtti
0x606f90	24	_ZTIN7harvest6states11CIntroStateE	rtti
0x6070e0	0	_ZTVN7harvest6states14CLoadingScreenE	rtti
0x607100	34	_ZTSN7harvest6states14CLoadingScreenE	rtti
0x607130	16	_ZTIN7harvest6states14CLoadingScreenE	rtti
0x608560	0	_ZTVN7harvest6states14CMainMenuStateE	rtti
0x6085c0	34	_ZTSN7harvest6states14CMainMenuStateE	rtti
0x6085f0	24	_ZTIN7harvest6states14CMainMenuStateE	rtti
0x60aee0	0	_ZTVN7harvest6states10CPlayStateE	rtti
0x60af70	30	_ZTSN7harvest6states10CPlayStateE	rtti
0x60afa0	56	_ZTIN7harvest6states10CPlayStateE	rtti
0x60afe0	16	_ZTIN2ox5video23IParticleEngineCallbackE	rtti
0x60b000	37	_ZTSN2ox5video23IParticleEngineCallbackE	rtti
0x60b040	0	_ZTVN2ox5video23IParticleEngineCallbackE	rtti
0x60b700	0	_ZTVN7harvest6states17CShuttleRaceStateE	rtti
0x60b7e0	37	_ZTSN7harvest6states17CShuttleRaceStateE	rtti
0x60b820	72	_ZTIN7harvest6states17CShuttleRaceStateE	rtti
0x60b940	0	_ZTVN5daisy15CIrrDeviceLinuxE	rtti
0x60bb70	26	_ZTSN5daisy15CIrrDeviceLinuxE	rtti
0x60bba0	72	_ZTIN5daisy15CIrrDeviceLinuxE	rtti
0x60bbf0	16	_ZTIN5daisy5video15IImagePresenterE	rtti
0x60bc00	24	_ZTIN2ox3gui14ICursorControlE	rtti
0x60bc20	32	_ZTSN5daisy5video15IImagePresenterE	rtti
0x60bc40	26	_ZTSN2ox3gui14ICursorControlE	rtti
0x60bc60	0	_ZTVN2ox3gui14ICursorControlE	rtti
0x60bcd0	0	_ZTVN5daisy5video15IImagePresenterE	rtti
0x60bee0	0	_ZTVN5daisy14CIrrDeviceStubE	rtti
0x60c040	25	_ZTSN5daisy14CIrrDeviceStubE	rtti
0x60c060	24	_ZTIN5daisy14CIrrDeviceStubE	rtti
0x60c080	24	_ZTIN5daisy12IDaisyDeviceE	rtti
0x60c0a0	23	_ZTSN5daisy12IDaisyDeviceE	rtti
0x60c0c0	24	_ZTIN2ox9IOxDeviceE	rtti
0x60c0e0	16	_ZTSN2ox9IOxDeviceE	rtti
0x60c100	0	_ZTVN2ox5input15IJoystickDriverE	rtti
0x60c140	24	_ZTIN2ox5input15IJoystickDriverE	rtti
0x60c160	29	_ZTSN2ox5input15IJoystickDriverE	rtti
0x60c180	0	_ZTVN5daisy12IDaisyDeviceE	rtti
0x60c2e0	0	_ZTVN2ox9IOxDeviceE	rtti
0x60c440	0	_ZTVN5daisy6CTimerE	rtti
0x60c490	24	_ZTIN5daisy6CTimerE	rtti
0x60c4b0	16	_ZTSN5daisy6CTimerE	rtti
0x60c4c0	56	_ZTIN5daisy6ITimerE	rtti
0x60c500	16	_ZTSN5daisy6ITimerE	rtti
0x60c510	16	_ZTIN2ox6ITimerE	rtti
0x60c520	13	_ZTSN2ox6ITimerE	rtti
0x60c540	0	_ZTVN5daisy6ITimerE	rtti
0x60c5a0	0	_ZTVN2ox6ITimerE	rtti
0x60c5e0	0	_ZTVN5daisy14CLinuxOperatorE	rtti
0x60c670	25	_ZTSN5daisy14CLinuxOperatorE	rtti
0x60c690	24	_ZTIN5daisy14CLinuxOperatorE	rtti
0x60c6b0	24	_ZTIN2ox11IOSOperatorE	rtti
0x60c6d0	19	_ZTSN2ox11IOSOperatorE	rtti
0x60c700	0	_ZTVN2ox11IOSOperatorE	rtti
0x60c820	0	_ZTVN5daisy7CLoggerE	rtti
0x60c880	17	_ZTSN5daisy7CLoggerE	rtti
0x60c8a0	24	_ZTIN5daisy7CLoggerE	rtti
0x60c8c0	24	_ZTIN2ox5event7ILoggerE	rtti
0x60c8e0	20	_ZTSN2ox5event7ILoggerE	rtti
0x60c900	0	_ZTVN2ox5event7ILoggerE	rtti
0x60ca00	0	_ZTVN5daisy5scene13CSceneManagerE	rtti
0x60ccd0	30	_ZTSN5daisy5scene13CSceneManagerE	rtti
0x60cd00	56	_ZTIN5daisy5scene13CSceneManagerE	rtti
0x60cd40	24	_ZTIN2ox5scene13ISceneManagerE	rtti
0x60cd60	24	_ZTIN2ox5scene10ISceneNodeE	rtti
0x60cd80	27	_ZTSN2ox5scene13ISceneManagerE	rtti
0x60cda0	24	_ZTSN2ox5scene10ISceneNodeE	rtti
0x60cdc0	0	_ZTVN2ox5scene10ISceneNodeE	rtti
0x60cee0	0	_ZTVN2ox5scene13ISceneManagerE	rtti
0x60d100	0	_ZTVN5daisy5scene35CSceneNodeAnimatorCollisionResponseE	rtti
0x60d180	52	_ZTSN5daisy5scene35CSceneNodeAnimatorCollisionResponseE	rtti
0x60d1c0	24	_ZTIN5daisy5scene35CSceneNodeAnimatorCollisionResponseE	rtti
0x60d1e0	24	_ZTIN2ox5scene35ISceneNodeAnimatorCollisionResponseE	rtti
0x60d200	49	_ZTSN2ox5scene35ISceneNodeAnimatorCollisionResponseE	rtti
0x60d240	24	_ZTIN2ox5scene18ISceneNodeAnimatorE	rtti
0x60d260	32	_ZTSN2ox5scene18ISceneNodeAnimatorE	rtti
0x60d280	0	_ZTVN2ox5scene35ISceneNodeAnimatorCollisionResponseE	rtti
0x60d300	0	_ZTVN2ox5scene18ISceneNodeAnimatorE	rtti
0x60d340	0	_ZTVN5daisy5scene24CSceneNodeAnimatorDeleteE	rtti
0x60d380	41	_ZTSN5daisy5scene24CSceneNodeAnimatorDeleteE	rtti
0x60d3b0	24	_ZTIN5daisy5scene24CSceneNodeAnimatorDeleteE	rtti
0x60d3e0	0	_ZTVN5daisy5scene27CSceneNodeAnimatorFlyCircleE	rtti
0x60d420	44	_ZTSN5daisy5scene27CSceneNodeAnimatorFlyCircleE	rtti
0x60d450	24	_ZTIN5daisy5scene27CSceneNodeAnimatorFlyCircleE	rtti
0x60d480	0	_ZTVN5daisy5scene29CSceneNodeAnimatorFlyStraightE	rtti
0x60d4c0	46	_ZTSN5daisy5scene29CSceneNodeAnimatorFlyStraightE	rtti
0x60d4f0	24	_ZTIN5daisy5scene29CSceneNodeAnimatorFlyStraightE	rtti
0x60d520	0	_ZTVN5daisy5scene30CSceneNodeAnimatorFollowSplineE	rtti
0x60d560	47	_ZTSN5daisy5scene30CSceneNodeAnimatorFollowSplineE	rtti
0x60d590	24	_ZTIN5daisy5scene30CSceneNodeAnimatorFollowSplineE	rtti
0x60d5c0	0	_ZTVN5daisy5scene26CSceneNodeAnimatorRotationE	rtti
0x60d600	43	_ZTSN5daisy5scene26CSceneNodeAnimatorRotationE	rtti
0x60d630	24	_ZTIN5daisy5scene26CSceneNodeAnimatorRotationE	rtti
0x60d660	0	_ZTVN5daisy5scene25CSceneNodeAnimatorTextureE	rtti
0x60d6a0	42	_ZTSN5daisy5scene25CSceneNodeAnimatorTextureE	rtti
0x60d6d0	24	_ZTIN5daisy5scene25CSceneNodeAnimatorTextureE	rtti
0x60d700	0	_ZTVN5daisy5scene16CSkyBoxSceneNodeE	rtti
0x60d820	33	_ZTSN5daisy5scene16CSkyBoxSceneNodeE	rtti
0x60d850	24	_ZTIN5daisy5scene16CSkyBoxSceneNodeE	rtti
0x60d920	0	_ZTVN5daisy5scene17CTerrainSceneNodeE	rtti
0x60da60	34	_ZTSN5daisy5scene17CTerrainSceneNodeE	rtti
0x60da90	24	_ZTIN5daisy5scene17CTerrainSceneNodeE	rtti
0x60dab0	24	_ZTIN2ox5scene17ITerrainSceneNodeE	rtti
0x60dad0	31	_ZTSN2ox5scene17ITerrainSceneNodeE	rtti
0x60db00	0	_ZTVN2ox5scene17ITerrainSceneNodeE	rtti
0x60dc40	0	_ZTVN5daisy5scene14CTestSceneNodeE	rtti
0x60dd60	31	_ZTSN5daisy5scene14CTestSceneNodeE	rtti
0x60dd80	24	_ZTIN5daisy5scene14CTestSceneNodeE	rtti
0x60dda0	0	_ZTVN5daisy5scene14CTextSceneNodeE	rtti
0x60ded0	31	_ZTSN5daisy5scene14CTextSceneNodeE	rtti
0x60def0	24	_ZTIN5daisy5scene14CTextSceneNodeE	rtti
0x60df10	24	_ZTIN2ox5scene14ITextSceneNodeE	rtti
0x60df30	28	_ZTSN2ox5scene14ITextSceneNodeE	rtti
0x60df60	0	_ZTVN2ox5scene14ITextSceneNodeE	rtti
0x60e0a0	0	_ZTVN5daisy5scene19CTriangleBBSelectorE	rtti
0x60e0e0	36	_ZTSN5daisy5scene19CTriangleBBSelectorE	rtti
0x60e110	24	_ZTIN5daisy5scene19CTriangleBBSelectorE	rtti
0x60e140	0	_ZTVN5daisy5scene17CTriangleSelectorE	rtti
0x60e180	34	_ZTSN5daisy5scene17CTriangleSelectorE	rtti
0x60e1b0	24	_ZTIN5daisy5scene17CTriangleSelectorE	rtti
0x60e1d0	24	_ZTIN2ox5scene17ITriangleSelectorE	rtti
0x60e1f0	31	_ZTSN2ox5scene17ITriangleSelectorE	rtti
0x60e220	0	_ZTVN2ox5scene17ITriangleSelectorE	rtti
0x60e260	0	_ZTVN5daisy5scene22CWaterSurfaceSceneNodeE	rtti
0x60e380	39	_ZTSN5daisy5scene22CWaterSurfaceSceneNodeE	rtti
0x60e3b0	24	_ZTIN5daisy5scene22CWaterSurfaceSceneNodeE	rtti
0x60e3e0	0	_ZTVN5daisy5scene16CXMeshFileLoaderE	rtti
0x60e420	33	_ZTSN5daisy5scene16CXMeshFileLoaderE	rtti
0x60e450	24	_ZTIN5daisy5scene16CXMeshFileLoaderE	rtti
0x60e470	24	_ZTIN2ox5scene11IMeshLoaderE	rtti
0x60e490	25	_ZTSN2ox5scene11IMeshLoaderE	rtti
0x60e4c0	0	_ZTVN2ox5scene11IMeshLoaderE	rtti
0x60e500	0	_ZTVN5daisy5video14CVideoModeListE	rtti
0x60e550	31	_ZTSN5daisy5video14CVideoModeListE	rtti
0x60e570	24	_ZTIN5daisy5video14CVideoModeListE	rtti
0x60e590	24	_ZTIN2ox5video14IVideoModeListE	rtti
0x60e5b0	28	_ZTSN2ox5video14IVideoModeListE	rtti
0x60e5e0	0	_ZTVN2ox5video14IVideoModeListE	rtti
0x60e6a0	0	_ZTVN5daisy5video6CImageE	rtti
0x60e730	22	_ZTSN5daisy5video6CImageE	rtti
0x60e750	24	_ZTIN5daisy5video6CImageE	rtti
0x60e770	24	_ZTIN2ox5video6IImageE	rtti
0x60e790	19	_ZTSN2ox5video6IImageE	rtti
0x60e7c0	0	_ZTVN2ox5video6IImageE	rtti
0x60efc0	0	_ZTVN5daisy5video10CVideoNullE	rtti
0x60f400	27	_ZTSN5daisy5video10CVideoNullE	rtti
0x60f420	72	_ZTIN5daisy5video10CVideoNullE	rtti
0x60f470	24	_ZTIN2ox5video12IVideoDriverE	rtti
0x60f490	16	_ZTIN2ox5video23IGPUProgrammingServicesE	rtti
0x60f4a0	16	_ZTIN2ox5video23IPostProcessingServicesE	rtti
0x60f4b0	26	_ZTSN2ox5video12IVideoDriverE	rtti
0x60f4e0	37	_ZTSN2ox5video23IGPUProgrammingServicesE	rtti
0x60f520	37	_ZTSN2ox5video23IPostProcessingServicesE	rtti
0x60f5e0	0	_ZTVN2ox5video12IVideoDriverE	rtti
0x60f8c0	0	_ZTVN2ox5video23IGPUProgrammingServicesE	rtti
0x60f920	0	_ZTVN2ox5video23IPostProcessingServicesE	rtti
0x610180	0	_ZTVN5daisy5video12CVideoOpenGLE	rtti
0x610640	29	_ZTSN5daisy5video12CVideoOpenGLE	rtti
0x610660	56	_ZTIN5daisy5video12CVideoOpenGLE	rtti
0x6106a0	16	_ZTIN2ox5video25IMaterialRendererServicesE	rtti
0x6106c0	39	_ZTSN2ox5video25IMaterialRendererServicesE	rtti
0x610700	0	_ZTVN5daisy5video29COpenGLMaterialRenderer_SOLIDE	rtti
0x610740	24	_ZTIN5daisy5video29COpenGLMaterialRenderer_SOLIDE	rtti
0x610760	46	_ZTSN5daisy5video29COpenGLMaterialRenderer_SOLIDE	rtti
0x610790	24	_ZTIN5daisy5video23COpenGLMaterialRendererE	rtti
0x6107c0	40	_ZTSN5daisy5video23COpenGLMaterialRendererE	rtti
0x6107f0	24	_ZTIN2ox5video17IMaterialRendererE	rtti
0x610810	31	_ZTSN2ox5video17IMaterialRendererE	rtti
0x610840	0	_ZTVN5daisy5video23COpenGLMaterialRendererE	rtti
0x610880	0	_ZTVN2ox5video17IMaterialRendererE	rtti
0x6108c0	0	_ZTVN5daisy5video37COpenGLMaterialRenderer_SOLID_2_LAYERE	rtti
0x610900	24	_ZTIN5daisy5video37COpenGLMaterialRenderer_SOLID_2_LAYERE	rtti
0x610920	54	_ZTSN5daisy5video37COpenGLMaterialRenderer_SOLID_2_LAYERE	rtti
0x610960	0	_ZTVN5daisy5video32COpenGLMaterialRenderer_LIGHTMAPE	rtti
0x6109a0	24	_ZTIN5daisy5video32COpenGLMaterialRenderer_LIGHTMAPE	rtti
0x6109c0	49	_ZTSN5daisy5video32COpenGLMaterialRenderer_LIGHTMAPE	rtti
0x610a00	0	_ZTVN5daisy5video34COpenGLMaterialRenderer_SPHERE_MAPE	rtti
0x610a40	24	_ZTIN5daisy5video34COpenGLMaterialRenderer_SPHERE_MAPE	rtti
0x610a60	51	_ZTSN5daisy5video34COpenGLMaterialRenderer_SPHERE_MAPE	rtti
0x610aa0	0	_ZTVN5daisy5video42COpenGLMaterialRenderer_REFLECTION_2_LAYERE	rtti
0x610ae0	24	_ZTIN5daisy5video42COpenGLMaterialRenderer_REFLECTION_2_LAYERE	rtti
0x610b00	59	_ZTSN5daisy5video42COpenGLMaterialRenderer_REFLECTION_2_LAYERE	rtti
0x610b40	0	_ZTVN5daisy5video45COpenGLMaterialRenderer_TRANSPARENT_ADD_COLORE	rtti
0x610b80	24	_ZTIN5daisy5video45COpenGLMaterialRenderer_TRANSPARENT_ADD_COLORE	rtti
0x610ba0	62	_ZTSN5daisy5video45COpenGLMaterialRenderer_TRANSPARENT_ADD_COLORE	rtti
0x610be0	0	_ZTVN5daisy5video49COpenGLMaterialRenderer_TRANSPARENT_ALPHA_CHANNELE	rtti
0x610c20	24	_ZTIN5daisy5video49COpenGLMaterialRenderer_TRANSPARENT_ALPHA_CHANNELE	rtti
0x610c40	66	_ZTSN5daisy5video49COpenGLMaterialRenderer_TRANSPARENT_ALPHA_CHANNELE	rtti
0x610ca0	0	_ZTVN5daisy5video48COpenGLMaterialRenderer_TRANSPARENT_VERTEX_ALPHAE	rtti
0x610ce0	24	_ZTIN5daisy5video48COpenGLMaterialRenderer_TRANSPARENT_VERTEX_ALPHAE	rtti
0x610d00	65	_ZTSN5daisy5video48COpenGLMaterialRenderer_TRANSPARENT_VERTEX_ALPHAE	rtti
0x610d60	0	_ZTVN5daisy5video54COpenGLMaterialRenderer_TRANSPARENT_REFLECTION_2_LAYERE	rtti
0x610da0	24	_ZTIN5daisy5video54COpenGLMaterialRenderer_TRANSPARENT_REFLECTION_2_LAYERE	rtti
0x610dc0	71	_ZTSN5daisy5video54COpenGLMaterialRenderer_TRANSPARENT_REFLECTION_2_LAYERE	rtti
0x610e20	0	_ZTVN2ox5video25IMaterialRendererServicesE	rtti
0x610ec0	0	_ZTVN5daisy5video16CSoftwareTextureE	rtti
0x610f40	33	_ZTSN5daisy5video16CSoftwareTextureE	rtti
0x610f70	24	_ZTIN5daisy5video16CSoftwareTextureE	rtti
0x610f90	24	_ZTIN2ox5video8ITextureE	rtti
0x610fb0	21	_ZTSN2ox5video8ITextureE	rtti
0x610fe0	0	_ZTVN2ox5video8ITextureE	rtti
0x611120	0	_ZTVN5daisy5video14CVideoSoftwareE	rtti
0x611570	31	_ZTSN5daisy5video14CVideoSoftwareE	rtti
0x611590	24	_ZTIN5daisy5video14CVideoSoftwareE	rtti
0x6115e0	0	_ZTVN5daisy5video8CZBufferE	rtti
0x611630	24	_ZTSN5daisy5video8CZBufferE	rtti
0x611650	24	_ZTIN5daisy5video8CZBufferE	rtti
0x611670	24	_ZTIN5daisy5video8IZBufferE	rtti
0x611690	24	_ZTSN5daisy5video8IZBufferE	rtti
0x6116c0	0	_ZTVN5daisy5video8IZBufferE	rtti
0x611720	0	_ZTVN5daisy5audio13COpenALDriverE	rtti
0x6118f0	30	_ZTSN5daisy5audio13COpenALDriverE	rtti
0x611910	24	_ZTIN5daisy5audio13COpenALDriverE	rtti
0x611960	0	_ZTVN5daisy5audio23COpenALTrackedSoundInfoE	rtti
0x611980	24	_ZTIN5daisy5audio23COpenALTrackedSoundInfoE	rtti
0x6119a0	40	_ZTSN5daisy5audio23COpenALTrackedSoundInfoE	rtti
0x6119d0	16	_ZTIN5daisy5audio21CTrackedSoundInfoStubE	rtti
0x6119e0	38	_ZTSN5daisy5audio21CTrackedSoundInfoStubE	rtti
0x611a20	0	_ZTVN5daisy5audio21CTrackedSoundInfoStubE	rtti
0x611a40	0	_ZTVN5daisy5audio16COpenALMusicInfoE	rtti
0x611a60	24	_ZTIN5daisy5audio16COpenALMusicInfoE	rtti
0x611a80	33	_ZTSN5daisy5audio16COpenALMusicInfoE	rtti
0x611ab0	16	_ZTIN5daisy5audio14CMusicInfoStubE	rtti
0x611ac0	31	_ZTSN5daisy5audio14CMusicInfoStubE	rtti
0x611ae0	0	_ZTVN5daisy5audio14CMusicInfoStubE	rtti
0x611b00	0	_ZTVN5daisy5audio16COpenALSoundInfoE	rtti
0x611b20	24	_ZTIN5daisy5audio16COpenALSoundInfoE	rtti
0x611b40	33	_ZTSN5daisy5audio16COpenALSoundInfoE	rtti
0x611b70	16	_ZTIN5daisy5audio14CSoundInfoStubE	rtti
0x611b80	31	_ZTSN5daisy5audio14CSoundInfoStubE	rtti
0x611ba0	0	_ZTVN5daisy5audio14CSoundInfoStubE	rtti
0x611c20	0	_ZTVN5daisy3gui15CGUIEnvironmentE	rtti
0x611f50	30	_ZTSN5daisy3gui15CGUIEnvironmentE	rtti
0x611f80	56	_ZTIN5daisy3gui15CGUIEnvironmentE	rtti
0x611fc0	24	_ZTIN2ox3gui15IGUIEnvironmentE	rtti
0x611fe0	24	_ZTIN2ox3gui10IGUILayoutE	rtti
0x612000	27	_ZTSN2ox3gui15IGUIEnvironmentE	rtti
0x612020	22	_ZTSN2ox3gui10IGUILayoutE	rtti
0x612040	0	_ZTVN2ox3gui10IGUILayoutE	rtti
0x6121e0	0	_ZTVN2ox3gui15IGUIEnvironmentE	rtti
0x612360	0	_ZTVN2ox3gui15IGUIHoverParentE	rtti
0x6124c0	24	_ZTIN2ox3gui15IGUIHoverParentE	rtti
0x6124e0	27	_ZTSN2ox3gui15IGUIHoverParentE	rtti
0x612660	0	_ZTVN5daisy3gui18CGUIFileOpenDialogE	rtti
0x6127e0	33	_ZTSN5daisy3gui18CGUIFileOpenDialogE	rtti
0x612810	24	_ZTIN5daisy3gui18CGUIFileOpenDialogE	rtti
0x612830	24	_ZTIN2ox3gui18IGUIFileOpenDialogE	rtti
0x612850	30	_ZTSN2ox3gui18IGUIFileOpenDialogE	rtti
0x612880	0	_ZTVN2ox3gui18IGUIFileOpenDialogE	rtti
0x612b20	0	_ZTVN5daisy3gui8CGUIFontE	rtti
0x612b70	22	_ZTSN5daisy3gui8CGUIFontE	rtti
0x612b90	24	_ZTIN5daisy3gui8CGUIFontE	rtti
0x612bb0	24	_ZTIN2ox3gui8IGUIFontE	rtti
0x612bd0	19	_ZTSN2ox3gui8IGUIFontE	rtti
0x612c00	0	_ZTVN2ox3gui8IGUIFontE	rtti
0x612c60	0	_ZTVN5daisy3gui9CGUIImageE	rtti
0x612de0	23	_ZTSN5daisy3gui9CGUIImageE	rtti
0x612e00	24	_ZTIN5daisy3gui9CGUIImageE	rtti
0x612e20	24	_ZTIN2ox3gui9IGUIImageE	rtti
0x612e40	20	_ZTSN2ox3gui9IGUIImageE	rtti
0x612e60	0	_ZTVN2ox3gui9IGUIImageE	rtti
0x612fe0	0	_ZTVN5daisy3gui14CGUIInOutFaderE	rtti
0x613170	29	_ZTSN5daisy3gui14CGUIInOutFaderE	rtti
0x613190	24	_ZTIN5daisy3gui14CGUIInOutFaderE	rtti
0x6131b0	24	_ZTIN2ox3gui14IGUIInOutFaderE	rtti
0x6131d0	26	_ZTSN2ox3gui14IGUIInOutFaderE	rtti
0x613200	0	_ZTVN2ox3gui14IGUIInOutFaderE	rtti
0x6133a0	0	_ZTVN5daisy3gui11CGUIListBoxE	rtti
0x613580	26	_ZTSN5daisy3gui11CGUIListBoxE	rtti
0x6135a0	24	_ZTIN5daisy3gui11CGUIListBoxE	rtti
0x6135c0	24	_ZTIN2ox3gui11IGUIListBoxE	rtti
0x6135e0	23	_ZTSN2ox3gui11IGUIListBoxE	rtti
0x613600	0	_ZTVN2ox3gui11IGUIListBoxE	rtti
0x6137e0	0	_ZTVN5daisy3gui8CGUIMenuE	rtti
0x6139d0	22	_ZTSN5daisy3gui8CGUIMenuE	rtti
0x6139f0	24	_ZTIN5daisy3gui8CGUIMenuE	rtti
0x613a20	0	_ZTVN5daisy3gui14CGUIMeshViewerE	rtti
0x613ba0	29	_ZTSN5daisy3gui14CGUIMeshViewerE	rtti
0x613bc0	24	_ZTIN5daisy3gui14CGUIMeshViewerE	rtti
0x613be0	24	_ZTIN2ox3gui14IGUIMeshViewerE	rtti
0x613c00	26	_ZTSN2ox3gui14IGUIMeshViewerE	rtti
0x613c20	0	_ZTVN2ox3gui14IGUIMeshViewerE	rtti
0x613da0	0	_ZTVN5daisy3gui14CGUIMessageBoxE	rtti
0x613f50	29	_ZTSN5daisy3gui14CGUIMessageBoxE	rtti
0x613f70	24	_ZTIN5daisy3gui14CGUIMessageBoxE	rtti
0x613fa0	0	_ZTVN5daisy3gui15CGUIModalScreenE	rtti
0x614140	30	_ZTSN5daisy3gui15CGUIModalScreenE	rtti
0x614160	24	_ZTIN5daisy3gui15CGUIModalScreenE	rtti
0x614180	24	_ZTIN2ox3gui15IGUIModalScreenE	rtti
0x6141a0	27	_ZTSN2ox3gui15IGUIModalScreenE	rtti
0x6141c0	0	_ZTVN2ox3gui15IGUIModalScreenE	rtti
0x614360	0	_ZTVN5daisy3gui13CGUIPopupMenuE	rtti
0x6144d0	28	_ZTSN5daisy3gui13CGUIPopupMenuE	rtti
0x6144f0	24	_ZTIN5daisy3gui13CGUIPopupMenuE	rtti
0x614510	24	_ZTIN2ox3gui13IGUIPopupMenuE	rtti
0x614530	25	_ZTSN2ox3gui13IGUIPopupMenuE	rtti
0x614560	0	_ZTVN2ox3gui13IGUIPopupMenuE	rtti
0x6146e0	0	_ZTVN5daisy3gui13CGUIRadioListE	rtti
0x614870	28	_ZTSN5daisy3gui13CGUIRadioListE	rtti
0x614890	24	_ZTIN5daisy3gui13CGUIRadioListE	rtti
0x6148b0	24	_ZTIN2ox3gui13IGUIRadioListE	rtti
0x6148d0	25	_ZTSN2ox3gui13IGUIRadioListE	rtti
0x614900	0	_ZTVN2ox3gui13IGUIRadioListE	rtti
0x614b00	0	_ZTVN5daisy3gui13CGUIScrollBarE	rtti
0x614ca0	28	_ZTSN5daisy3gui13CGUIScrollBarE	rtti
0x614cc0	24	_ZTIN5daisy3gui13CGUIScrollBarE	rtti
0x614ce0	24	_ZTIN2ox3gui13IGUIScrollBarE	rtti
0x614d00	25	_ZTSN2ox3gui13IGUIScrollBarE	rtti
0x614d20	0	_ZTVN2ox3gui13IGUIScrollBarE	rtti
0x614fc0	0	_ZTVN5daisy3gui8CGUISkinE	rtti
0x615030	22	_ZTSN5daisy3gui8CGUISkinE	rtti
0x615050	24	_ZTIN5daisy3gui8CGUISkinE	rtti
0x615070	24	_ZTIN2ox3gui8IGUISkinE	rtti
0x615090	19	_ZTSN2ox3gui8IGUISkinE	rtti
0x6150c0	0	_ZTVN2ox3gui8IGUISkinE	rtti
0x615140	0	_ZTVN5daisy3gui14CGUIStaticTextE	rtti
0x615300	29	_ZTSN5daisy3gui14CGUIStaticTextE	rtti
0x615320	24	_ZTIN5daisy3gui14CGUIStaticTextE	rtti
0x615340	24	_ZTIN2ox3gui14IGUIStaticTextE	rtti
0x615360	26	_ZTSN2ox3gui14IGUIStaticTextE	rtti
0x615380	0	_ZTVN2ox3gui14IGUIStaticTextE	rtti
0x6155c0	0	_ZTVN5daisy3gui16CGUITabButtonRowE	rtti
0x615780	0	_ZTVN5daisy3gui14CGUITabControlE	rtti
0x615920	0	_ZTVN5daisy3gui7CGUITabE	rtti
0x615ad0	31	_ZTSN5daisy3gui16CGUITabButtonRowE	rtti
0x615af0	24	_ZTIN5daisy3gui16CGUITabButtonRowE	rtti
0x615b10	29	_ZTSN5daisy3gui14CGUITabControlE	rtti
0x615b30	24	_ZTIN5daisy3gui14CGUITabControlE	rtti
0x615b50	21	_ZTSN5daisy3gui7CGUITabE	rtti
0x615b70	24	_ZTIN5daisy3gui7CGUITabE	rtti
0x615b90	24	_ZTIN2ox3gui16IGUITabButtonRowE	rtti
0x615bb0	24	_ZTIN2ox3gui14IGUITabControlE	rtti
0x615bd0	24	_ZTIN2ox3gui7IGUITabE	rtti
0x615bf0	28	_ZTSN2ox3gui16IGUITabButtonRowE	rtti
0x615c10	26	_ZTSN2ox3gui14IGUITabControlE	rtti
0x615c30	18	_ZTSN2ox3gui7IGUITabE	rtti
0x615c60	0	_ZTVN2ox3gui16IGUITabButtonRowE	rtti
0x615e20	0	_ZTVN2ox3gui14IGUITabControlE	rtti
0x615fc0	0	_ZTVN2ox3gui7IGUITabE	rtti
0x616180	0	_ZTVN5daisy3gui11CGUIToolBarE	rtti
0x6162f0	26	_ZTSN5daisy3gui11CGUIToolBarE	rtti
0x616310	24	_ZTIN5daisy3gui11CGUIToolBarE	rtti
0x616330	24	_ZTIN2ox3gui11IGUIToolBarE	rtti
0x616350	23	_ZTSN2ox3gui11IGUIToolBarE	rtti
0x616380	0	_ZTVN2ox3gui11IGUIToolBarE	rtti
0x616600	0	_ZTVN5daisy3gui19CGUIDetachableFrameE	rtti
0x616800	0	_ZTVN5daisy3gui10CGUIWindowE	rtti
0x6169c0	34	_ZTSN5daisy3gui19CGUIDetachableFrameE	rtti
0x6169f0	24	_ZTIN5daisy3gui19CGUIDetachableFrameE	rtti
0x616a10	25	_ZTSN5daisy3gui10CGUIWindowE	rtti
0x616a30	24	_ZTIN5daisy3gui10CGUIWindowE	rtti
0x616a50	24	_ZTIN2ox3gui19IGUIDetachableFrameE	rtti
0x616a70	24	_ZTIN2ox3gui10IGUIWindowE	rtti
0x616a90	31	_ZTSN2ox3gui19IGUIDetachableFrameE	rtti
0x616ab0	22	_ZTSN2ox3gui10IGUIWindowE	rtti
0x616ae0	0	_ZTVN2ox3gui19IGUIDetachableFrameE	rtti
0x616ce0	0	_ZTVN2ox3gui10IGUIWindowE	rtti
0x6170c0	0	_ZTVN5daisy3gui12CUnicodeFontE	rtti
0x617110	27	_ZTSN5daisy3gui12CUnicodeFontE	rtti
0x617130	24	_ZTIN5daisy3gui12CUnicodeFontE	rtti
0x617160	0	_ZTVN5daisy5input20CJoystickLinuxDriverE	rtti
0x6171a0	37	_ZTSN5daisy5input20CJoystickLinuxDriverE	rtti
0x6171d0	24	_ZTIN5daisy5input20CJoystickLinuxDriverE	rtti
0x617200	0	_ZTVN5daisy5input19CJoystickNullDriverE	rtti
0x617240	36	_ZTSN5daisy5input19CJoystickNullDriverE	rtti
0x617270	24	_ZTIN5daisy5input19CJoystickNullDriverE	rtti
0x6172c0	0	_ZTVN5daisy2io11CFileSystemE	rtti
0x6173a0	25	_ZTSN5daisy2io11CFileSystemE	rtti
0x6173c0	24	_ZTIN5daisy2io11CFileSystemE	rtti
0x6173e0	24	_ZTIN2ox2io11IFileSystemE	rtti
0x617400	22	_ZTSN2ox2io11IFileSystemE	rtti
0x617420	0	_ZTVN5daisy2io9CFilePathE	rtti
0x617450	24	_ZTIN5daisy2io9CFilePathE	rtti
0x617470	22	_ZTSN5daisy2io9CFilePathE	rtti
0x617490	24	_ZTIN2ox2io9IFilePathE	rtti
0x6174b0	19	_ZTSN2ox2io9IFilePathE	rtti
0x6174e0	0	_ZTVN2ox2io9IFilePathE	rtti
0x617520	0	_ZTVN2ox2io11IFileSystemE	rtti
0x617600	0	_ZTVN5daisy2io15CMemoryReadFileE	rtti
0x617670	29	_ZTSN5daisy2io15CMemoryReadFileE	rtti
0x617690	24	_ZTIN5daisy2io15CMemoryReadFileE	rtti
0x6176c0	0	_ZTVN5daisy2io9CReadFileE	rtti
0x617720	22	_ZTSN5daisy2io9CReadFileE	rtti
0x617740	24	_ZTIN5daisy2io9CReadFileE	rtti
0x617760	24	_ZTIN2ox2io9IReadFileE	rtti
0x617780	19	_ZTSN2ox2io9IReadFileE	rtti
0x6177a0	0	_ZTVN2ox2io9IReadFileE	rtti
0x617800	0	_ZTVN5daisy2io11CTextReaderE	rtti
0x617820	25	_ZTSN5daisy2io11CTextReaderE	rtti
0x617840	24	_ZTIN5daisy2io11CTextReaderE	rtti
0x617860	0	_ZTVN5daisy2io10CWriteFileE	rtti
0x6178b0	24	_ZTSN5daisy2io10CWriteFileE	rtti
0x6178d0	24	_ZTIN5daisy2io10CWriteFileE	rtti
0x6178f0	24	_ZTIN2ox2io10IWriteFileE	rtti
0x617910	21	_ZTSN2ox2io10IWriteFileE	rtti
0x617940	0	_ZTVN2ox2io10IWriteFileE	rtti
0x6179a0	0	_ZTVN5daisy2io10CXMLReaderE	rtti
0x617a20	24	_ZTSN5daisy2io10CXMLReaderE	rtti
0x617a40	24	_ZTIN5daisy2io10CXMLReaderE	rtti
0x617a60	24	_ZTIN2ox2io10IXMLReaderE	rtti
0x617a80	21	_ZTSN2ox2io10IXMLReaderE	rtti
0x617b40	0	_ZTVN2ox2io10IXMLReaderE	rtti
0x617cc0	0	_ZTVN5daisy2io10CXMLWriterE	rtti
0x617d10	24	_ZTSN5daisy2io10CXMLWriterE	rtti
0x617d30	24	_ZTIN5daisy2io10CXMLWriterE	rtti
0x617d50	24	_ZTIN2ox2io10IXMLWriterE	rtti
0x617d70	21	_ZTSN2ox2io10IXMLWriterE	rtti
0x617e00	0	_ZTVN2ox2io10IXMLWriterE	rtti
0x617e60	0	_ZTVN5daisy2io12CZipFileListE	rtti
0x617ea0	26	_ZTSN5daisy2io12CZipFileListE	rtti
0x617ec0	24	_ZTIN5daisy2io12CZipFileListE	rtti
0x617ee0	24	_ZTIN2ox2io9IFileListE	rtti
0x617f00	19	_ZTSN2ox2io9IFileListE	rtti
0x617f20	0	_ZTVN2ox2io9IFileListE	rtti
0x617fe0	0	_ZTVN5daisy2io10CZipReaderE	rtti
0x618010	24	_ZTSN5daisy2io10CZipReaderE	rtti
0x618030	24	_ZTIN5daisy2io10CZipReaderE	rtti
0x618060	0	_ZTVN5daisy3net21CWinsockNetworkDeviceE	rtti
0x6180e0	36	_ZTSN5daisy3net21CWinsockNetworkDeviceE	rtti
0x618110	24	_ZTIN5daisy3net21CWinsockNetworkDeviceE	rtti
0x618130	24	_ZTIN2ox3net14INetworkDeviceE	rtti
0x618150	26	_ZTSN2ox3net14INetworkDeviceE	rtti
0x618180	0	_ZTVN2ox3net14INetworkDeviceE	rtti
0x618380	0	_ZTVN5daisy5scene18C3DSMeshFileLoaderE	rtti
0x6183c0	35	_ZTSN5daisy5scene18C3DSMeshFileLoaderE	rtti
0x6183f0	24	_ZTIN5daisy5scene18C3DSMeshFileLoaderE	rtti
0x618420	0	_ZTVN2ox5scene11SMeshBufferE	rtti
0x6184a0	24	_ZTIN2ox5scene11SMeshBufferE	rtti
0x6184c0	25	_ZTSN2ox5scene11SMeshBufferE	rtti
0x6184e0	24	_ZTIN2ox5scene11IMeshBufferE	rtti
0x618500	25	_ZTSN2ox5scene11IMeshBufferE	rtti
0x618520	0	_ZTVN2ox5scene11IMeshBufferE	rtti
0x6185a0	0	_ZTVN2ox5scene5SMeshE	rtti
0x6185f0	24	_ZTIN2ox5scene5SMeshE	rtti
0x618610	18	_ZTSN2ox5scene5SMeshE	rtti
0x618630	24	_ZTIN2ox5scene5IMeshE	rtti
0x618650	18	_ZTSN2ox5scene5IMeshE	rtti
0x618680	0	_ZTVN2ox5scene5IMeshE	rtti
0x6186e0	0	_ZTVN2ox5scene13SAnimatedMeshE	rtti
0x618720	24	_ZTIN2ox5scene13SAnimatedMeshE	rtti
0x618740	27	_ZTSN2ox5scene13SAnimatedMeshE	rtti
0x618760	24	_ZTIN2ox5scene13IAnimatedMeshE	rtti
0x618780	27	_ZTSN2ox5scene13IAnimatedMeshE	rtti
0x6187a0	0	_ZTVN2ox5scene13IAnimatedMeshE	rtti
0x618840	0	_ZTVN5daisy5scene22CAnimatedMeshSceneNodeE	rtti
0x6189a0	39	_ZTSN5daisy5scene22CAnimatedMeshSceneNodeE	rtti
0x6189d0	24	_ZTIN5daisy5scene22CAnimatedMeshSceneNodeE	rtti
0x6189f0	24	_ZTIN2ox5scene22IAnimatedMeshSceneNodeE	rtti
0x618a20	36	_ZTSN2ox5scene22IAnimatedMeshSceneNodeE	rtti
0x618a60	0	_ZTVN2ox5scene22IAnimatedMeshSceneNodeE	rtti
0x618bc0	0	_ZTVN5daisy5scene19CBillboardSceneNodeE	rtti
0x618d00	36	_ZTSN5daisy5scene19CBillboardSceneNodeE	rtti
0x618d30	24	_ZTIN5daisy5scene19CBillboardSceneNodeE	rtti
0x618d50	24	_ZTIN2ox5scene19IBillboardSceneNodeE	rtti
0x618d80	33	_ZTSN2ox5scene19IBillboardSceneNodeE	rtti
0x618dc0	0	_ZTVN2ox5scene19IBillboardSceneNodeE	rtti
0x618f40	0	_ZTVN5daisy5scene17CBspTreeSceneNodeE	rtti
0x619060	34	_ZTSN5daisy5scene17CBspTreeSceneNodeE	rtti
0x619090	24	_ZTIN5daisy5scene17CBspTreeSceneNodeE	rtti
0x6190b0	24	_ZTIN2ox5scene17IBspTreeSceneNodeE	rtti
0x6190d0	31	_ZTSN2ox5scene17IBspTreeSceneNodeE	rtti
0x619100	0	_ZTVN2ox5scene17IBspTreeSceneNodeE	rtti
0x619220	0	_ZTVN5daisy5scene19CCameraFPSSceneNodeE	rtti
0x619400	36	_ZTSN5daisy5scene19CCameraFPSSceneNodeE	rtti
0x619430	24	_ZTIN5daisy5scene19CCameraFPSSceneNodeE	rtti
0x6194c0	0	_ZTVN5daisy5scene20CCameraMayaSceneNodeE	rtti
0x6196a0	37	_ZTSN5daisy5scene20CCameraMayaSceneNodeE	rtti
0x6196d0	24	_ZTIN5daisy5scene20CCameraMayaSceneNodeE	rtti
0x619700	0	_ZTVN5daisy5scene16CCameraSceneNodeE	rtti
0x6198e0	33	_ZTSN5daisy5scene16CCameraSceneNodeE	rtti
0x619910	24	_ZTIN5daisy5scene16CCameraSceneNodeE	rtti
0x619940	56	_ZTIN2ox5scene16ICameraSceneNodeE	rtti
0x619980	30	_ZTSN2ox5scene16ICameraSceneNodeE	rtti
0x6199a0	0	_ZTVN2ox5scene16ICameraSceneNodeE	rtti
0x619ba0	0	_ZTVN5daisy5scene24CDefaultMeshFormatLoaderE	rtti
0x619be0	41	_ZTSN5daisy5scene24CDefaultMeshFormatLoaderE	rtti
0x619c10	24	_ZTIN5daisy5scene24CDefaultMeshFormatLoaderE	rtti
0x619c40	0	_ZTVN5daisy5scene29CDummyTransformationSceneNodeE	rtti
0x619d60	46	_ZTSN5daisy5scene29CDummyTransformationSceneNodeE	rtti
0x619d90	24	_ZTIN5daisy5scene29CDummyTransformationSceneNodeE	rtti
0x619db0	24	_ZTIN2ox5scene29IDummyTransformationSceneNodeE	rtti
0x619de0	43	_ZTSN2ox5scene29IDummyTransformationSceneNodeE	rtti
0x619e20	0	_ZTVN2ox5scene29IDummyTransformationSceneNodeE	rtti
0x619f40	0	_ZTVN5daisy5scene15CEmptySceneNodeE	rtti
0x61a060	32	_ZTSN5daisy5scene15CEmptySceneNodeE	rtti
0x61a080	24	_ZTIN5daisy5scene15CEmptySceneNodeE	rtti
0x61a0a0	0	_ZTVN5daisy5scene15CLightSceneNodeE	rtti
0x61a1c0	32	_ZTSN5daisy5scene15CLightSceneNodeE	rtti
0x61a1e0	24	_ZTIN5daisy5scene15CLightSceneNodeE	rtti
0x61a200	24	_ZTIN2ox5scene15ILightSceneNodeE	rtti
0x61a220	29	_ZTSN2ox5scene15ILightSceneNodeE	rtti
0x61a240	0	_ZTVN2ox5scene15ILightSceneNodeE	rtti
0x61a360	0	_ZTVN5daisy5scene16CMeshManipulatorE	rtti
0x61a3e0	33	_ZTSN5daisy5scene16CMeshManipulatorE	rtti
0x61a410	24	_ZTIN5daisy5scene16CMeshManipulatorE	rtti
0x61a430	24	_ZTIN2ox5scene16IMeshManipulatorE	rtti
0x61a450	30	_ZTSN2ox5scene16IMeshManipulatorE	rtti
0x61a480	0	_ZTVN2ox5scene19SMeshBufferLightMapE	rtti
0x61a500	24	_ZTIN2ox5scene19SMeshBufferLightMapE	rtti
0x61a520	33	_ZTSN2ox5scene19SMeshBufferLightMapE	rtti
0x61a560	0	_ZTVN2ox5scene16IMeshManipulatorE	rtti
0x61a5e0	0	_ZTVN5daisy5scene14CMeshSceneNodeE	rtti
0x61a700	31	_ZTSN5daisy5scene14CMeshSceneNodeE	rtti
0x61a720	24	_ZTIN5daisy5scene14CMeshSceneNodeE	rtti
0x61a740	0	_ZTVN5daisy5scene21CMetaTriangleSelectorE	rtti
0x61a7a0	38	_ZTSN5daisy5scene21CMetaTriangleSelectorE	rtti
0x61a7d0	24	_ZTIN5daisy5scene21CMetaTriangleSelectorE	rtti
0x61a7f0	24	_ZTIN2ox5scene21IMetaTriangleSelectorE	rtti
0x61a820	35	_ZTSN2ox5scene21IMetaTriangleSelectorE	rtti
0x61a860	0	_ZTVN2ox5scene21IMetaTriangleSelectorE	rtti
0x61a900	0	_ZTVN5daisy5scene17COctTreeSceneNodeE	rtti
0x61aa20	34	_ZTSN5daisy5scene17COctTreeSceneNodeE	rtti
0x61aa50	24	_ZTIN5daisy5scene17COctTreeSceneNodeE	rtti
0x61aac0	0	_ZTVN5daisy5scene24COctTreeTriangleSelectorE	rtti
0x61ab00	41	_ZTSN5daisy5scene24COctTreeTriangleSelectorE	rtti
0x61ab30	24	_ZTIN5daisy5scene24COctTreeTriangleSelectorE	rtti
0x61ab60	0	_ZTVN5daisy5scene24CParticleSystemSceneNodeE	rtti
0x61acc0	41	_ZTSN5daisy5scene24CParticleSystemSceneNodeE	rtti
0x61acf0	24	_ZTIN5daisy5scene24CParticleSystemSceneNodeE	rtti
0x61ad10	24	_ZTIN2ox5scene24IParticleSystemSceneNodeE	rtti
0x61ad40	38	_ZTSN2ox5scene24IParticleSystemSceneNodeE	rtti
0x61ad80	0	_ZTVN2ox5scene24IParticleSystemSceneNodeE	rtti
0x61afe0	0	_ZTVN5daisy5scene12CQ3LevelMeshE	rtti
0x61b020	29	_ZTSN5daisy5scene12CQ3LevelMeshE	rtti
0x61b040	24	_ZTIN5daisy5scene12CQ3LevelMeshE	rtti
0x61b060	24	_ZTIN2ox5scene12IQ3LevelMeshE	rtti
0x61b080	26	_ZTSN2ox5scene12IQ3LevelMeshE	rtti
0x61b0a0	0	_ZTVN2ox5scene12IQ3LevelMeshE	rtti
0x61b0e0	0	_ZTVN5daisy5scene22CSceneCollisionManagerE	rtti
0x61b140	39	_ZTSN5daisy5scene22CSceneCollisionManagerE	rtti
0x61b170	24	_ZTIN5daisy5scene22CSceneCollisionManagerE	rtti
0x61b190	24	_ZTIN2ox5scene22ISceneCollisionManagerE	rtti
0x61b1c0	36	_ZTSN2ox5scene22ISceneCollisionManagerE	rtti
0x61b200	0	_ZTVN2ox5scene22ISceneCollisionManagerE	rtti
0x61b280	0	_ZTVN5daisy5scene22CShadowVolumeSceneNodeE	rtti
0x61b3a0	39	_ZTSN5daisy5scene22CShadowVolumeSceneNodeE	rtti
0x61b3d0	24	_ZTIN5daisy5scene22CShadowVolumeSceneNodeE	rtti
0x61b3f0	24	_ZTIN2ox5scene22IShadowVolumeSceneNodeE	rtti
0x61b420	36	_ZTSN2ox5scene22IShadowVolumeSceneNodeE	rtti
0x61b460	0	_ZTVN2ox5scene22IShadowVolumeSceneNodeE	rtti
0x61b5c0	0	_ZTVN5daisy5scene14CStaticMeshOBJE	rtti
0x61b610	31	_ZTSN5daisy5scene14CStaticMeshOBJE	rtti
0x61b630	24	_ZTIN5daisy5scene14CStaticMeshOBJE	rtti
0x61b7a0	0	_ZTVN5daisy5scene17CXAnimationPlayerE	rtti
0x61b840	34	_ZTSN5daisy5scene17CXAnimationPlayerE	rtti
0x61b870	24	_ZTIN5daisy5scene17CXAnimationPlayerE	rtti
0x61b890	24	_ZTIN2ox5scene14IAnimatedMeshXE	rtti
0x61b8b0	28	_ZTSN2ox5scene14IAnimatedMeshXE	rtti
0x61b8e0	0	_ZTVN2ox5scene14IAnimatedMeshXE	rtti
0x61c920	0	_ZTVN5daisy5scene12CXFileReaderE	rtti
0x61c940	29	_ZTSN5daisy5scene12CXFileReaderE	rtti
0x61c960	24	_ZTIN5daisy5scene12CXFileReaderE	rtti
0x61c9c0	0	_ZTVN5daisy5video15CImageLoaderBmpE	rtti
0x61ca00	32	_ZTSN5daisy5video15CImageLoaderBmpE	rtti
0x61ca20	24	_ZTIN5daisy5video15CImageLoaderBmpE	rtti
0x61ca40	24	_ZTIN2ox5video12IImageLoaderE	rtti
0x61ca60	26	_ZTSN2ox5video12IImageLoaderE	rtti
0x61ca80	0	_ZTVN2ox5video12IImageLoaderE	rtti
0x61cac0	0	_ZTVN5daisy5video15CImageLoaderJPGE	rtti
0x61cb00	32	_ZTSN5daisy5video15CImageLoaderJPGE	rtti
0x61cb20	24	_ZTIN5daisy5video15CImageLoaderJPGE	rtti
0x61cba0	0	_ZTVN5daisy5video15CImageLoaderPCXE	rtti
0x61cbe0	32	_ZTSN5daisy5video15CImageLoaderPCXE	rtti
0x61cc00	24	_ZTIN5daisy5video15CImageLoaderPCXE	rtti
0x61cda0	0	_ZTVN5daisy5video15CImageLoaderPSDE	rtti
0x61cde0	32	_ZTSN5daisy5video15CImageLoaderPSDE	rtti
0x61ce00	24	_ZTIN5daisy5video15CImageLoaderPSDE	rtti
0x61ce60	0	_ZTVN5daisy5video15CImageLoaderTGAE	rtti
0x61cea0	32	_ZTSN5daisy5video15CImageLoaderTGAE	rtti
0x61cec0	24	_ZTIN5daisy5video15CImageLoaderTGAE	rtti
0x61cee0	0	_ZTVN5daisy5video16CParticlePackageE	rtti
0x61cf60	33	_ZTSN5daisy5video16CParticlePackageE	rtti
0x61cf90	24	_ZTIN5daisy5video16CParticlePackageE	rtti
0x61cfb0	24	_ZTIN2ox5video16IParticlePackageE	rtti
0x61cfd0	30	_ZTSN2ox5video16IParticlePackageE	rtti
0x61d000	0	_ZTVN2ox5video16IParticlePackageE	rtti
0x61d0c0	0	_ZTVN5daisy5video14CParticleStateE	rtti
0x61d160	31	_ZTSN5daisy5video14CParticleStateE	rtti
0x61d180	24	_ZTIN5daisy5video14CParticleStateE	rtti
0x61d1a0	24	_ZTIN2ox5video14IParticleStateE	rtti
0x61d1c0	28	_ZTSN2ox5video14IParticleStateE	rtti
0x61d1e0	0	_ZTVN2ox5video14IParticleStateE	rtti
0x61d2a0	0	_ZTVN5daisy5video14CSpritePackageE	rtti
0x61d320	31	_ZTSN5daisy5video14CSpritePackageE	rtti
0x61d340	24	_ZTIN5daisy5video14CSpritePackageE	rtti
0x61d360	24	_ZTIN2ox5video14ISpritePackageE	rtti
0x61d380	28	_ZTSN2ox5video14ISpritePackageE	rtti
0x61d3a0	0	_ZTVN2ox5video14ISpritePackageE	rtti
0x61d540	0	_ZTVN5daisy5video25COpenGLCGMaterialRendererE	rtti
0x61d620	42	_ZTSN5daisy5video25COpenGLCGMaterialRendererE	rtti
0x61d650	24	_ZTIN5daisy5video25COpenGLCGMaterialRendererE	rtti
0x61d760	0	_ZTVN5daisy5video25COpenGLSLMaterialRendererE	rtti
0x61d820	42	_ZTSN5daisy5video25COpenGLSLMaterialRendererE	rtti
0x61d860	56	_ZTIN5daisy5video25COpenGLSLMaterialRendererE	rtti
0x61d920	0	_ZTVN5daisy5video29COpenGLShaderMaterialRendererE	rtti
0x61d960	46	_ZTSN5daisy5video29COpenGLShaderMaterialRendererE	rtti
0x61d990	24	_ZTIN5daisy5video29COpenGLShaderMaterialRendererE	rtti
0x61d9e0	0	_ZTVN5daisy5video14COpenGLTextureE	rtti
0x61da40	31	_ZTSN5daisy5video14COpenGLTextureE	rtti
0x61da60	24	_ZTIN5daisy5video14COpenGLTextureE	rtti
0x61da80	0	_ZTVN5daisy5video7CTRFlatE	rtti
0x61dac0	24	_ZTIN5daisy5video7CTRFlatE	rtti
0x61dae0	23	_ZTSN5daisy5video7CTRFlatE	rtti
0x61db00	0	_ZTVN5daisy5video11CTRFlatWireE	rtti
0x61db40	24	_ZTIN5daisy5video11CTRFlatWireE	rtti
0x61db60	28	_ZTSN5daisy5video11CTRFlatWireE	rtti
0x61db80	0	_ZTVN5daisy5video10CTRGouraudE	rtti
0x61dbc0	24	_ZTIN5daisy5video10CTRGouraudE	rtti
0x61dbe0	27	_ZTSN5daisy5video10CTRGouraudE	rtti
0x61dc00	0	_ZTVN5daisy5video14CTRGouraudWireE	rtti
0x61dc40	24	_ZTIN5daisy5video14CTRGouraudWireE	rtti
0x61dc60	31	_ZTSN5daisy5video14CTRGouraudWireE	rtti
0x61dc80	0	_ZTVN5daisy5video14CTRTextureFlatE	rtti
0x61dcc0	24	_ZTIN5daisy5video14CTRTextureFlatE	rtti
0x61dce0	31	_ZTSN5daisy5video14CTRTextureFlatE	rtti
0x61dd00	0	_ZTVN5daisy5video18CTRTextureFlatWireE	rtti
0x61dd40	24	_ZTIN5daisy5video18CTRTextureFlatWireE	rtti
0x61dd60	35	_ZTSN5daisy5video18CTRTextureFlatWireE	rtti
0x61dda0	0	_ZTVN5daisy5video17CTRTextureGouraudE	rtti
0x61dde0	34	_ZTSN5daisy5video17CTRTextureGouraudE	rtti
0x61de10	24	_ZTIN5daisy5video17CTRTextureGouraudE	rtti
0x61de30	24	_ZTIN5daisy5video20IK3DTriangleRendererE	rtti
0x61de60	37	_ZTSN5daisy5video20IK3DTriangleRendererE	rtti
0x61dea0	0	_ZTVN5daisy5video20IK3DTriangleRendererE	rtti
0x61dee0	0	_ZTVN5daisy5video21CTRTextureGouraudWireE	rtti
0x61df20	24	_ZTIN5daisy5video21CTRTextureGouraudWireE	rtti
0x61df40	38	_ZTSN5daisy5video21CTRTextureGouraudWireE	rtti
0x61df80	0	_ZTVN5daisy5audio12CAudioDriverE	rtti
0x61e150	29	_ZTSN5daisy5audio12CAudioDriverE	rtti
0x61e170	24	_ZTIN5daisy5audio12CAudioDriverE	rtti
0x61e190	24	_ZTIN2ox5audio12IAudioDriverE	rtti
0x61e1b0	26	_ZTSN2ox5audio12IAudioDriverE	rtti
0x61e1e0	0	_ZTVN2ox5audio12IAudioDriverE	rtti
0x61e340	0	_ZTVN5daisy3gui14CGUITextButtonE	rtti
0x61e4c0	0	_ZTVN5daisy3gui10CGUIButtonE	rtti
0x61e660	29	_ZTSN5daisy3gui14CGUITextButtonE	rtti
0x61e680	24	_ZTIN5daisy3gui14CGUITextButtonE	rtti
0x61e6a0	25	_ZTSN5daisy3gui10CGUIButtonE	rtti
0x61e6c0	24	_ZTIN5daisy3gui10CGUIButtonE	rtti
0x61e6e0	24	_ZTIN2ox3gui14IGUITextButtonE	rtti
0x61e700	24	_ZTIN2ox3gui10IGUIButtonE	rtti
0x61e720	26	_ZTSN2ox3gui14IGUITextButtonE	rtti
0x61e740	22	_ZTSN2ox3gui10IGUIButtonE	rtti
0x61e760	0	_ZTVN2ox3gui14IGUITextButtonE	rtti
0x61e8e0	0	_ZTVN2ox3gui10IGUIButtonE	rtti
0x61eac0	0	_ZTVN5daisy3gui12CGUICheckBoxE	rtti
0x61ec50	27	_ZTSN5daisy3gui12CGUICheckBoxE	rtti
0x61ec70	24	_ZTIN5daisy3gui12CGUICheckBoxE	rtti
0x61ec90	24	_ZTIN2ox3gui12IGUICheckBoxE	rtti
0x61ecb0	24	_ZTSN2ox3gui12IGUICheckBoxE	rtti
0x61ece0	0	_ZTVN2ox3gui12IGUICheckBoxE	rtti
0x61eea0	0	_ZTVN5daisy3gui10CClickAreaE	rtti
0x61f030	25	_ZTSN5daisy3gui10CClickAreaE	rtti
0x61f050	24	_ZTIN5daisy3gui10CClickAreaE	rtti
0x61f070	24	_ZTIN2ox3gui13IGUIClickAreaE	rtti
0x61f090	25	_ZTSN2ox3gui13IGUIClickAreaE	rtti
0x61f0c0	0	_ZTVN2ox3gui13IGUIClickAreaE	rtti
0x61f280	0	_ZTVN5daisy3gui12CGUIComboBoxE	rtti
0x61f420	27	_ZTSN5daisy3gui12CGUIComboBoxE	rtti
0x61f440	24	_ZTIN5daisy3gui12CGUIComboBoxE	rtti
0x61f460	24	_ZTIN2ox3gui12IGUIComboBoxE	rtti
0x61f480	24	_ZTSN2ox3gui12IGUIComboBoxE	rtti
0x61f4a0	0	_ZTVN2ox3gui12IGUIComboBoxE	rtti
0x61f640	0	_ZTVN5daisy3gui15CGUIContextMenuE	rtti
0x61f830	30	_ZTSN5daisy3gui15CGUIContextMenuE	rtti
0x61f850	24	_ZTIN5daisy3gui15CGUIContextMenuE	rtti
0x61f870	24	_ZTIN2ox3gui15IGUIContextMenuE	rtti
0x61f890	27	_ZTSN2ox3gui15IGUIContextMenuE	rtti
0x61f8c0	0	_ZTVN2ox3gui15IGUIContextMenuE	rtti
0x61fbe0	0	_ZTVN5daisy3gui11CGUIEditBoxE	rtti
0x61fd90	26	_ZTSN5daisy3gui11CGUIEditBoxE	rtti
0x61fdb0	24	_ZTIN5daisy3gui11CGUIEditBoxE	rtti
0x61fdd0	24	_ZTIN2ox3gui11IGUIEditBoxE	rtti
0x61fdf0	23	_ZTSN2ox3gui11IGUIEditBoxE	rtti
0x61fe20	0	_ZTVN2ox3gui11IGUIEditBoxE	rtti
0x61ffe0	0	_ZTVN5daisy2io9CFileListE	rtti
0x620020	22	_ZTSN5daisy2io9CFileListE	rtti
0x620040	24	_ZTIN5daisy2io9CFileListE	rtti
0x620060	0	_ZTVN5daisy2io14CLimitReadFileE	rtti
0x6200c0	28	_ZTSN5daisy2io14CLimitReadFileE	rtti
0x6200e0	24	_ZTIN5daisy2io14CLimitReadFileE	rtti
0x620180	0	_ZTVN5daisy5scene16CAnimatedMeshMD2E	rtti
0x620320	33	_ZTSN5daisy5scene16CAnimatedMeshMD2E	rtti
0x620360	72	_ZTIN5daisy5scene16CAnimatedMeshMD2E	rtti
0x6203b0	24	_ZTIN2ox5scene16IAnimatedMeshMD2E	rtti
0x6203d0	30	_ZTSN2ox5scene16IAnimatedMeshMD2E	rtti
0x620ba0	0	_ZTVN2ox5scene16IAnimatedMeshMD2E	rtti
0x620ce0	0	_ZTVN5daisy5scene17CAnimatedMeshMS3DE	rtti
0x620e80	34	_ZTSN5daisy5scene17CAnimatedMeshMS3DE	rtti
0x620ec0	72	_ZTIN5daisy5scene17CAnimatedMeshMS3DE	rtti
0x620f10	24	_ZTIN2ox5scene17IAnimatedMeshMS3DE	rtti
0x620f30	31	_ZTSN2ox5scene17IAnimatedMeshMS3DE	rtti
0x620f60	0	_ZTVN2ox5scene17IAnimatedMeshMS3DE	rtti
0x620fc0	0	_ZTVN5daisy5scene8CBspTreeE	rtti
0x620fe0	24	_ZTSN5daisy5scene8CBspTreeE	rtti
0x621000	16	_ZTIN5daisy5scene8CBspTreeE	rtti
0x621020	0	_ZTVN5daisy5scene19CParticleBoxEmitterE	rtti
0x621060	36	_ZTSN5daisy5scene19CParticleBoxEmitterE	rtti
0x621090	24	_ZTIN5daisy5scene19CParticleBoxEmitterE	rtti
0x6210b0	24	_ZTIN2ox5scene16IParticleEmitterE	rtti
0x6210d0	30	_ZTSN2ox5scene16IParticleEmitterE	rtti
0x621100	0	_ZTVN2ox5scene16IParticleEmitterE	rtti
0x621140	0	_ZTVN5daisy5scene24CParticleFadeOutAffectorE	rtti
0x621180	41	_ZTSN5daisy5scene24CParticleFadeOutAffectorE	rtti
0x6211b0	24	_ZTIN5daisy5scene24CParticleFadeOutAffectorE	rtti
0x6211d0	24	_ZTIN2ox5scene17IParticleAffectorE	rtti
0x6211f0	31	_ZTSN2ox5scene17IParticleAffectorE	rtti
0x621220	0	_ZTVN2ox5scene17IParticleAffectorE	rtti
0x621260	0	_ZTVN5daisy5scene24CParticleGravityAffectorE	rtti
0x6212a0	41	_ZTSN5daisy5scene24CParticleGravityAffectorE	rtti
0x6212d0	24	_ZTIN5daisy5scene24CParticleGravityAffectorE	rtti
0x621300	0	_ZTVN5daisy5scene21CParticlePointEmitterE	rtti
0x621340	38	_ZTSN5daisy5scene21CParticlePointEmitterE	rtti
0x621370	24	_ZTIN5daisy5scene21CParticlePointEmitterE	rtti
0x621420	0	_ZTVN5daisy5video19CCGMaterialRendererE	rtti
0x621500	36	_ZTSN5daisy5video19CCGMaterialRendererE	rtti
0x621540	56	_ZTIN5daisy5video19CCGMaterialRendererE	rtti
0x621580	0	_ZTVN5daisy5video21CSpriteAnimationImageE	rtti
0x621620	38	_ZTSN5daisy5video21CSpriteAnimationImageE	rtti
0x621650	24	_ZTIN5daisy5video21CSpriteAnimationImageE	rtti
0x621670	24	_ZTIN2ox5video21ISpriteAnimationImageE	rtti
0x6216a0	35	_ZTSN2ox5video21ISpriteAnimationImageE	rtti
0x6216e0	0	_ZTVN2ox5video21ISpriteAnimationImageE	rtti
0x621780	0	_ZTVN5daisy5video27CSpriteAnimationImageBundleE	rtti
0x621820	44	_ZTSN5daisy5video27CSpriteAnimationImageBundleE	rtti
0x621850	24	_ZTIN5daisy5video27CSpriteAnimationImageBundleE	rtti
0x621880	0	_ZTVN5daisy5video21CSpriteAnimationStateE	rtti
0x621960	38	_ZTSN5daisy5video21CSpriteAnimationStateE	rtti
0x621990	24	_ZTIN5daisy5video21CSpriteAnimationStateE	rtti
0x6219b0	24	_ZTIN2ox5video21ISpriteAnimationStateE	rtti
0x6219e0	35	_ZTSN2ox5video21ISpriteAnimationStateE	rtti
0x621a20	0	_ZTVN2ox5video21ISpriteAnimationStateE	rtti
0x621e20	0	_ZTVN2ox4algo12C3dRegulatorE	rtti
0x621e40	0	_ZTVN2ox4algo10CRegulatorE	rtti
0x621e60	25	_ZTSN2ox4algo12C3dRegulatorE	rtti
0x621e80	16	_ZTIN2ox4algo12C3dRegulatorE	rtti
0x621e90	23	_ZTSN2ox4algo10CRegulatorE	rtti
0x621eb0	16	_ZTIN2ox4algo10CRegulatorE	rtti
0x621ee0	0	_ZTVN2ox4algo12CSimplePressE	rtti
0x621f00	25	_ZTSN2ox4algo12CSimplePressE	rtti
0x621f20	16	_ZTIN2ox4algo12CSimplePressE	rtti
0x621f40	0	_ZTVN2ox4algo12CTimeCounterE	rtti
0x621f60	25	_ZTSN2ox4algo12CTimeCounterE	rtti
0x621f80	16	_ZTIN2ox4algo12CTimeCounterE	rtti
0x622020	0	_ZTVN2ox4core4CAesE	rtti
0x622080	16	_ZTSN2ox4core4CAesE	rtti
0x622090	24	_ZTIN2ox4core4CAesE	rtti
0x6220b0	16	_ZTIN2ox4core7ICipherE	rtti
0x6220c0	19	_ZTSN2ox4core7ICipherE	rtti
0x6222e0	0	_ZTVN2ox4core7ICipherE	rtti
0x622340	0	_ZTVN2ox4core10CCipherKeyE	rtti
0x622360	23	_ZTSN2ox4core10CCipherKeyE	rtti
0x622380	16	_ZTIN2ox4core10CCipherKeyE	rtti
0x6223a0	0	_ZTVN2ox4core16CCriticalSectionE	rtti
0x6223c0	29	_ZTSN2ox4core16CCriticalSectionE	rtti
0x6223e0	16	_ZTIN2ox4core16CCriticalSectionE	rtti
0x622400	0	_ZTVN2ox4core12CHiddenFloatE	rtti
0x622420	25	_ZTSN2ox4core12CHiddenFloatE	rtti
0x622440	16	_ZTIN2ox4core12CHiddenFloatE	rtti
0x622460	0	_ZTVN2ox4core10CHiddenIntE	rtti
0x622480	23	_ZTSN2ox4core10CHiddenIntE	rtti
0x6224a0	16	_ZTIN2ox4core10CHiddenIntE	rtti
0x6224e0	0	_ZTVN2ox4core7CThreadE	rtti
0x622500	19	_ZTSN2ox4core7CThreadE	rtti
0x622520	16	_ZTIN2ox4core7CThreadE	rtti
0x622540	0	_ZTVN2ox6entity9COxEntityE	rtti
0x6225c0	23	_ZTSN2ox6entity9COxEntityE	rtti
0x6225e0	16	_ZTIN2ox6entity9COxEntityE	rtti
0x622600	0	_ZTVN2ox6entity16COxEntityManagerE	rtti
0x622650	31	_ZTSN2ox6entity16COxEntityManagerE	rtti
0x622670	16	_ZTIN2ox6entity16COxEntityManagerE	rtti
0x622680	0	_ZTVN2ox5event20CEventSubscriberListE	rtti
0x6226c0	0	_ZTVN2ox5event14IEventReceiverE	rtti
0x622700	34	_ZTSN2ox5event20CEventSubscriberListE	rtti
0x622730	24	_ZTIN2ox5event20CEventSubscriberListE	rtti
0x622750	28	_ZTSN2ox5event14IEventReceiverE	rtti
0x622770	16	_ZTIN2ox5event14IEventReceiverE	rtti
0x6227c0	0	_ZTVN2ox4game12CConfigBlockE	rtti
0x6227e0	25	_ZTSN2ox4game12CConfigBlockE	rtti
0x622800	16	_ZTIN2ox4game12CConfigBlockE	rtti
0x622860	0	_ZTVN2ox4game14CConfigurationE	rtti
0x622880	27	_ZTSN2ox4game14CConfigurationE	rtti
0x6228a0	16	_ZTIN2ox4game14CConfigurationE	rtti
0x622980	0	_ZTVN2ox4game9CGameMainE	rtti
0x6229d0	21	_ZTSN2ox4game9CGameMainE	rtti
0x6229f0	16	_ZTIN2ox4game9CGameMainE	rtti
0x622a40	0	_ZTVN2ox4game10CGameStateE	rtti
0x622a90	23	_ZTSN2ox4game10CGameStateE	rtti
0x622ab0	24	_ZTIN2ox4game10CGameStateE	rtti
0x622ae0	0	_ZTVN2ox3gui11IGUIElementE	rtti
0x622c40	23	_ZTSN2ox3gui11IGUIElementE	rtti
0x622c60	56	_ZTIN2ox3gui11IGUIElementE	rtti
0x622ca0	0	_ZTVN2ox2io12CMemReadFileE	rtti
0x622d10	23	_ZTSN2ox2io12CMemReadFileE	rtti
0x622d30	24	_ZTIN2ox2io12CMemReadFileE	rtti
0x622d60	0	_ZTVN2ox2io13CMemWriteFileE	rtti
0x622db0	24	_ZTSN2ox2io13CMemWriteFileE	rtti
0x622dd0	24	_ZTIN2ox2io13CMemWriteFileE	rtti
0x622e80	0	_ZTVN2ox3net22CHTTPConnectionHandlerE	rtti
0x622ec0	34	_ZTSN2ox3net22CHTTPConnectionHandlerE	rtti
0x622ef0	24	_ZTIN2ox3net22CHTTPConnectionHandlerE	rtti
0x622f20	0	_ZTVN2ox3net22CVariablePacketBuilderE	rtti
0x622f40	0	_ZTVN2ox3net21CVariablePacketParserE	rtti
0x622f60	34	_ZTSN2ox3net22CVariablePacketBuilderE	rtti
0x622f90	16	_ZTIN2ox3net22CVariablePacketBuilderE	rtti
0x622fa0	33	_ZTSN2ox3net21CVariablePacketParserE	rtti
0x622fd0	16	_ZTIN2ox3net21CVariablePacketParserE	rtti
0x868b28	8	__dso_handle	manual:crtbegin.o data; every static initializer passes it to __cxa_atexit
0x868b30	0	_ZN7harvest16g_scenarioResultE	native-layout:info-dialog-close-resets-scenario-result
0x868b40	240	_ZN7harvest6entity13CAlienLuaInfo7methodsE	manual:Mac-symbol+amd64-alien-instructions-and-data
0x868c40	0	_ZN7harvest6entity16CBuildingLuaInfo7methodsE	reloc:HarvestFull/harvest/game/CLuaManager.cpp:_ZN7harvest4game11CLuaManager18initCommonLuaStuffEv
0x868ce0	288	_ZN7harvest6entity17CCreativeLuaState7methodsE	manual:Mac-method-table+amd64-string-and-function-pointers
0x868e00	0	_ZN7harvest6entity14g_nextEntityIdE	reloc:HarvestFull/harvest/entity/CSparkEntity.cpp:_ZN7harvest6entity12CSparkEntityC1Effii
0x86b4d0	0	_ZN7harvest10g_gameModeE	reloc:HarvestFull/harvest/entity/CBuildingEntity.cpp:_ZN7harvest6entity15CBuildingEntityC1Eiiff
0x86b4d4	0	_ZN7harvest12g_gamePlanetE	native-layout:info-dialog-tutorial-start-planet
0x86b4e0	0	_ZN7harvest18g_loadGameFilenameE	native-layout:main-static-initializer-string
0x86b4f0	0	_ZN7harvest24g_scenarioResultGameModeE	native-layout:scenario-result-mode
0x86b4f4	0	_ZN7harvest22g_scenarioResultPlanetE	native-layout:scenario-result-planet
0x86b520	4	_ZN7harvest6entity12CAlienEntity15m_nextChantTimeE	manual:Mac-symbol+amd64-alien-instructions
0x86b524	4	_ZN7harvest6entity12CAlienEntity18m_currentChantLineE	manual:Mac-symbol+amd64-alien-instructions
0x86b620	0	_ZN7harvest6entity17gp_buildableItemsE	reloc:HarvestFull/harvest/entity/CBuildingEntity.cpp:_ZN7harvest6entity15CBuildingEntity15getBuildingTypeEv
0x86b670	0	_ZN7harvest6entity16gp_entityManagerE	reloc:HarvestFull/harvest/game/CThreatLevel.cpp:_ZN7harvest4game17CThreatLevelLogic10spawnAlienERKN2ox4core5CRectIfEEi
0x86b688	0	_ZN7harvest6entity7CEntity16gp_spritePackageE	reloc:HarvestFull/harvest/entity/CSparkEntity.cpp:_ZN7harvest6entity12CSparkEntityC1Effii
0x86b690	0	_ZN7harvest6entity7CEntity18gp_particlePackageE	reloc:HarvestFull/harvest/entity/CHarvestEntity.cpp:_ZN7harvest6entity15CParticleEntityC2EfffPN2ox4core9CVector3dIfEEPKc
0x86b698	0	_ZN7harvest6entity7CEntity14gp_videoDriverE	reloc:HarvestFull/harvest/entity/CConstructionEntity.cpp:_ZN7harvest6entity19CConstructionEntity9setSpriteEPKcS3_
0x86b6a0	0	_ZN7harvest6entity7CEntity14gp_audioDriverE	reloc:HarvestFull/harvest/entity/CDropshipEntity.cpp:_ZN7harvest6entity15CDropshipEntityD0Ev
0x86b6a8	0	_ZN7harvest6entity7CEntity17gp_alienChantFontE	manual:CShuttleRaceState-secondInit-stores-small-font-after-audio-driver
0x86b6b0	8	_ZN7harvest6entity7CEntity13g_screenSizeFE	manual:Mac-class-static-name+amd64-dropship-engine-sound-position-and-size-access
0x86b6b8	8	_ZN7harvest6entity7CEntity17g_screenCenterPosE	manual:Mac-class-static-name+amd64-dropship-engine-sound-position-and-size-access
0x86b700	1	_ZN7harvest6entity19g_checkPointsInitedE	manual:Mac-global-name+amd64-shuttle-ctor-and-startup-layout
0x86b720	112	_ZN7harvest6entity16g_bestEndTargetsE	manual:Mac-global-name+amd64-shuttle-ctor-and-startup-layout
0x86b7a0	112	_ZN7harvest6entity19g_bestMiddleTargetsE	manual:Mac-global-name+amd64-shuttle-ctor-and-startup-layout
0x86b810	4	_ZN7harvest6entity13g_bestLapTimeE	manual:Mac-global-name+amd64-shuttle-ctor-and-startup-layout
0x86b814	4	_ZN7harvest6entity19g_recentBestLapTimeE	manual:Mac-global-name+amd64-shuttle-ctor-and-startup-layout
0x86b8bc	0	_ZN7harvest6entity28g_useLargeSparkDeathParticleE	native-layout:spark-mover-bss-first-object
0x86b8e0	0	_ZN7harvest4game11CLuaManager25s_availableLuaScriptFilesE	reloc:HarvestFull/harvest/states/CMainMenuState.cpp:_ZN7harvest6states14CMainMenuState24createLuaSelectionWindowEv
0x86b8f8	8	_ZN7harvest4game11gp_luaStateE	manual:Mac-global-name+amd64-Lua-constructors-and-registry-calls
0x86b900	0	_ZN7harvest4game13gp_luaManagerE	reloc:HarvestFull/harvest/entity/CBuildingEntity.cpp:_ZN7harvest6entity15CBuildingEntityC1Eiiff
0x86b920	0	_ZN7harvest4game13gp_statisticsE	reloc:HarvestFull/harvest/entity/CConstructionEntity.cpp:_ZN7harvest6entity19CConstructionEntity11updateLogicEf
0x86b928	8	_ZN7harvest4game14CHighscoreInfo11CurrentInfoE	manual: native static highscore accessors
0x86b950	0	_ZN7harvest4game8gp_worldE	reloc:HarvestFull/harvest/game/CThreatLevel.cpp:_ZN7harvest4game17CThreatLevelLogic10spawnAlienERKN2ox4core5CRectIfEEi
0x86b958	0	_ZN7harvest4game16gp_mineralAmountE	reloc:HarvestFull/harvest/game/CScenario.cpp:_ZN7harvest4game18CMineralsCondition13testConditionEv
0x86b960	0	_ZN7harvest4game23gp_negatedMineralAmountE	reloc:HarvestFull/harvest/game/CLuaManager.cpp:_ZN7harvest4game18harvest_addCreditsEP9lua_State
0x86bae0	360	_ZN7harvest8settings18g_attackPrioritiesE	manual:Mac-symbol-and-amd64-array-initializer
0x86bc60	0	_ZN7harvest8settings17gp_profileManagerE	native-layout:harvest-main-destructor-deletes-profiles
0x86bc80	0	_ZN7harvest8settings15gp_systemConfigE	reloc:HarvestFull/harvest/entity/CSparkProducerEntity.cpp:_ZN7harvest6entity20CSparkProducerEntity13getInfoStringEv
0x86be00	0	_ZN7harvest6states10CPlayState6m_keysE	reloc:HarvestFull/harvest/game/CLuaManager.cpp:_ZN7harvest4game20harvest_isKeyPressedEP9lua_State
0x874258	0	_ZN2ox5event17gp_subscriberListE	reloc:HarvestFull/harvest/entity/CConstructionEntity.cpp:_ZN7harvest6entity19CConstructionEntity11updateLogicEf
